{
    "LLOC": 60,
    "files": [
        {
            "LLOC": 60,
            "spaces": [
                {
                    "name": "fannkuch",
                    "kind": "function",
                    "start_line": 8,
                    "end_line": 48,
                    "SLOC": 41,
                    "PLOC": 38,
                    "LLOC": 59,
                    "CLOC": 10,
                    "BLANK": 0,
                    "CC": {
                        "sum": 15,
                        "average": 15.0
                    },
                    "NOM": {
                        "functions": 1,
                        "closures": 0,
                        "total": 1
                    },
                    "Halstead": {
                        "n1": 25,
                        "n2": 21,
                        "N1": 165,
                        "N2": 147,
                        "Vocabulary": 46,
                        "Length": 312,
                        "Volume": 1723.3513302897882,
                        "Difficulty": 87.5,
                        "Level": 0.011428571428571429,
                        "Effort": 150793.24140035646,
                        "Programming time": 8377.402300019803,
                        "Bugs": 0.9443507504668395,
                        "Estimated program length": 208.33507062272207,
                        "Purity ratio": 0.667740610970263
                    },
                    "Mi": {
                        "Original": 68.63959668557246,
                        "Sei": 59.48262179442385,
                        "Visual Studio": 40.14011502080261
                    }
                }
            ]
        }
    ]
}