{
    "SLOC": 50,
    "PLOC": 39,
    "LLOC": 42,
    "CLOC": 5,
    "BLANK": 6,
    "CC_SUM": 13,
    "CC_AVG": 2.1666666666666665,
    "COGNITIVE_SUM": 9,
    "COGNITIVE_AVG": 1.8,
    "NARGS_SUM": 10,
    "NARGS_AVG": 2.0,
    "NEXITS": 2,
    "NOM": {
        "functions": 5,
        "closures": 0,
        "total": 5
    },
    "HALSTEAD": {
        "n1": 16,
        "n2": 23,
        "N1": 146,
        "N2": 135,
        "Vocabulary": 39,
        "Length": 281,
        "Volume": 1485.1980235002918,
        "Difficulty": 46.95652173913044,
        "Level": 0.021296296296296296,
        "Effort": 69739.73327740502,
        "Programming time": 3874.4296265225007,
        "Bugs": 0.5647621722518612,
        "Estimated program length": 168.0419249893113,
        "Purity ratio": 0.5980139679334922
    },
    "MI": {
        "Original": 66.65804967623784,
        "Sei": 45.316836002428744,
        "Visual Studio": 38.981315600139084
    },
    "files": [
        {
            "filename": "Assets/JavaScript/spectralnorm.js",
            "SLOC": 50,
            "PLOC": 39,
            "LLOC": 42,
            "CLOC": 5,
            "BLANK": 6,
            "CC_SUM": 13,
            "CC_AVG": 2.1666666666666665,
            "COGNITIVE_SUM": 9,
            "COGNITIVE_AVG": 1.8,
            "NARGS_SUM": 10,
            "NARGS_AVG": 2.0,
            "NEXITS": 2,
            "NOM": {
                "functions": 5,
                "closures": 0,
                "total": 5
            },
            "Halstead": {
                "n1": 16,
                "n2": 23,
                "N1": 146,
                "N2": 135,
                "Vocabulary": 39,
                "Length": 281,
                "Volume": 1485.1980235002918,
                "Difficulty": 46.95652173913044,
                "Level": 0.021296296296296296,
                "Effort": 69739.73327740502,
                "Programming time": 3874.4296265225007,
                "Bugs": 0.5647621722518612,
                "Estimated program length": 168.0419249893113,
                "Purity ratio": 0.5980139679334922
            },
            "Mi": {
                "Original": 66.65804967623784,
                "Sei": 45.316836002428744,
                "Visual Studio": 38.981315600139084
            },
            "spaces": [
                {
                    "name": "A",
                    "kind": "function",
                    "start_line": 7,
                    "end_line": 9,
                    "SLOC": 3,
                    "PLOC": 3,
                    "LLOC": 2,
                    "CLOC": 0,
                    "BLANK": 0,
                    "CC": {
                        "sum": 1,
                        "average": 1.0
                    },
                    "COGNITIVE": 0,
                    "NARGS": 2,
                    "NEXITS": 1,
                    "NOM": {
                        "functions": 1,
                        "closures": 0,
                        "total": 1
                    },
                    "Halstead": {
                        "n1": 7,
                        "n2": 5,
                        "N1": 15,
                        "N2": 12,
                        "Vocabulary": 12,
                        "Length": 27,
                        "Volume": 96.79398751947122,
                        "Difficulty": 8.4,
                        "Level": 0.11904761904761904,
                        "Effort": 813.0694951635583,
                        "Programming time": 45.17052750908657,
                        "Bugs": 0.029037809844431293,
                        "Estimated program length": 31.26112492884004,
                        "Purity ratio": 1.1578194418088903
                    },
                    "Mi": {
                        "Original": 129.19503954782977,
                        "Sei": 110.79001073049923,
                        "Visual Studio": 75.5526547063332
                    }
                },
                {
                    "name": "Au",
                    "kind": "function",
                    "start_line": 11,
                    "end_line": 18,
                    "SLOC": 8,
                    "PLOC": 8,
                    "LLOC": 8,
                    "CLOC": 0,
                    "BLANK": 0,
                    "CC": {
                        "sum": 3,
                        "average": 3.0
                    },
                    "COGNITIVE": 3,
                    "NARGS": 2,
                    "NEXITS": 0,
                    "NOM": {
                        "functions": 1,
                        "closures": 0,
                        "total": 1
                    },
                    "Halstead": {
                        "n1": 12,
                        "n2": 8,
                        "N1": 27,
                        "N2": 24,
                        "Vocabulary": 20,
                        "Length": 51,
                        "Volume": 220.4183328392555,
                        "Difficulty": 18.0,
                        "Level": 0.05555555555555555,
                        "Effort": 3967.529991106599,
                        "Programming time": 220.4183328392555,
                        "Bugs": 0.08353956781870119,
                        "Estimated program length": 67.01955000865388,
                        "Purity ratio": 1.3141088236990957
                    },
                    "Mi": {
                        "Original": 108.5663053056978,
                        "Sei": 81.23267785836799,
                        "Visual Studio": 63.48906743023262
                    }
                },
                {
                    "name": "Atu",
                    "kind": "function",
                    "start_line": 20,
                    "end_line": 27,
                    "SLOC": 8,
                    "PLOC": 8,
                    "LLOC": 8,
                    "CLOC": 0,
                    "BLANK": 0,
                    "CC": {
                        "sum": 3,
                        "average": 3.0
                    },
                    "COGNITIVE": 3,
                    "NARGS": 2,
                    "NEXITS": 0,
                    "NOM": {
                        "functions": 1,
                        "closures": 0,
                        "total": 1
                    },
                    "Halstead": {
                        "n1": 12,
                        "n2": 8,
                        "N1": 27,
                        "N2": 24,
                        "Vocabulary": 20,
                        "Length": 51,
                        "Volume": 220.4183328392555,
                        "Difficulty": 18.0,
                        "Level": 0.05555555555555555,
                        "Effort": 3967.529991106599,
                        "Programming time": 220.4183328392555,
                        "Bugs": 0.08353956781870119,
                        "Estimated program length": 67.01955000865388,
                        "Purity ratio": 1.3141088236990957
                    },
                    "Mi": {
                        "Original": 108.5663053056978,
                        "Sei": 81.23267785836799,
                        "Visual Studio": 63.48906743023262
                    }
                },
                {
                    "name": "AtAu",
                    "kind": "function",
                    "start_line": 29,
                    "end_line": 32,
                    "SLOC": 4,
                    "PLOC": 4,
                    "LLOC": 3,
                    "CLOC": 0,
                    "BLANK": 0,
                    "CC": {
                        "sum": 1,
                        "average": 1.0
                    },
                    "COGNITIVE": 0,
                    "NARGS": 3,
                    "NEXITS": 0,
                    "NOM": {
                        "functions": 1,
                        "closures": 0,