{
    "LLOC": 79,
    "files": [
        {
            "LLOC": 79,
            "spaces": [
                {
                    "name": "Body",
                    "kind": "function",
                    "start_line": 9,
                    "end_line": 17,
                    "SLOC": 9,
                    "PLOC": 9,
                    "LLOC": 8,
                    "CLOC": 0,
                    "BLANK": 0,
                    "CC": {
                        "sum": 1,
                        "average": 1.0
                    },
                    "NOM": {
                        "functions": 1,
                        "closures": 0,
                        "total": 1
                    },
                    "Halstead": {
                        "n1": 5,
                        "n2": 9,
                        "N1": 22,
                        "N2": 22,
                        "Vocabulary": 14,
                        "Length": 44,
                        "Volume": 167.52361657053459,
                        "Difficulty": 6.111111111111111,
                        "Level": 0.16363636363636364,
                        "Effort": 1023.7554345977113,
                        "Programming time": 56.875301922095076,
                        "Bugs": 0.033859163569322136,
                        "Estimated program length": 40.13896548741762,
                        "Purity ratio": 0.9122492156231278
                    },
                    "Mi": {
                        "Original": 108.54511530111135,
                        "Sei": 80.9984674250258,
                        "Visual Studio": 63.476675614685
                    }
                },
                {
                    "name": "<anonymous>",
                    "kind": "function",
                    "start_line": 19,
                    "end_line": 24,
                    "SLOC": 6,
                    "PLOC": 6,
                    "LLOC": 5,
                    "CLOC": 0,
                    "BLANK": 0,
                    "CC": {
                        "sum": 1,
                        "average": 1.0
                    },
                    "NOM": {
                        "functions": 1,
                        "closures": 0,
                        "total": 1
                    },
                    "Halstead": {
                        "n1": 8,
                        "n2": 5,
                        "N1": 17,
                        "N2": 13,
                        "Vocabulary": 13,
                        "Length": 30,
                        "Volume": 111.01319154423277,
                        "Difficulty": 10.4,
                        "Level": 0.09615384615384615,
                        "Effort": 1154.5371920600207,
                        "Programming time": 64.1409551144456,
                        "Bugs": 0.036684620480674494,
                        "Estimated program length": 35.60964047443681,
                        "Purity ratio": 1.1869880158145603
                    },
                    "Mi": {
                        "Original": 117.25332160614747,
                        "Sei": 93.56175347633945,
                        "Visual Studio": 68.56919392172367
                    }
                },
                {
                    "name": "Jupiter",
                    "kind": "function",
                    "start_line": 26,
                    "end_line": 36,
                    "SLOC": 11,
                    "PLOC": 11,
                    "LLOC": 2,
                    "CLOC": 0,
                    "BLANK": 0,
                    "CC": {
                        "sum": 1,
                        "average": 1.0
                    },
                    "NOM": {
                        "functions": 1,
                        "closures": 0,
                        "total": 1
                    },
                    "Halstead": {
                        "n1": 7,
                        "n2": 11,
                        "N1": 18,
                        "N2": 13,
                        "Vocabulary": 18,
                        "Length": 31,
                        "Volume": 129.26767504471167,
                        "Difficulty": 4.136363636363637,
                        "Level": 0.24175824175824173,
                        "Effort": 534.6981104122165,
                        "Programming time": 29.70545057845647,
                        "Bugs": 0.021959267281144532,
                        "Estimated program length": 57.70523225941349,
                        "Purity ratio": 1.8614591051423708
                    },
                    "Mi": {
                        "Original": 106.64229325535027,
                        "Sei": 78.25327549591212,
                        "Visual Studio": 62.363914184415364
                    }
                },
                {
                    "name": "Saturn",
                    "kind": "function",
                    "start_line": 38,
                    "end_line": 48,
                    "SLOC": 11,
                    "PLOC": 11,
                    "LLOC": 2,
                    "CLOC": 0,
                    "BLANK": 0,
                    "CC": {
                        "sum": 1,
                        "average": 1.0
                    },
                    "NOM": {
                        "functions": 1,
                        "closures": 0,
                        "total": 1
                    },
                    "Halstead": {
                        "n1": 7,
                        "n2": 11,
                        "N1": 17,
                        "N2": 13,
                        "Vocabulary": 18,
                        "Length": 30,
                        "Volume": 125.09775004326937,
                        "Difficulty": 4.136363636363637,
                        "Level": 0.24175824175824173,
                        "Effort": 517.449784269887,
                        "Programming time": 28.747210237215945,
                        "Bugs": 0.02148444893631736,
                        "Estimated program length": 57.70523225941349,
                        "Purity ratio": 1.9235077419804498
                    },
                    "Mi": {
                        "Original": 106.81280033402982,
                        "Sei": 78.49926521275957,
                        "Visual Studio": 62.46362592633323
                    }
                },
                {
                    "name": "Uranus",
                    "kind": "function",
                    "start_line": 50,
                    "end_line": 60,
                    "SLOC": 11,
                    "PLOC": 11,
                    "LLOC": 2,
                    "CLOC": 0,
                    "BLANK": 0,
                    "CC": {
                        "sum": 1,
                        "average": 1.0
                    },
                    "NOM": {
                        "functions": 1,
                        "closures": 0,
                        "total": 1
                    },
                    "Halstead": {
                        "n1": 7,
                        "n2": 11,
                        "N1": 18,
                        "N2": 13,
                        "Vocabulary": 18,
                        "Length": 31,
                        "Volume": 129.26767504471167,
                        "Difficulty": 4.136363636363637,
                        "Level": 0.24175824175824173,
                        "Effort": 534.6981104122165,
                        "Programming time": 29.70545057845647,
                        "Bugs": 0.021959267281144532,
                        "Estimated program length": 57.70523225941349,
                        "Purity ratio": 1.8614591051423708
                    },
                    "Mi": {
                        "Original": 106.64229325535027,
                        "Sei": 78.25327549591212,