{
    "SLOC": 201,
    "PLOC": 140,
    "LLOC": 60,
    "CLOC": 22,
    "BLANK": 39,
    "CC": 39,
    "NARGS_SUM": 17,
    "NARGS_AVG": 2.4285714285714284,
    "NEXITS": 5,
    "NOM": {
        "functions": 7,
        "closures": 0,
        "total": 7
    },
    "HALSTEAD": {
        "n1": 33,
        "n2": 78,
        "N1": 500,
        "N2": 395,
        "Vocabulary": 111,
        "Length": 895,
        "Volume": 6081.002200383345,
        "Difficulty": 83.5576923076923,
        "Level": 0.011967779056386652,
        "Effort": 508114.5107820314,
        "Programming time": 28228.583932335077,
        "Bugs": 2.122526610378524,
        "Estimated program length": 656.7263790100843,
        "Purity ratio": 0.7337724905140607
    },
    "MI": {
        "Original": 30.8092515452214,
        "Sei": -2.7623552082978513,
        "Visual Studio": 18.01710616679614
    },
    "files": [
        {
            "filename": "Assets/C/mandelbrot.c",
            "SLOC": 201,
            "PLOC": 140,
            "LLOC": 60,
            "CLOC": 22,
            "BLANK": 39,
            "CC": 39,
            "COGNITIVE": 33,
            "NARGS_SUM": 17,
            "NARGS_AVG": 2.4285714285714284,
            "NEXITS": 5,
            "NOM": {
                "functions": 7,
                "closures": 0,
                "total": 7
            },
            "Halstead": {
                "n1": 33,
                "n2": 78,
                "N1": 500,
                "N2": 395,
                "Vocabulary": 111,
                "Length": 895,
                "Volume": 6081.002200383345,
                "Difficulty": 83.5576923076923,
                "Level": 0.011967779056386652,
                "Effort": 508114.5107820314,
                "Programming time": 28228.583932335077,
                "Bugs": 2.122526610378524,
                "Estimated program length": 656.7263790100843,
                "Purity ratio": 0.7337724905140607
            },
            "Mi": {
                "Original": 30.8092515452214,
                "Sei": -2.7623552082978513,
                "Visual Studio": 18.01710616679614
            },
            "spaces": [
                {
                    "name": "numDigits",
                    "kind": "function",
                    "start_line": 22,
                    "end_line": 31,
                    "SLOC": 10,
                    "PLOC": 10,
                    "LLOC": 4,
                    "CLOC": 0,
                    "BLANK": 0,
                    "CC": 2,
                    "COGNITIVE": 1,
                    "NARGS": 1,
                    "NEXITS": 1,
                    "NOM": {
                        "functions": 1,
                        "closures": 0,
                        "total": 1
                    },
                    "Halstead": {
                        "n1": 8,
                        "n2": 5,
                        "N1": 14,
                        "N2": 10,
                        "Vocabulary": 13,
                        "Length": 24,
                        "Volume": 88.81055323538621,
                        "Difficulty": 8.0,
                        "Level": 0.125,
                        "Effort": 710.4844258830897,
                        "Programming time": 39.47135699350498,
                        "Bugs": 0.026540867889871155,
                        "Estimated program length": 35.60964047443681,
                        "Purity ratio": 1.4837350197682004
                    },
                    "Mi": {
                        "Original": 109.90829296797229,
                        "Sei": 83.06693694426117,
                        "Visual Studio": 64.27385553682589
                    }
                },
                {
                    "name": "vec_nle",
                    "kind": "function",
                    "start_line": 33,
                    "end_line": 43,
                    "SLOC": 11,
                    "PLOC": 11,
                    "LLOC": 1,
                    "CLOC": 0,
                    "BLANK": 0,
                    "CC": 9,
                    "COGNITIVE": 1,
                    "NARGS": 2,
                    "NEXITS": 1,
                    "NOM": {
                        "functions": 1,
                        "closures": 0,
                        "total": 1
                    },
                    "Halstead": {
                        "n1": 12,
                        "n2": 9,
                        "N1": 41,
                        "N2": 38,
                        "Vocabulary": 21,
                        "Length": 79,
                        "Volume": 346.99307639952207,
                        "Difficulty": 25.333333333333332,
                        "Level": 0.03947368421052632,
                        "Effort": 8790.491268787891,
                        "Programming time": 488.36062604377173,
                        "Bugs": 0.14197793105486328,
                        "Estimated program length": 71.54887502163469,
                        "Purity ratio": 0.9056819622991732
                    },
                    "Mi": {
                        "Original": 99.6677114802213,
                        "Sei": 69.0056398318947,
                        "Visual Studio": 58.285211391942276
                    }
                },
                {
                    "name": "clrPixels_nle",
                    "kind": "function",
                    "start_line": 45,
                    "end_line": 55,
                    "SLOC": 11,
                    "PLOC": 11,
                    "LLOC": 16,
                    "CLOC": 0,
                    "BLANK": 0,
                    "CC": 9,
                    "COGNITIVE": 8,
                    "NARGS": 3,
                    "NEXITS": 0,
                    "NOM": {
                        "functions": 1,
                        "closures": 0,
                        "total": 1
                    },
                    "Halstead": {
                        "n1": 11,
                        "n2": 17,
                        "N1": 88,
                        "N2": 53,
                        "Vocabulary": 28,
                        "Length": 141,
                        "Volume": 677.8370440101221,
                        "Difficulty": 17.147058823529413,
                        "Level": 0.05831903945111492,
                        "Effort": 11622.91166640886,
                        "Programming time": 645.7173148004922,
                        "Bugs": 0.17103646165247982,
                        "Estimated program length": 107.54061610626604,
                        "Purity ratio": 0.762699405008979
                    },
                    "Mi": {
                        "Original": 96.18578064354696,
                        "Sei": 63.9822754811063,
                        "Visual Studio": 56.24899452839004
                    }
                },
                {
                    "name": "calcSum",
                    "kind": "function",
                    "start_line": 57,
                    "end_line": 70,
                    "SLOC": 14,
                    "PLOC": 12,
                    "LLOC": 4,
                    "CLOC": 0,
                    "BLANK": 2,
                    "CC": 2,
                    "COGNITIVE": 1,
                    "NARGS": 5,
                    "NEXITS": 0,
                    "NOM": {
                        "functions": 1,
                        "closures": 0,
                        "total": 1
                    },
                    "Halstead": {
                        "n1": 13,
                        "n2": 13,
                        "N1": 49,
                        "N2": 49,
                        "Vocabulary": 26,
                        "Length": 98,
                        "Volume": 460.643092377827,
                        "Difficulty": 24.5,
                        "Level": 0.04081632653061224,