{
    "SLOC": 344,
    "PLOC": 255,
    "LLOC": 90,
    "CLOC": 49,
    "BLANK": 40,
    "CC": 35,
    "NARGS_SUM": 15,
    "NARGS_AVG": 1.875,
    "NEXITS": 4,
    "NOM": {
        "functions": 8,
        "closures": 0,
        "total": 8
    },
    "HALSTEAD": {
        "n1": 31,
        "n2": 115,
        "N1": 570,
        "N2": 415,
        "Vocabulary": 146,
        "Length": 985,
        "Volume": 7081.9771904968175,
        "Difficulty": 55.93478260869565,
        "Level": 0.017877963466770307,
        "Effort": 396128.8545901807,
        "Programming time": 22007.158588343373,
        "Bugs": 1.7979173803681505,
        "Estimated program length": 940.8114414805963,
        "Purity ratio": 0.9551385192696409
    },
    "MI": {
        "Original": 22.23200140869568,
        "Sei": -12.466182327989948,
        "Visual Studio": 13.001170414441917
    },
    "files": [
        {
            "filename": "Assets/C/fasta.c",
            "SLOC": 344,
            "PLOC": 255,
            "LLOC": 90,
            "CLOC": 49,
            "BLANK": 40,
            "CC": 35,
            "COGNITIVE": 42,
            "NARGS_SUM": 15,
            "NARGS_AVG": 1.875,
            "NEXITS": 4,
            "NOM": {
                "functions": 8,
                "closures": 0,
                "total": 8
            },
            "Halstead": {
                "n1": 31,
                "n2": 115,
                "N1": 570,
                "N2": 415,
                "Vocabulary": 146,
                "Length": 985,
                "Volume": 7081.9771904968175,
                "Difficulty": 55.93478260869565,
                "Level": 0.017877963466770307,
                "Effort": 396128.8545901807,
                "Programming time": 22007.158588343373,
                "Bugs": 1.7979173803681505,
                "Estimated program length": 940.8114414805963,
                "Purity ratio": 0.9551385192696409
            },
            "Mi": {
                "Original": 22.23200140869568,
                "Sei": -12.466182327989948,
                "Visual Studio": 13.001170414441917
            },
            "spaces": [
                {
                    "name": null,
                    "kind": "struct",
                    "start_line": 36,
                    "end_line": 40,
                    "SLOC": 5,
                    "PLOC": 5,
                    "LLOC": 0,
                    "CLOC": 0,
                    "BLANK": 0,
                    "CC": 1,
                    "COGNITIVE": 0,
                    "NARGS": 0,
                    "NEXITS": 0,
                    "NOM": {
                        "functions": 0,
                        "closures": 0,
                        "total": 0
                    },
                    "Halstead": {
                        "n1": 3,
                        "n2": 2,
                        "N1": 5,
                        "N2": 2,
                        "Vocabulary": 5,
                        "Length": 7,
                        "Volume": 16.253496664211536,
                        "Difficulty": 1.5,
                        "Level": 0.6666666666666666,
                        "Effort": 24.380244996317302,
                        "Programming time": 1.3544580553509613,
                        "Bugs": 0.002802662411680566,
                        "Estimated program length": 6.754887502163468,
                        "Purity ratio": 0.9649839288804954
                    },
                    "Mi": {
                        "Original": 130.19790388075432,
                        "Sei": 112.2368381302939,
                        "Visual Studio": 76.13912507646452
                    }
                },
                {
                    "name": "make_Sequence_Buffer",
                    "kind": "function",
                    "start_line": 46,
                    "end_line": 103,
                    "SLOC": 58,
                    "PLOC": 38,
                    "LLOC": 18,
                    "CLOC": 14,
                    "BLANK": 6,
                    "CC": 6,
                    "COGNITIVE": 7,
                    "NARGS": 0,
                    "NEXITS": 1,
                    "NOM": {
                        "functions": 1,
                        "closures": 0,
                        "total": 1
                    },
                    "Halstead": {
                        "n1": 19,
                        "n2": 22,
                        "N1": 101,
                        "N2": 83,
                        "Vocabulary": 41,
                        "Length": 184,
                        "Volume": 985.7895688497274,
                        "Difficulty": 35.84090909090909,
                        "Level": 0.027901077996195307,
                        "Effort": 35331.59431990955,
                        "Programming time": 1962.866351106086,
                        "Bugs": 0.35891166099909605,
                        "Estimated program length": 178.81811836544864,
                        "Purity ratio": 0.9718375998122208
                    },
                    "Mi": {
                        "Original": 67.99492008254094,
                        "Sei": 57.49280174881665,
                        "Visual Studio": 39.763111159380664
                    }
                },
                {
                    "name": "repeat_And_Wrap_String",
                    "kind": "function",
                    "start_line": 105,
                    "end_line": 121,
                    "SLOC": 17,
                    "PLOC": 15,
                    "LLOC": 7,
                    "CLOC": 2,
                    "BLANK": 0,
                    "CC": 3,
                    "COGNITIVE": 2,
                    "NARGS": 2,
                    "NEXITS": 0,
                    "NOM": {
                        "functions": 1,
                        "closures": 0,
                        "total": 1
                    },
                    "Halstead": {
                        "n1": 14,
                        "n2": 17,
                        "N1": 42,
                        "N2": 37,
                        "Vocabulary": 31,
                        "Length": 79,
                        "Volume": 391.3815085205631,
                        "Difficulty": 15.235294117647058,
                        "Level": 0.06563706563706564,
                        "Effort": 5962.812394519167,
                        "Programming time": 331.2673552510648,
                        "Bugs": 0.10960898992594403,
                        "Estimated program length": 122.78983721006222,
                        "Purity ratio": 1.5543017368362306
                    },
                    "Mi": {
                        "Original": 93.3695932174532,
                        "Sei": 84.64415623001813,
                        "Visual Studio": 54.60210129675626
                    }
                },
                {
                    "name": "rng_init",
                    "kind": "function",
                    "start_line": 146,
                    "end_line": 150,
                    "SLOC": 5,
                    "PLOC": 5,
                    "LLOC": 2,
                    "CLOC": 0,
                    "BLANK": 0,
                    "CC": 1,
                    "COGNITIVE": 0,
                    "NARGS": 1,
                    "NEXITS": 0,
                    "NOM": {
                        "functions": 1,
                        "closures": 0,
                        "total": 1
                    },
                    "Halstead": {
                        "n1": 5,
                        "n2": 4,
                        "N1": 8,
                        "N2": 4,
                        "Vocabulary": 9,
                        "Length": 12,
                        "Volume": 38.039100017307746,
                        "Difficulty": 2.5,
                        "Level": 0.4,
                        "Effort": 95.09775004326937,