{
    "LLOC": 37,
    "files": [
        {
            "LLOC": 37,
            "spaces": [
                {
                    "name": "process_Sequence",
                    "kind": "function",
                    "start_line": 28,
                    "end_line": 65,
                    "SLOC": 38,
                    "PLOC": 23,
                    "LLOC": 18,
                    "CLOC": 10,
                    "BLANK": 5,
                    "CC": {
                        "sum": 10,
                        "average": 10.0
                    },
                    "NOM": {
                        "functions": 1,
                        "closures": 0,
                        "total": 1
                    },
                    "Halstead": {
                        "n1": 17,
                        "n2": 15,
                        "N1": 88,
                        "N2": 47,
                        "Vocabulary": 32,
                        "Length": 135,
                        "Volume": 675.0,
                        "Difficulty": 26.633333333333333,
                        "Level": 0.03754693366708386,
                        "Effort": 17977.5,
                        "Programming time": 998.75,
                        "Bugs": 0.22875202303445397,
                        "Estimated program length": 128.09022723538357,
                        "Purity ratio": 0.9488164980398782
                    },
                    "Mi": {
                        "Original": 75.89459821989539,
                        "Sei": 70.49346142928425,
                        "Visual Studio": 44.38280597654701
                    }
                },
                {
                    "name": "main",
                    "kind": "function",
                    "start_line": 68,
                    "end_line": 151,
                    "SLOC": 84,
                    "PLOC": 45,
                    "LLOC": 19,
                    "CLOC": 22,
                    "BLANK": 17,
                    "CC": {
                        "sum": 6,
                        "average": 6.0
                    },
                    "NOM": {
                        "functions": 1,
                        "closures": 0,
                        "total": 1
                    },
                    "Halstead": {
                        "n1": 19,
                        "n2": 22,
                        "N1": 102,
                        "N2": 75,
                        "Vocabulary": 41,
                        "Length": 177,
                        "Volume": 948.2867048174008,
                        "Difficulty": 32.38636363636363,
                        "Level": 0.030877192982456142,
                        "Effort": 30711.558053745364,
                        "Programming time": 1706.1976696525203,
                        "Bugs": 0.3268987889382048,
                        "Estimated program length": 178.81811836544864,
                        "Purity ratio": 1.0102718551720262
                    },
                    "Mi": {
                        "Original": 62.19655204231407,
                        "Sei": 50.257663117259796,
                        "Visual Studio": 36.372252656324015
                    }
                }
            ]
        }
    ]
}