{
    "LLOC": 41,
    "files": [
        {
            "LLOC": 41,
            "spaces": [
                {
                    "name": "main",
                    "kind": "function",
                    "start_line": 26,
                    "end_line": 173,
                    "SLOC": 148,
                    "PLOC": 81,
                    "LLOC": 41,
                    "CLOC": 39,
                    "BLANK": 28,
                    "CC": {
                        "sum": 21,
                        "average": 21.0
                    },
                    "NOM": {
                        "functions": 1,
                        "closures": 0,
                        "total": 1
                    },
                    "Halstead": {
                        "n1": 30,
                        "n2": 33,
                        "N1": 283,
                        "N2": 238,
                        "Vocabulary": 63,
                        "Length": 521,
                        "Volume": 3114.162840143457,
                        "Difficulty": 108.18181818181819,
                        "Level": 0.009243697478991597,
                        "Effort": 336895.798160974,
                        "Programming time": 18716.43323116522,
                        "Bugs": 1.6138969773683238,
                        "Estimated program length": 313.6717238070845,
                        "Purity ratio": 0.6020570514531373
                    },
                    "Mi": {
                        "Original": 43.38783981651416,
                        "Sei": 24.734936310279224,
                        "Visual Studio": 25.373005740651557
                    }
                }
            ]
        }
    ]
}