{
    "SLOC": {
        "__old": 75,
        "__new": 58
    },
    "PLOC": {
        "__old": 56,
        "__new": 41
    },
    "LLOC": {
        "__old": 74,
        "__new": 24
    },
    "BLANK": {
        "__old": 12,
        "__new": 10
    },
    "CC_SUM": {
        "__old": 12,
        "__new": 9
    },
    "CC_AVG": {
        "__old": 1.5,
        "__new": 1.8
    },
    "COGNITIVE_SUM": {
        "__old": 5,
        "__new": 7
    },
    "COGNITIVE_AVG": {
        "__old": 0.7142857142857143,
        "__new": 2.3333333333333335
    },
    "NARGS_SUM": {
        "__old": 14,
        "__new": 3
    },
    "NARGS_AVG": {
        "__old": 2,
        "__new": 1
    },
    "NEXITS": {
        "__old": 3,
        "__new": 4
    },
    "NOM": {
        "functions": {
            "__old": 4,
            "__new": 3
        },
        "closures": {
            "__old": 3,
            "__new": 0
        },
        "total": {
            "__old": 7,
            "__new": 3
        }
    },
    "HALSTEAD": {
        "n1": {
            "__old": 22,
            "__new": 21
        },
        "n2": {
            "__old": 43,
            "__new": 26
        },
        "N1": {
            "__old": 193,
            "__new": 115
        },
        "N2": {
            "__old": 140,
            "__new": 77
        },
        "Vocabulary": {
            "__old": 65,
            "__new": 47
        },
        "Length": {
            "__old": 333,
            "__new": 192
        },
        "Volume": {
            "__old": 2005.4484817384753,
            "__new": 1066.4810595221065
        },
        "Difficulty": {
            "__old": 35.81395348837209,
            "__new": 31.096153846153847
        },
        "Level": {
            "__old": 0.02792207792207792,
            "__new": 0.032158317872603585
        },
        "Effort": {
            "__old": 71823.03864830818,
            "__new": 33163.459100908585
        },
        "Programming time": {
            "__old": 3990.168813794899,
            "__new": 1842.4143944949215
        },
        "Bugs": {
            "__old": 0.5759541722145377,
            "__new": 0.3440740826917404
        },
        "Estimated program length": {
            "__old": 331.4368800622107,
            "__new": 214.45009855002235
        },
        "Purity ratio": {
            "__old": 0.9953059461327649,
            "__new": 1.1169275966146996
        }
    },
    "MI": {
        "Original": {
            "__old": 58.75785297946959,
            "__new": 66.89580038208805
        },
        "Sei": {
            "__old": 33.08134287773029,
            "__new": 47.35516817393005
        },
        "Visual Studio": {
            "__old": 34.36131753185356,
            "__new": 39.12035110063629
        }
    },
    "files": [
        [
            "~",
            {
                "filename": {
                    "__old": "Assets/Rust/binarytrees.rs",
                    "__new": "Assets/TypeScript/binarytrees.ts"
                },
                "SLOC": {
                    "__old": 75,
                    "__new": 58
                },
                "PLOC": {
                    "__old": 56,
                    "__new": 41
                },
                "LLOC": {
                    "__old": 74,
                    "__new": 24
                },
                "BLANK": {
                    "__old": 12,
                    "__new": 10
                },
                "CC_SUM": {
                    "__old": 12,
                    "__new": 9
                },
                "CC_AVG": {
                    "__old": 1.5,
                    "__new": 1.8
                },
                "COGNITIVE_SUM": {
                    "__old": 5,
                    "__new": 7
                },
                "COGNITIVE_AVG": {
                    "__old": 0.7142857142857143,
                    "__new": 2.3333333333333335
                },
                "NARGS_SUM": {
                    "__old": 14,
                    "__new": 3
                },
                "NARGS_AVG": {
                    "__old": 2,
                    "__new": 1
                },
                "NEXITS": {
                    "__old": 3,
                    "__new": 4
                },
                "NOM": {
                    "functions": {
                        "__old": 4,
                        "__new": 3
                    },
                    "closures": {
                        "__old": 3,
                        "__new": 0
                    },
                    "total": {
                        "__old": 7,
                        "__new": 3
                    }
                },
                "Halstead": {
                    "n1": {
                        "__old": 22,
                        "__new": 21
                    },
                    "n2": {
                        "__old": 43,
                        "__new": 26
                    },
                    "N1": {
                        "__old": 193,
                        "__new": 115
                    },
                    "N2": {
                        "__old": 140,
                        "__new": 77
                    },
                    "Vocabulary": {
                        "__old": 65,
                        "__new": 47
                    },
                    "Length": {
                        "__old": 333,
                        "__new": 192
                    },
                    "Volume": {
                        "__old": 2005.4484817384753,
                        "__new": 1066.4810595221065
                    },
                    "Difficulty": {
                        "__old": 35.81395348837209,
                        "__new": 31.096153846153847
                    },
                    "Level": {
                        "__old": 0.02792207792207792,
                        "__new": 0.032158317872603585
                    },
                    "Effort": {
                        "__old": 71823.03864830818,
                        "__new": 33163.459100908585
                    },
                    "Programming time": {
                        "__old": 3990.168813794899,
                        "__new": 1842.4143944949215
                    },
                    "Bugs": {
                        "__old": 0.5759541722145377,
                        "__new": 0.3440740826917404
                    },
                    "Estimated program length": {
                        "__old": 331.4368800622107,
                        "__new": 214.45009855002235
                    },
                    "Purity ratio": {
                        "__old": 0.9953059461327649,
                        "__new": 1.1169275966146996
                    }
                },
                "Mi": {
                    "Original": {
                        "__old": 58.75785297946959,
                        "__new": 66.89580038208805
                    },
                    "Sei": {
                        "__old": 33.08134287773029,
                        "__new": 47.35516817393005
                    },
                    "Visual Studio": {
                        "__old": 34.36131753185356,
                        "__new": 39.12035110063629
                    }
                }
            }
        ]
    ]
}