{
    "SLOC": {
        "__old": 145,
        "__new": 64
    },
    "PLOC": {
        "__old": 95,
        "__new": 46
    },
    "LLOC": {
        "__old": 133,
        "__new": 58
    },
    "CLOC": {
        "__old": 33,
        "__new": 7
    },
    "BLANK": {
        "__old": 17,
        "__new": 11
    },
    "CC": {
        "__old": 22,
        "__new": 14
    },
    "COGNITIVE": {
        "__old": 38,
        "__new": 28
    },
    "NOM": {
        "functions": {
            "__old": 2,
            "__new": 1
        },
        "closures": {
            "__old": 4,
            "__new": 0
        },
        "total": {
            "__old": 6,
            "__new": 1
        }
    },
    "HALSTEAD": {
        "n1": {
            "__old": 32,
            "__new": 26
        },
        "n2": {
            "__old": 48,
            "__new": 27
        },
        "N1": {
            "__old": 286,
            "__new": 156
        },
        "N2": {
            "__old": 228,
            "__new": 146
        },
        "Vocabulary": {
            "__old": 80,
            "__new": 53
        },
        "Length": {
            "__old": 514,
            "__new": 302
        },
        "Volume": {
            "__old": 3249.4710407721045,
            "__new": 1729.831977278086
        },
        "Difficulty": {
            "__old": 76,
            "__new": 70.29629629629629
        },
        "Level": {
            "__old": 0.013157894736842105,
            "__new": 0.014225500526870391
        },
        "Effort": {
            "__old": 246959.79909867994,
            "__new": 121600.78121754841
        },
        "Programming time": {
            "__old": 13719.988838815552,
            "__new": 6755.598956530467
        },
        "Bugs": {
            "__old": 1.3120878705738475,
            "__new": 0.8181563811397001
        },
        "Estimated program length": {
            "__old": 428.0782000346155,
            "__new": 250.59339523008202
        },
        "Purity ratio": {
            "__old": 0.8328369650478901,
            "__new": 0.8297794544042452
        }
    },
    "MI": {
        "Original": {
            "__old": 43.26842634474846,
            "__new": 61.63604033853822
        },
        "Sei": {
            "__old": 22.64193201844158,
            "__new": 39.15787082613978
        },
        "Visual Studio": {
            "__old": 25.30317330102249,
            "__new": 36.04446803423288
        }
    },
    "files": [
        [
            "~",
            {
                "filename": {
                    "__old": "Assets/Rust/fannkuchredux.rs",
                    "__new": "Assets/TypeScript/fannkuchredux.ts"
                },
                "SLOC": {
                    "__old": 145,
                    "__new": 64
                },
                "PLOC": {
                    "__old": 95,
                    "__new": 46
                },
                "LLOC": {
                    "__old": 133,
                    "__new": 58
                },
                "CLOC": {
                    "__old": 33,
                    "__new": 7
                },
                "BLANK": {
                    "__old": 17,
                    "__new": 11
                },
                "CC": {
                    "__old": 22,
                    "__new": 14
                },
                "COGNITIVE": {
                    "__old": 38,
                    "__new": 28
                },
                "NOM": {
                    "functions": {
                        "__old": 2,
                        "__new": 1
                    },
                    "closures": {
                        "__old": 4,
                        "__new": 0
                    },
                    "total": {
                        "__old": 6,
                        "__new": 1
                    }
                },
                "Halstead": {
                    "n1": {
                        "__old": 32,
                        "__new": 26
                    },
                    "n2": {
                        "__old": 48,
                        "__new": 27
                    },
                    "N1": {
                        "__old": 286,
                        "__new": 156
                    },
                    "N2": {
                        "__old": 228,
                        "__new": 146
                    },
                    "Vocabulary": {
                        "__old": 80,
                        "__new": 53
                    },
                    "Length": {
                        "__old": 514,
                        "__new": 302
                    },
                    "Volume": {
                        "__old": 3249.4710407721045,
                        "__new": 1729.831977278086
                    },
                    "Difficulty": {
                        "__old": 76,
                        "__new": 70.29629629629629
                    },
                    "Level": {
                        "__old": 0.013157894736842105,
                        "__new": 0.014225500526870391
                    },
                    "Effort": {
                        "__old": 246959.79909867994,
                        "__new": 121600.78121754841
                    },
                    "Programming time": {
                        "__old": 13719.988838815552,
                        "__new": 6755.598956530467
                    },
                    "Bugs": {
                        "__old": 1.3120878705738475,
                        "__new": 0.8181563811397001
                    },
                    "Estimated program length": {
                        "__old": 428.0782000346155,
                        "__new": 250.59339523008202
                    },
                    "Purity ratio": {
                        "__old": 0.8328369650478901,
                        "__new": 0.8297794544042452
                    }
                },
                "Mi": {
                    "Original": {
                        "__old": 43.26842634474846,
                        "__new": 61.63604033853822
                    },
                    "Sei": {
                        "__old": 22.64193201844158,
                        "__new": 39.15787082613978
                    },
                    "Visual Studio": {
                        "__old": 25.30317330102249,
                        "__new": 36.04446803423288
                    }
                }
            }
        ]
    ]
}