{
    "SLOC": {
        "__old": 221,
        "__new": 128
    },
    "PLOC": {
        "__old": 183,
        "__new": 105
    },
    "LLOC": {
        "__old": 241,
        "__new": 65
    },
    "CLOC": {
        "__old": 6,
        "__new": 8
    },
    "BLANK": {
        "__old": 32,
        "__new": 15
    },
    "CC": {
        "__old": 38,
        "__new": 23
    },
    "COGNITIVE": {
        "__old": 20,
        "__new": 28
    },
    "NEXITS": {
        "__old": 10,
        "__new": 1
    },
    "NOM": {
        "functions": {
            "__old": 11,
            "__new": 6
        },
        "closures": {
            "__old": 5,
            "__new": 0
        },
        "total": {
            "__old": 16,
            "__new": 6
        }
    },
    "HALSTEAD": {
        "n1": {
            "__old": 31,
            "__new": 27
        },
        "n2": {
            "__old": 123,
            "__new": 82
        },
        "N1": {
            "__old": 578,
            "__new": 482
        },
        "N2": {
            "__old": 358,
            "__new": 302
        },
        "Vocabulary": {
            "__old": 154,
            "__new": 109
        },
        "Length": {
            "__old": 936,
            "__new": 784
        },
        "Volume": {
            "__old": 6801.712202090427,
            "__new": 5306.25651062511
        },
        "Difficulty": {
            "__old": 45.113821138211385,
            "__new": 49.71951219512195
        },
        "Level": {
            "__old": 0.0221661560641557,
            "__new": 0.020112828059847928
        },
        "Effort": {
            "__old": 306851.2277186974,
            "__new": 263824.4852904704
        },
        "Programming time": {
            "__old": 17047.290428816523,
            "__new": 14656.915849470579
        },
        "Bugs": {
            "__old": 1.5164589389453085,
            "__new": 1.3711621351267889
        },
        "Estimated program length": {
            "__old": 1007.5093697787196,
            "__new": 649.7012269370965
        },
        "Purity ratio": {
            "__old": 1.0763988993362388,
            "__new": 0.8287005445626231
        }
    },
    "MI": {
        "Original": {
            "__old": 28.92013003516172,
            "__new": 42.508571963936674
        },
        "Sei": {
            "__old": -17.483852860928224,
            "__new": 6.852322535981969
        },
        "Visual Studio": {
            "__old": 16.912356745708607,
            "__new": 24.858814013998057
        }
    },
    "files": [
        [
            "~",
            {
                "filename": {
                    "__old": "Assets/Rust/fasta.rs",
                    "__new": "Assets/TypeScript/fasta.ts"
                },
                "SLOC": {
                    "__old": 221,
                    "__new": 128
                },
                "PLOC": {
                    "__old": 183,
                    "__new": 105
                },
                "LLOC": {
                    "__old": 241,
                    "__new": 65
                },
                "CLOC": {
                    "__old": 6,
                    "__new": 8
                },
                "BLANK": {
                    "__old": 32,
                    "__new": 15
                },
                "CC": {
                    "__old": 38,
                    "__new": 23
                },
                "COGNITIVE": {
                    "__old": 20,
                    "__new": 28
                },
                "NEXITS": {
                    "__old": 10,
                    "__new": 1
                },
                "NOM": {
                    "functions": {
                        "__old": 11,
                        "__new": 6
                    },
                    "closures": {
                        "__old": 5,
                        "__new": 0
                    },
                    "total": {
                        "__old": 16,
                        "__new": 6
                    }
                },
                "Halstead": {
                    "n1": {
                        "__old": 31,
                        "__new": 27
                    },
                    "n2": {
                        "__old": 123,
                        "__new": 82
                    },
                    "N1": {
                        "__old": 578,
                        "__new": 482
                    },
                    "N2": {
                        "__old": 358,
                        "__new": 302
                    },
                    "Vocabulary": {
                        "__old": 154,
                        "__new": 109
                    },
                    "Length": {
                        "__old": 936,
                        "__new": 784
                    },
                    "Volume": {
                        "__old": 6801.712202090427,
                        "__new": 5306.25651062511
                    },
                    "Difficulty": {
                        "__old": 45.113821138211385,
                        "__new": 49.71951219512195
                    },
                    "Level": {
                        "__old": 0.0221661560641557,
                        "__new": 0.020112828059847928
                    },
                    "Effort": {
                        "__old": 306851.2277186974,
                        "__new": 263824.4852904704
                    },
                    "Programming time": {
                        "__old": 17047.290428816523,
                        "__new": 14656.915849470579
                    },
                    "Bugs": {
                        "__old": 1.5164589389453085,
                        "__new": 1.3711621351267889
                    },
                    "Estimated program length": {
                        "__old": 1007.5093697787196,
                        "__new": 649.7012269370965
                    },
                    "Purity ratio": {
                        "__old": 1.0763988993362388,
                        "__new": 0.8287005445626231
                    }
                },
                "Mi": {
                    "Original": {
                        "__old": 28.92013003516172,
                        "__new": 42.508571963936674
                    },
                    "Sei": {
                        "__old": -17.483852860928224,
                        "__new": 6.852322535981969
                    },
                    "Visual Studio": {
                        "__old": 16.912356745708607,
                        "__new": 24.858814013998057
                    }
                }
            }
        ]
    ]
}