{
    "SLOC": {
        "__old": 196,
        "__new": 78
    },
    "PLOC": {
        "__old": 174,
        "__new": 63
    },
    "LLOC": {
        "__old": 191,
        "__new": 42
    },
    "CLOC": {
        "__old": 7,
        "__new": 6
    },
    "BLANK": {
        "__old": 15,
        "__new": 9
    },
    "CC": {
        "__old": 59,
        "__new": 17
    },
    "COGNITIVE": {
        "__old": 15,
        "__new": 12
    },
    "NEXITS": {
        "__old": 11,
        "__new": 1
    },
    "NOM": {
        "functions": {
            "__old": 16,
            "__new": 5
        },
        "closures": {
            "__old": 5,
            "__new": 4
        },
        "total": {
            "__old": 21,
            "__new": 9
        }
    },
    "HALSTEAD": {
        "n1": {
            "__old": 33,
            "__new": 28
        },
        "n2": {
            "__old": 107,
            "__new": 51
        },
        "N1": {
            "__old": 547,
            "__new": 200
        },
        "N2": {
            "__old": 337,
            "__new": 140
        },
        "Vocabulary": {
            "__old": 140,
            "__new": 79
        },
        "Length": {
            "__old": 884,
            "__new": 340
        },
        "Volume": {
            "__old": 6302.2861869793505,
            "__new": 2143.285454380215
        },
        "Difficulty": {
            "__old": 51.967289719626166,
            "__new": 38.431372549019606
        },
        "Level": {
            "__old": 0.01924287384228037,
            "__new": 0.026020408163265306
        },
        "Effort": {
            "__old": 327512.73217475397,
            "__new": 82369.4017761808
        },
        "Programming time": {
            "__old": 18195.15178748633,
            "__new": 4576.077876454489
        },
        "Bugs": {
            "__old": 1.583789783999874,
            "__new": 0.6310387372075408
        },
        "Estimated program length": {
            "__old": 887.8019734837518,
            "__new": 423.89963025815916
        },
        "Purity ratio": {
            "__old": 1.0043008749816196,
            "__new": 1.2467636184063504
        }
    },
    "MI": {
        "Original": {
            "__old": 26.431470306919564,
            "__new": 56.626822020841715
        },
        "Sei": {
            "__old": -17.130655094041984,
            "__new": 28.553813090055428
        },
        "Visual Studio": {
            "__old": 15.457000179485124,
            "__new": 33.11510059698346
        }
    },
    "files": [
        [
            "~",
            {
                "filename": {
                    "__old": "Assets/Rust/knucleotide.rs",
                    "__new": "Assets/TypeScript/knucleotide.ts"
                },
                "SLOC": {
                    "__old": 196,
                    "__new": 78
                },
                "PLOC": {
                    "__old": 174,
                    "__new": 63
                },
                "LLOC": {
                    "__old": 191,
                    "__new": 42
                },
                "CLOC": {
                    "__old": 7,
                    "__new": 6
                },
                "BLANK": {
                    "__old": 15,
                    "__new": 9
                },
                "CC": {
                    "__old": 59,
                    "__new": 17
                },
                "COGNITIVE": {
                    "__old": 15,
                    "__new": 12
                },
                "NEXITS": {
                    "__old": 11,
                    "__new": 1
                },
                "NOM": {
                    "functions": {
                        "__old": 16,
                        "__new": 5
                    },
                    "closures": {
                        "__old": 5,
                        "__new": 4
                    },
                    "total": {
                        "__old": 21,
                        "__new": 9
                    }
                },
                "Halstead": {
                    "n1": {
                        "__old": 33,
                        "__new": 28
                    },
                    "n2": {
                        "__old": 107,
                        "__new": 51
                    },
                    "N1": {
                        "__old": 547,
                        "__new": 200
                    },
                    "N2": {
                        "__old": 337,
                        "__new": 140
                    },
                    "Vocabulary": {
                        "__old": 140,
                        "__new": 79
                    },
                    "Length": {
                        "__old": 884,
                        "__new": 340
                    },
                    "Volume": {
                        "__old": 6302.2861869793505,
                        "__new": 2143.285454380215
                    },
                    "Difficulty": {
                        "__old": 51.967289719626166,
                        "__new": 38.431372549019606
                    },
                    "Level": {
                        "__old": 0.01924287384228037,
                        "__new": 0.026020408163265306
                    },
                    "Effort": {
                        "__old": 327512.73217475397,
                        "__new": 82369.4017761808
                    },
                    "Programming time": {
                        "__old": 18195.15178748633,
                        "__new": 4576.077876454489
                    },
                    "Bugs": {
                        "__old": 1.583789783999874,
                        "__new": 0.6310387372075408
                    },
                    "Estimated program length": {
                        "__old": 887.8019734837518,
                        "__new": 423.89963025815916
                    },
                    "Purity ratio": {
                        "__old": 1.0043008749816196,
                        "__new": 1.2467636184063504
                    }
                },
                "Mi": {
                    "Original": {
                        "__old": 26.431470306919564,
                        "__new": 56.626822020841715
                    },
                    "Sei": {
                        "__old": -17.130655094041984,
                        "__new": 28.553813090055428
                    },
                    "Visual Studio": {
                        "__old": 15.457000179485124,
                        "__new": 33.11510059698346
                    }
                }
            }
        ]
    ]
}