{
    "SLOC": {
        "__old": 143,
        "__new": 49
    },
    "PLOC": {
        "__old": 119,
        "__new": 32
    },
    "LLOC": {
        "__old": 137,
        "__new": 36
    },
    "CLOC": {
        "__old": 6,
        "__new": 7
    },
    "BLANK": {
        "__old": 18,
        "__new": 10
    },
    "CC": {
        "__old": 28,
        "__new": 8
    },
    "NEXITS": {
        "__old": 8,
        "__new": 0
    },
    "NOM": {
        "functions": {
            "__old": 9,
            "__new": 0
        },
        "closures": {
            "__old": 5,
            "__new": 0
        },
        "total": {
            "__old": 14,
            "__new": 0
        }
    },
    "HALSTEAD": {
        "n1": {
            "__old": 26,
            "__new": 23
        },
        "n2": {
            "__old": 76,
            "__new": 31
        },
        "N1": {
            "__old": 322,
            "__new": 118
        },
        "N2": {
            "__old": 228,
            "__new": 113
        },
        "Vocabulary": {
            "__old": 102,
            "__new": 54
        },
        "Length": {
            "__old": 550,
            "__new": 231
        },
        "Volume": {
            "__old": 3669.833938084322,
            "__new": 1329.3790129997612
        },
        "Difficulty": {
            "__old": 39,
            "__new": 41.91935483870968
        },
        "Level": {
            "__old": 0.02564102564102564,
            "__new": 0.023855328972681798
        },
        "Effort": {
            "__old": 143123.52358528855,
            "__new": 55726.71056107064
        },
        "Programming time": {
            "__old": 7951.306865849364,
            "__new": 3095.9283645039245
        },
        "Bugs": {
            "__old": 0.9120516325555061,
            "__new": 0.48631875375637595
        },
        "Estimated program length": {
            "__old": 597.0539236933809,
            "__new": 257.6220106113044
        },
        "Purity ratio": {
            "__old": 1.0855525885334196,
            "__new": 1.1152467991831359
        }
    },
    "MI": {
        "Original": {
            "__old": 41.48082819374778,
            "__new": 68.71168170636773
        },
        "Sei": {
            "__old": 2.595911126556201,
            "__new": 51.8761864722328
        },
        "Visual Studio": {
            "__old": 24.25779426534958,
            "__new": 40.182270003723815
        }
    },
    "files": [
        [
            "~",
            {
                "filename": {
                    "__old": "Assets/Rust/mandelbrot.rs",
                    "__new": "Assets/TypeScript/mandelbrot.ts"
                },
                "SLOC": {
                    "__old": 143,
                    "__new": 49
                },
                "PLOC": {
                    "__old": 119,
                    "__new": 32
                },
                "LLOC": {
                    "__old": 137,
                    "__new": 36
                },
                "CLOC": {
                    "__old": 6,
                    "__new": 7
                },
                "BLANK": {
                    "__old": 18,
                    "__new": 10
                },
                "CC": {
                    "__old": 28,
                    "__new": 8
                },
                "NEXITS": {
                    "__old": 8,
                    "__new": 0
                },
                "NOM": {
                    "functions": {
                        "__old": 9,
                        "__new": 0
                    },
                    "closures": {
                        "__old": 5,
                        "__new": 0
                    },
                    "total": {
                        "__old": 14,
                        "__new": 0
                    }
                },
                "Halstead": {
                    "n1": {
                        "__old": 26,
                        "__new": 23
                    },
                    "n2": {
                        "__old": 76,
                        "__new": 31
                    },
                    "N1": {
                        "__old": 322,
                        "__new": 118
                    },
                    "N2": {
                        "__old": 228,
                        "__new": 113
                    },
                    "Vocabulary": {
                        "__old": 102,
                        "__new": 54
                    },
                    "Length": {
                        "__old": 550,
                        "__new": 231
                    },
                    "Volume": {
                        "__old": 3669.833938084322,
                        "__new": 1329.3790129997612
                    },
                    "Difficulty": {
                        "__old": 39,
                        "__new": 41.91935483870968
                    },
                    "Level": {
                        "__old": 0.02564102564102564,
                        "__new": 0.023855328972681798
                    },
                    "Effort": {
                        "__old": 143123.52358528855,
                        "__new": 55726.71056107064
                    },
                    "Programming time": {
                        "__old": 7951.306865849364,
                        "__new": 3095.9283645039245
                    },
                    "Bugs": {
                        "__old": 0.9120516325555061,
                        "__new": 0.48631875375637595
                    },
                    "Estimated program length": {
                        "__old": 597.0539236933809,
                        "__new": 257.6220106113044
                    },
                    "Purity ratio": {
                        "__old": 1.0855525885334196,
                        "__new": 1.1152467991831359
                    }
                },
                "Mi": {
                    "Original": {
                        "__old": 41.48082819374778,
                        "__new": 68.71168170636773
                    },
                    "Sei": {
                        "__old": 2.595911126556201,
                        "__new": 51.8761864722328
                    },
                    "Visual Studio": {
                        "__old": 24.25779426534958,
                        "__new": 40.182270003723815
                    }
                }
            }
        ]
    ]
}