{
    "SLOC": {
        "__old": 204,
        "__new": 183
    },
    "PLOC": {
        "__old": 157,
        "__new": 148
    },
    "LLOC": {
        "__old": 204,
        "__new": 69
    },
    "CLOC": {
        "__old": 24,
        "__new": 7
    },
    "BLANK": {
        "__old": 23,
        "__new": 28
    },
    "CC": {
        "__old": 36,
        "__new": 20
    },
    "NARGS_SUM": {
        "__old": 41,
        "__new": 11
    },
    "NARGS_AVG": {
        "__old": 2.1578947368421053,
        "__new": 1.1
    },
    "NEXITS": {
        "__old": 9,
        "__new": 7
    },
    "NOM": {
        "functions": {
            "__old": 14,
            "__new": 10
        },
        "closures": {
            "__old": 5,
            "__new": 0
        },
        "total": {
            "__old": 19,
            "__new": 10
        }
    },
    "HALSTEAD": {
        "n1": {
            "__old": 26,
            "__new": 19
        },
        "n2": {
            "__old": 100,
            "__new": 70
        },
        "N1": {
            "__old": 573,
            "__new": 479
        },
        "N2": {
            "__old": 353,
            "__new": 303
        },
        "Vocabulary": {
            "__old": 126,
            "__new": 89
        },
        "Length": {
            "__old": 926,
            "__new": 782
        },
        "Volume": {
            "__old": 6460.961209160923,
            "__new": 5064.023543015723
        },
        "Difficulty": {
            "__old": 45.89,
            "__new": 41.121428571428574
        },
        "Level": {
            "__old": 0.021791239921551537,
            "__new": 0.02431822129581379
        },
        "Effort": {
            "__old": 296493.5098883948,
            "__new": 208239.8824081537
        },
        "Programming time": {
            "__old": 16471.861660466377,
            "__new": 11568.882356008538
        },
        "Bugs": {
            "__old": 1.4821387872186218,
            "__new": 1.171083922000504
        },
        "Estimated program length": {
            "__old": 786.5970516491408,
            "__new": 509.76043394157574
        },
        "Purity ratio": {
            "__old": 0.8494568592323335,
            "__new": 0.6518675625851352
        }
    },
    "MI": {
        "Original": {
            "__old": 30.94408252530617,
            "__new": 37.6507579368477
        },
        "Sei": {
            "__old": -2.0567631101561155,
            "__new": -4.42709950213461
        },
        "Visual Studio": {
            "__old": 18.095954693161502,
            "__new": 22.01798709757175
        }
    },
    "files": [
        [
            "~",
            {
                "filename": {
                    "__old": "Assets/Rust/nbody.rs",
                    "__new": "Assets/TypeScript/nbody.ts"
                },
                "SLOC": {
                    "__old": 204,
                    "__new": 183
                },
                "PLOC": {
                    "__old": 157,
                    "__new": 148
                },
                "LLOC": {
                    "__old": 204,
                    "__new": 69
                },
                "CLOC": {
                    "__old": 24,
                    "__new": 7
                },
                "BLANK": {
                    "__old": 23,
                    "__new": 28
                },
                "CC": {
                    "__old": 36,
                    "__new": 20
                },
                "COGNITIVE": {
                    "__old": 6,
                    "__new": 9
                },
                "NARGS_SUM": {
                    "__old": 41,
                    "__new": 11
                },
                "NARGS_AVG": {
                    "__old": 2.1578947368421053,
                    "__new": 1.1
                },
                "NEXITS": {
                    "__old": 9,
                    "__new": 7
                },
                "NOM": {
                    "functions": {
                        "__old": 14,
                        "__new": 10
                    },
                    "closures": {
                        "__old": 5,
                        "__new": 0
                    },
                    "total": {
                        "__old": 19,
                        "__new": 10
                    }
                },
                "Halstead": {
                    "n1": {
                        "__old": 26,
                        "__new": 19
                    },
                    "n2": {
                        "__old": 100,
                        "__new": 70
                    },
                    "N1": {
                        "__old": 573,
                        "__new": 479
                    },
                    "N2": {
                        "__old": 353,
                        "__new": 303
                    },
                    "Vocabulary": {
                        "__old": 126,
                        "__new": 89
                    },
                    "Length": {
                        "__old": 926,
                        "__new": 782
                    },
                    "Volume": {
                        "__old": 6460.961209160923,
                        "__new": 5064.023543015723
                    },
                    "Difficulty": {
                        "__old": 45.89,
                        "__new": 41.121428571428574
                    },
                    "Level": {
                        "__old": 0.021791239921551537,
                        "__new": 0.02431822129581379
                    },
                    "Effort": {
                        "__old": 296493.5098883948,
                        "__new": 208239.8824081537
                    },
                    "Programming time": {
                        "__old": 16471.861660466377,
                        "__new": 11568.882356008538
                    },
                    "Bugs": {
                        "__old": 1.4821387872186218,
                        "__new": 1.171083922000504
                    },
                    "Estimated program length": {
                        "__old": 786.5970516491408,
                        "__new": 509.76043394157574
                    },
                    "Purity ratio": {
                        "__old": 0.8494568592323335,
                        "__new": 0.6518675625851352
                    }
                },
                "Mi": {
                    "Original": {
                        "__old": 30.94408252530617,
                        "__new": 37.6507579368477
                    },
                    "Sei": {
                        "__old": -2.0567631101561155,
                        "__new": -4.42709950213461
                    },
                    "Visual Studio": {
                        "__old": 18.095954693161502,
                        "__new": 22.01798709757175
                    }
                }
            }
        ]
    ]
}