{
    "SLOC": {
        "__old": 86,
        "__new": 50
    },
    "PLOC": {
        "__old": 54,
        "__new": 33
    },
    "LLOC": {
        "__old": 67,
        "__new": 16
    },
    "CLOC": {
        "__old": 19,
        "__new": 7
    },
    "BLANK": {
        "__old": 13,
        "__new": 10
    },
    "CC": {
        "__old": 10,
        "__new": 8
    },
    "NEXITS": {
        "__old": 1,
        "__new": 0
    },
    "NOM": {
        "functions": {
            "__old": 2,
            "__new": 1
        },
        "closures": {
            "__old": 1,
            "__new": 3
        },
        "total": {
            "__old": 3,
            "__new": 4
        }
    },
    "HALSTEAD": {
        "n1": {
            "__old": 21,
            "__new": 19
        },
        "n2": {
            "__old": 70,
            "__new": 31
        },
        "N1": {
            "__old": 163,
            "__new": 172
        },
        "N2": {
            "__old": 136,
            "__new": 75
        },
        "Vocabulary": {
            "__old": 91,
            "__new": 50
        },
        "Length": {
            "__old": 299,
            "__new": 247
        },
        "Volume": {
            "__old": 1945.8305974194102,
            "__new": 1394.032478874357
        },
        "Difficulty": {
            "__old": 20.4,
            "__new": 22.983870967741936
        },
        "Level": {
            "__old": 0.04901960784313726,
            "__new": 0.04350877192982456
        },
        "Effort": {
            "__old": 39694.94418735596,
            "__new": 32040.262619289657
        },
        "Programming time": {
            "__old": 2205.274677075331,
            "__new": 1780.0145899605366
        },
        "Bugs": {
            "__old": 0.38788430677563934,
            "__new": 0.33626070824891074
        },
        "Estimated program length": {
            "__old": 521.2884770645016,
            "__new": 234.29070837742125
        },
        "Purity ratio": {
            "__old": 1.7434397226237512,
            "__new": 0.9485453780462398
        }
    },
    "MI": {
        "Original": {
            "__old": 57.15766392288438,
            "__new": 68.13745668355399
        },
        "Sei": {
            "__old": 41.053693253235366,
            "__new": 50.802046889732566
        },
        "Visual Studio": {
            "__old": 33.425534457827126,
            "__new": 39.8464658968152
        }
    },
    "files": [
        [
            "~",
            {
                "filename": {
                    "__old": "Assets/Rust/regexredux.rs",
                    "__new": "Assets/TypeScript/regexredux.ts"
                },
                "SLOC": {
                    "__old": 86,
                    "__new": 50
                },
                "PLOC": {
                    "__old": 54,
                    "__new": 33
                },
                "LLOC": {
                    "__old": 67,
                    "__new": 16
                },
                "CLOC": {
                    "__old": 19,
                    "__new": 7
                },
                "BLANK": {
                    "__old": 13,
                    "__new": 10
                },
                "CC": {
                    "__old": 10,
                    "__new": 8
                },
                "NEXITS": {
                    "__old": 1,
                    "__new": 0
                },
                "NOM": {
                    "functions": {
                        "__old": 2,
                        "__new": 1
                    },
                    "closures": {
                        "__old": 1,
                        "__new": 3
                    },
                    "total": {
                        "__old": 3,
                        "__new": 4
                    }
                },
                "Halstead": {
                    "n1": {
                        "__old": 21,
                        "__new": 19
                    },
                    "n2": {
                        "__old": 70,
                        "__new": 31
                    },
                    "N1": {
                        "__old": 163,
                        "__new": 172
                    },
                    "N2": {
                        "__old": 136,
                        "__new": 75
                    },
                    "Vocabulary": {
                        "__old": 91,
                        "__new": 50
                    },
                    "Length": {
                        "__old": 299,
                        "__new": 247
                    },
                    "Volume": {
                        "__old": 1945.8305974194102,
                        "__new": 1394.032478874357
                    },
                    "Difficulty": {
                        "__old": 20.4,
                        "__new": 22.983870967741936
                    },
                    "Level": {
                        "__old": 0.04901960784313726,
                        "__new": 0.04350877192982456
                    },
                    "Effort": {
                        "__old": 39694.94418735596,
                        "__new": 32040.262619289657
                    },
                    "Programming time": {
                        "__old": 2205.274677075331,
                        "__new": 1780.0145899605366
                    },
                    "Bugs": {
                        "__old": 0.38788430677563934,
                        "__new": 0.33626070824891074
                    },
                    "Estimated program length": {
                        "__old": 521.2884770645016,
                        "__new": 234.29070837742125
                    },
                    "Purity ratio": {
                        "__old": 1.7434397226237512,
                        "__new": 0.9485453780462398
                    }
                },
                "Mi": {
                    "Original": {
                        "__old": 57.15766392288438,
                        "__new": 68.13745668355399
                    },
                    "Sei": {
                        "__old": 41.053693253235366,
                        "__new": 50.802046889732566
                    },
                    "Visual Studio": {
                        "__old": 33.425534457827126,
                        "__new": 39.8464658968152
                    }
                }
            }
        ]
    ]
}