{
    "SLOC": {
        "__old": 182,
        "__new": 187
    },
    "PLOC": {
        "__old": 127,
        "__new": 154
    },
    "LLOC": {
        "__old": 163,
        "__new": 110
    },
    "CLOC": {
        "__old": 38,
        "__new": 19
    },
    "BLANK": {
        "__old": 17,
        "__new": 14
    },
    "CC_SUM": {
        "__old": 45,
        "__new": 25
    },
    "CC_AVG": {
        "__old": 3.4615384615384617,
        "__new": 4.166666666666667
    },
    "COGNITIVE_SUM": {
        "__old": 18,
        "__new": 40
    },
    "COGNITIVE_AVG": {
        "__old": 1.8,
        "__new": 10
    },
    "NARGS_SUM": {
        "__old": 17,
        "__new": 3
    },
    "NARGS_AVG": {
        "__old": 1.7,
        "__new": 0.75
    },
    "NEXITS": {
        "__old": 4,
        "__new": 2
    },
    "NOM": {
        "functions": {
            "__old": 8,
            "__new": 4
        },
        "closures": {
            "__old": 2,
            "__new": 0
        },
        "total": {
            "__old": 10,
            "__new": 4
        }
    },
    "HALSTEAD": {
        "n1": {
            "__old": 30,
            "__new": 31
        },
        "n2": {
            "__old": 96,
            "__new": 69
        },
        "N1": {
            "__old": 452,
            "__new": 453
        },
        "N2": {
            "__old": 307,
            "__new": 289
        },
        "Vocabulary": {
            "__old": 126,
            "__new": 100
        },
        "Length": {
            "__old": 759,
            "__new": 742
        },
        "Volume": {
            "__old": 5295.755461936436,
            "__new": 4929.741292812845
        },
        "Difficulty": {
            "__old": 47.96875,
            "__new": 64.92028985507247
        },
        "Level": {
            "__old": 0.020846905537459284,
            "__new": 0.015403504855452617
        },
        "Effort": {
            "__old": 254030.76981476342,
            "__new": 320040.23363992956
        },
        "Programming time": {
            "__old": 14112.820545264634,
            "__new": 17780.012979996085
        },
        "Bugs": {
            "__old": 1.3370150466930253,
            "__new": 1.5596068397265666
        },
        "Estimated program length": {
            "__old": 779.3631179374865,
            "__new": 575.0682731396869
        },
        "Purity ratio": {
            "__old": 1.0268288773879928,
            "__new": 0.7750246268728934
        }
    },
    "MI": {
        "Original": {
            "__old": 31.75685487264124,
            "__new": 36.29022310125957
        },
        "Sei": {
            "__old": 7.207856703514615,
            "__new": 2.8996639994044955
        },
        "Visual Studio": {
            "__old": 18.571260159439323,
            "__new": 21.22235269079507
        }
    },
    "files": [
        [
            "~",
            {
                "filename": {
                    "__old": "Assets/Rust/revcomp.rs",
                    "__new": "Assets/TypeScript/revcomp.ts"
                },
                "SLOC": {
                    "__old": 182,
                    "__new": 187
                },
                "PLOC": {
                    "__old": 127,
                    "__new": 154
                },
                "LLOC": {
                    "__old": 163,
                    "__new": 110
                },
                "CLOC": {
                    "__old": 38,
                    "__new": 19
                },
                "BLANK": {
                    "__old": 17,
                    "__new": 14
                },
                "CC_SUM": {
                    "__old": 45,
                    "__new": 25
                },
                "CC_AVG": {
                    "__old": 3.4615384615384617,
                    "__new": 4.166666666666667
                },
                "COGNITIVE_SUM": {
                    "__old": 18,
                    "__new": 40
                },
                "COGNITIVE_AVG": {
                    "__old": 1.8,
                    "__new": 10
                },
                "NARGS_SUM": {
                    "__old": 17,
                    "__new": 3
                },
                "NARGS_AVG": {
                    "__old": 1.7,
                    "__new": 0.75
                },
                "NEXITS": {
                    "__old": 4,
                    "__new": 2
                },
                "NOM": {
                    "functions": {
                        "__old": 8,
                        "__new": 4
                    },
                    "closures": {
                        "__old": 2,
                        "__new": 0
                    },
                    "total": {
                        "__old": 10,
                        "__new": 4
                    }
                },
                "Halstead": {
                    "n1": {
                        "__old": 30,
                        "__new": 31
                    },
                    "n2": {
                        "__old": 96,
                        "__new": 69
                    },
                    "N1": {
                        "__old": 452,
                        "__new": 453
                    },
                    "N2": {
                        "__old": 307,
                        "__new": 289
                    },
                    "Vocabulary": {
                        "__old": 126,
                        "__new": 100
                    },
                    "Length": {
                        "__old": 759,
                        "__new": 742
                    },
                    "Volume": {
                        "__old": 5295.755461936436,
                        "__new": 4929.741292812845
                    },
                    "Difficulty": {
                        "__old": 47.96875,
                        "__new": 64.92028985507247
                    },
                    "Level": {
                        "__old": 0.020846905537459284,
                        "__new": 0.015403504855452617
                    },
                    "Effort": {
                        "__old": 254030.76981476342,
                        "__new": 320040.23363992956
                    },
                    "Programming time": {
                        "__old": 14112.820545264634,
                        "__new": 17780.012979996085
                    },
                    "Bugs": {
                        "__old": 1.3370150466930253,
                        "__new": 1.5596068397265666
                    },
                    "Estimated program length": {
                        "__old": 779.3631179374865,
                        "__new": 575.0682731396869
                    },
                    "Purity ratio": {
                        "__old": 1.0268288773879928,
                        "__new": 0.7750246268728934
                    }
                },
                "Mi": {
                    "Original": {
                        "__old": 31.75685487264124,
                        "__new": 36.29022310125957
                    },
                    "Sei": {
                        "__old": 7.207856703514615,
                        "__new": 2.8996639994044955
                    },
                    "Visual Studio": {
                        "__old": 18.571260159439323,
                        "__new": 21.22235269079507
                    }
                }
            }
        ]
    ]
}