{
    "SLOC": {
        "__old": 93,
        "__new": 55
    },
    "PLOC": {
        "__old": 60,
        "__new": 41
    },
    "LLOC": {
        "__old": 128,
        "__new": 40
    },
    "CLOC": {
        "__old": 19,
        "__new": 5
    },
    "BLANK": {
        "__old": 14,
        "__new": 9
    },
    "CC": {
        "__old": 15,
        "__new": 13
    },
    "COGNITIVE": {
        "__old": 3,
        "__new": 9
    },
    "NEXITS": {
        "__old": 3,
        "__new": 2
    },
    "NOM": {
        "functions": {
            "__old": 7,
            "__new": 5
        },
        "closures": {
            "__old": 5,
            "__new": 0
        },
        "total": {
            "__old": 12,
            "__new": 5
        }
    },
    "HALSTEAD": {
        "n1": {
            "__old": 21,
            "__new": 18
        },
        "n2": {
            "__old": 49,
            "__new": 26
        },
        "N1": {
            "__old": 348,
            "__new": 166
        },
        "N2": {
            "__old": 241,
            "__new": 135
        },
        "Vocabulary": {
            "__old": 70,
            "__new": 44
        },
        "Length": {
            "__old": 589,
            "__new": 301
        },
        "Volume": {
            "__old": 3610.1476969805854,
            "__new": 1643.2889172098264
        },
        "Difficulty": {
            "__old": 51.642857142857146,
            "__new": 46.73076923076923
        },
        "Level": {
            "__old": 0.01936376210235131,
            "__new": 0.02139917695473251
        },
        "Effort": {
            "__old": 186438.3417797831,
            "__new": 76792.15516961305
        },
        "Programming time": {
            "__old": 10357.685654432395,
            "__new": 4266.23084275628
        },
        "Bugs": {
            "__old": 1.0878497084026046,
            "__new": 0.6022220451854204
        },
        "Estimated program length": {
            "__old": 367.35944823999915,
            "__new": 197.27008269763002
        },
        "Purity ratio": {
            "__old": 0.6237002516808136,
            "__new": 0.6553823345436213
        }
    },
    "MI": {
        "Original": {
            "__old": 51.52606759925594,
            "__new": 64.58803665956509
        },
        "Sei": {
            "__old": 32.382541704237,
            "__new": 41.31855991679847
        },
        "Visual Studio": {
            "__old": 30.13220327441868,
            "__new": 37.77078167226029
        }
    },
    "files": [
        [
            "~",
            {
                "filename": {
                    "__old": "Assets/Rust/spectralnorm.rs",
                    "__new": "Assets/TypeScript/spectralnorm.ts"
                },
                "SLOC": {
                    "__old": 93,
                    "__new": 55
                },
                "PLOC": {
                    "__old": 60,
                    "__new": 41
                },
                "LLOC": {
                    "__old": 128,
                    "__new": 40
                },
                "CLOC": {
                    "__old": 19,
                    "__new": 5
                },
                "BLANK": {
                    "__old": 14,
                    "__new": 9
                },
                "CC": {
                    "__old": 15,
                    "__new": 13
                },
                "COGNITIVE": {
                    "__old": 3,
                    "__new": 9
                },
                "NEXITS": {
                    "__old": 3,
                    "__new": 2
                },
                "NOM": {
                    "functions": {
                        "__old": 7,
                        "__new": 5
                    },
                    "closures": {
                        "__old": 5,
                        "__new": 0
                    },
                    "total": {
                        "__old": 12,
                        "__new": 5
                    }
                },
                "Halstead": {
                    "n1": {
                        "__old": 21,
                        "__new": 18
                    },
                    "n2": {
                        "__old": 49,
                        "__new": 26
                    },
                    "N1": {
                        "__old": 348,
                        "__new": 166
                    },
                    "N2": {
                        "__old": 241,
                        "__new": 135
                    },
                    "Vocabulary": {
                        "__old": 70,
                        "__new": 44
                    },
                    "Length": {
                        "__old": 589,
                        "__new": 301
                    },
                    "Volume": {
                        "__old": 3610.1476969805854,
                        "__new": 1643.2889172098264
                    },
                    "Difficulty": {
                        "__old": 51.642857142857146,
                        "__new": 46.73076923076923
                    },
                    "Level": {
                        "__old": 0.01936376210235131,
                        "__new": 0.02139917695473251
                    },
                    "Effort": {
                        "__old": 186438.3417797831,
                        "__new": 76792.15516961305
                    },
                    "Programming time": {
                        "__old": 10357.685654432395,
                        "__new": 4266.23084275628
                    },
                    "Bugs": {
                        "__old": 1.0878497084026046,
                        "__new": 0.6022220451854204
                    },
                    "Estimated program length": {
                        "__old": 367.35944823999915,
                        "__new": 197.27008269763002
                    },
                    "Purity ratio": {
                        "__old": 0.6237002516808136,
                        "__new": 0.6553823345436213
                    }
                },
                "Mi": {
                    "Original": {
                        "__old": 51.52606759925594,
                        "__new": 64.58803665956509
                    },
                    "Sei": {
                        "__old": 32.382541704237,
                        "__new": 41.31855991679847
                    },
                    "Visual Studio": {
                        "__old": 30.13220327441868,
                        "__new": 37.77078167226029
                    }
                }
            }
        ]
    ]
}