{
    "LLOC": 58,
    "files": [
        {
            "LLOC": 58,
            "spaces": [
                {
                    "name": "fannkuch",
                    "kind": "function",
                    "start_line": 9,
                    "end_line": 60,
                    "SLOC": 52,
                    "PLOC": 44,
                    "LLOC": 57,
                    "CLOC": 2,
                    "BLANK": 6,
                    "CC": {
                        "sum": 13,
                        "average": 13.0
                    },
                    "NOM": {
                        "functions": 1,
                        "closures": 0,
                        "total": 1
                    },
                    "Halstead": {
                        "n1": 26,
                        "n2": 24,
                        "N1": 145,
                        "N2": 137,
                        "Vocabulary": 50,
                        "Length": 282,
                        "Volume": 1591.5674455164722,
                        "Difficulty": 74.20833333333333,
                        "Level": 0.01347557551937114,
                        "Effort": 118107.5675193682,
                        "Programming time": 6561.531528853789,
                        "Bugs": 0.8024116559482926,
                        "Estimated program length": 232.25053268897614,
                        "Purity ratio": 0.8235834492516885
                    },
                    "Mi": {
                        "Original": 65.66298371205812,
                        "Sei": 35.312924862823095,
                        "Visual Studio": 38.39940567956615
                    }
                }
            ]
        }
    ]
}