{
    "SLOC": 78,
    "PLOC": 63,
    "LLOC": 42,
    "CLOC": 6,
    "BLANK": 9,
    "CC": 17.0,
    "NARGS": 0,
    "NEXITS": 1,
    "NOM": {
        "functions": 5,
        "closures": 4,
        "total": 9
    },
    "HALSTEAD": {
        "n1": 28,
        "n2": 51,
        "N1": 200,
        "N2": 140,
        "Vocabulary": 79,
        "Length": 340,
        "Volume": 2143.285454380215,
        "Difficulty": 38.431372549019606,
        "Level": 0.026020408163265306,
        "Effort": 82369.4017761808,
        "Programming time": 4576.077876454489,
        "Bugs": 0.6310387372075408,
        "Estimated program length": 423.89963025815916,
        "Purity ratio": 1.2467636184063504
    },
    "MI": {
        "Original": 56.626822020841715,
        "Sei": 28.553813090055428,
        "Visual Studio": 33.11510059698346
    },
    "files": [
        {
            "filename": "Assets/TypeScript/knucleotide.ts",
            "SLOC": 78,
            "PLOC": 63,
            "LLOC": 42,
            "CLOC": 6,
            "BLANK": 9,
            "CC": 17.0,
            "NARGS": 0,
            "NEXITS": 1,
            "NOM": {
                "functions": 5,
                "closures": 4,
                "total": 9
            },
            "Halstead": {
                "n1": 28,
                "n2": 51,
                "N1": 200,
                "N2": 140,
                "Vocabulary": 79,
                "Length": 340,
                "Volume": 2143.285454380215,
                "Difficulty": 38.431372549019606,
                "Level": 0.026020408163265306,
                "Effort": 82369.4017761808,
                "Programming time": 4576.077876454489,
                "Bugs": 0.6310387372075408,
                "Estimated program length": 423.89963025815916,
                "Purity ratio": 1.2467636184063504
            },
            "Mi": {
                "Original": 56.626822020841715,
                "Sei": 28.553813090055428,
                "Visual Studio": 33.11510059698346
            },
            "spaces": [
                {
                    "name": "RefNum",
                    "kind": "class",
                    "start_line": 12,
                    "end_line": 17,
                    "SLOC": 6,
                    "PLOC": 6,
                    "LLOC": 2,
                    "CLOC": 0,
                    "BLANK": 0,
                    "CC": 2.0,
                    "NARGS": 0,
                    "NEXITS": 0,
                    "NOM": {
                        "functions": 1,
                        "closures": 0,
                        "total": 1
                    },
                    "Halstead": {
                        "n1": 5,
                        "n2": 2,
                        "N1": 7,
                        "N2": 3,
                        "Vocabulary": 7,
                        "Length": 10,
                        "Volume": 28.07354922057604,
                        "Difficulty": 3.75,
                        "Level": 0.26666666666666666,
                        "Effort": 105.27580957716015,
                        "Programming time": 5.848656087620008,
                        "Bugs": 0.007431864881853823,
                        "Estimated program length": 13.60964047443681,
                        "Purity ratio": 1.360964047443681
                    },
                    "Mi": {
                        "Original": 124.17239191290477,
                        "Sei": 103.64568175486474,
                        "Visual Studio": 72.61543386719578
                    },
                    "spaces": [
                        {
                            "name": "constructor",
                            "kind": "function",
                            "start_line": 14,
                            "end_line": 16,
                            "SLOC": 3,
                            "PLOC": 3,
                            "LLOC": 2,
                            "CLOC": 0,
                            "BLANK": 0,
                            "CC": 1.0,
                            "NARGS": 1,
                            "NEXITS": 0,
                            "NOM": {
                                "functions": 1,
                                "closures": 0,
                                "total": 1
                            },
                            "Halstead": {
                                "n1": 5,
                                "n2": 2,
                                "N1": 5,
                                "N2": 3,
                                "Vocabulary": 7,
                                "Length": 8,
                                "Volume": 22.458839376460833,
                                "Difficulty": 3.75,
                                "Level": 0.26666666666666666,
                                "Effort": 84.22064766172812,
                                "Programming time": 4.678924870096007,
                                "Bugs": 0.006404587005238234,
                                "Estimated program length": 13.60964047443681,
                                "Purity ratio": 1.7012050593046013
                            },
                            "Mi": {
                                "Original": 136.79172270480979,
                                "Sei": 121.74970784827903,
                                "Visual Studio": 79.99515947649695
                            }
                        }
                    ]
                },
                {
                    "name": "frequency",
                    "kind": "function",
                    "start_line": 19,
                    "end_line": 34,
                    "SLOC": 16,
                    "PLOC": 16,
                    "LLOC": 12,
                    "CLOC": 0,
                    "BLANK": 0,
                    "CC": 3.0,
                    "NARGS": 2,
                    "NEXITS": 1,
                    "NOM": {
                        "functions": 1,
                        "closures": 0,
                        "total": 1
                    },
                    "Halstead": {
                        "n1": 19,
                        "n2": 14,
                        "N1": 53,
                        "N2": 33,
                        "Vocabulary": 33,
                        "Length": 86,
                        "Volume": 433.817894264827,
                        "Difficulty": 22.392857142857142,
                        "Level": 0.044657097288676235,
                        "Effort": 9714.422132287375,
                        "Programming time": 539.6901184604097,
                        "Bugs": 0.15175979326170239,
                        "Estimated program length": 134.01359166423458,
                        "Purity ratio": 1.5582975774910999
                    },
                    "Mi": {
                        "Original": 93.81641349231934,
                        "Sei": 59.953082085558194,
                        "Visual Studio": 54.86339970311072
                    }
                },
                {
                    "name": "sort",
                    "kind": "function",
                    "start_line": 36,
                    "end_line": 48,
                    "SLOC": 13,
                    "PLOC": 13,
                    "LLOC": 8,
                    "CLOC": 0,
                    "BLANK": 0,
                    "CC": 4.0,
                    "NARGS": 2,
                    "NEXITS": 0,
                    "NOM": {
                        "functions": 1,
                        "closures": 2,
                        "total": 3
                    },
                    "Halstead": {
                        "n1": 17,
                        "n2": 20,
                        "N1": 60,
                        "N2": 39,
                        "Vocabulary": 37,
                        "Length": 99,
                        "Volume": 515.735883197266,