{
    "SLOC": 128,
    "PLOC": 105,
    "LLOC": 65,
    "CLOC": 8,
    "BLANK": 15,
    "CC_SUM": 23,
    "CC_AVG": 2.875,
    "COGNITIVE_SUM": 28,
    "COGNITIVE_AVG": 4.666666666666667,
    "NARGS_SUM": 8,
    "NARGS_AVG": 1.3333333333333333,
    "NEXITS": 1,
    "NEXITS_AVG": 0.16666666666666666,
    "NOM": {
        "functions": 6,
        "closures": 0,
        "total": 6
    },
    "HALSTEAD": {
        "n1": 27,
        "n2": 82,
        "N1": 482,
        "N2": 302,
        "Vocabulary": 109,
        "Length": 784,
        "Volume": 5306.25651062511,
        "Difficulty": 49.71951219512195,
        "Level": 0.020112828059847928,
        "Effort": 263824.4852904704,
        "Programming time": 14656.915849470579,
        "Bugs": 1.3711621351267889,
        "Estimated program length": 649.7012269370965,
        "Purity ratio": 0.8287005445626231
    },
    "MI": {
        "Original": 42.508571963936674,
        "Sei": 6.852322535981969,
        "Visual Studio": 24.858814013998057
    },
    "files": [
        {
            "filename": "Assets/TypeScript/fasta.ts",
            "SLOC": 128,
            "PLOC": 105,
            "LLOC": 65,
            "CLOC": 8,
            "BLANK": 15,
            "CC_SUM": 23,
            "CC_AVG": 2.875,
            "COGNITIVE_SUM": 28,
            "COGNITIVE_AVG": 4.666666666666667,
            "NARGS_SUM": 8,
            "NARGS_AVG": 1.3333333333333333,
            "NEXITS": 1,
            "NEXITS_AVG": 0.16666666666666666,
            "NOM": {
                "functions": 6,
                "closures": 0,
                "total": 6
            },
            "Halstead": {
                "n1": 27,
                "n2": 82,
                "N1": 482,
                "N2": 302,
                "Vocabulary": 109,
                "Length": 784,
                "Volume": 5306.25651062511,
                "Difficulty": 49.71951219512195,
                "Level": 0.020112828059847928,
                "Effort": 263824.4852904704,
                "Programming time": 14656.915849470579,
                "Bugs": 1.3711621351267889,
                "Estimated program length": 649.7012269370965,
                "Purity ratio": 0.8287005445626231
            },
            "Mi": {
                "Original": 42.508571963936674,
                "Sei": 6.852322535981969,
                "Visual Studio": 24.858814013998057
            },
            "spaces": [
                {
                    "name": "Out",
                    "kind": "class",
                    "start_line": 14,
                    "end_line": 31,
                    "SLOC": 18,
                    "PLOC": 18,
                    "LLOC": 10,
                    "CLOC": 0,
                    "BLANK": 0,
                    "CC": {
                        "sum": 5,
                        "average": 1.6666666666666667
                    },
                    "COGNITIVE": {
                        "sum": 2,
                        "average": 1.0
                    },
                    "NARGS": {
                        "sum": 1,
                        "average": 0.5
                    },
                    "NEXITS": {
                        "sum": 0,
                        "average": 0.0
                    },
                    "NOM": {
                        "functions": 2,
                        "closures": 0,
                        "total": 2
                    },
                    "Halstead": {
                        "n1": 12,
                        "n2": 11,
                        "N1": 44,
                        "N2": 24,
                        "Vocabulary": 23,
                        "Length": 68,
                        "Volume": 307.60221301187687,
                        "Difficulty": 13.090909090909092,
                        "Level": 0.07638888888888888,
                        "Effort": 4026.792606700934,
                        "Programming time": 223.71070037227412,
                        "Bugs": 0.08436939217605684,
                        "Estimated program length": 81.07329781366414,
                        "Purity ratio": 1.1922543796127079
                    },
                    "Mi": {
                        "Original": 93.2361788754089,
                        "Sei": 59.319620199998326,
                        "Visual Studio": 54.52408121368941
                    },
                    "spaces": [
                        {
                            "name": "constructor",
                            "kind": "function",
                            "start_line": 19,
                            "end_line": 24,
                            "SLOC": 6,
                            "PLOC": 6,
                            "LLOC": 5,
                            "CLOC": 0,
                            "BLANK": 0,
                            "CC": {
                                "sum": 1,
                                "average": 1.0
                            },
                            "COGNITIVE": {
                                "sum": 0,
                                "average": 0.0
                            },
                            "NARGS": {
                                "sum": 0,
                                "average": 0.0
                            },
                            "NEXITS": {
                                "sum": 0,
                                "average": 0.0
                            },
                            "NOM": {
                                "functions": 1,
                                "closures": 0,
                                "total": 1
                            },
                            "Halstead": {
                                "n1": 7,
                                "n2": 8,
                                "N1": 18,
                                "N2": 13,
                                "Vocabulary": 15,
                                "Length": 31,
                                "Volume": 121.11360846386408,
                                "Difficulty": 5.6875,
                                "Level": 0.17582417582417584,
                                "Effort": 688.833648138227,
                                "Programming time": 38.26853600767927,
                                "Bugs": 0.02599890043577348,
                                "Estimated program length": 43.65148445440323,
                                "Purity ratio": 1.408112401754943
                            },
                            "Mi": {
                                "Original": 116.80050570481083,
                                "Sei": 92.90847822104541,
                                "Visual Studio": 68.30438930105898
                            }
                        },
                        {
                            "name": "flush",
                            "kind": "function",
                            "start_line": 25,
                            "end_line": 30,
                            "SLOC": 6,
                            "PLOC": 6,
                            "LLOC": 5,
                            "CLOC": 0,
                            "BLANK": 0,
                            "CC": {
                                "sum": 3,
                                "average": 3.0
                            },
                            "COGNITIVE": {
                                "sum": 2,
                                "average": 2.0
                            },
                            "NARGS": {
                                "sum": 1,
                                "average": 1.0
                            },
                            "NEXITS": {
                                "sum": 0,
                                "average": 0.0
                            },
                            "NOM": {
                                "functions": 1,
                                "closures": 0,