{
    "SLOC": {
        "__old": 139,
        "__new": 75
    },
    "PLOC": {
        "__old": 74,
        "__new": 56
    },
    "LLOC": {
        "__old": 28,
        "__new": 31
    },
    "CLOC": {
        "__old": 39,
        "__new": 7
    },
    "BLANK": {
        "__old": 26,
        "__new": 12
    },
    "CC_AVG": {
        "__old": 2,
        "__new": 1.5
    },
    "COGNITIVE_SUM": {
        "__old": 9,
        "__new": 5
    },
    "COGNITIVE_AVG": {
        "__old": 3,
        "__new": 0.7142857142857143
    },
    "NARGS_SUM": {
        "__old": 3,
        "__new": 14
    },
    "NARGS_AVG": {
        "__old": 1,
        "__new": 2
    },
    "NEXITS": {
        "__old": 4,
        "__new": 3
    },
    "NEXITS_AVG": {
        "__old": 1.3333333333333333,
        "__new": 0.42857142857142855
    },
    "NOM": {
        "functions": {
            "__old": 3,
            "__new": 4
        },
        "closures": {
            "__old": 0,
            "__new": 3
        },
        "total": {
            "__old": 3,
            "__new": 7
        }
    },
    "HALSTEAD": {
        "n1": {
            "__old": 23,
            "__new": 22
        },
        "n2": {
            "__old": 45,
            "__new": 43
        },
        "N1": {
            "__old": 204,
            "__new": 193
        },
        "N2": {
            "__old": 166,
            "__new": 140
        },
        "Vocabulary": {
            "__old": 68,
            "__new": 65
        },
        "Length": {
            "__old": 370,
            "__new": 333
        },
        "Volume": {
            "__old": 2252.3612512626255,
            "__new": 2005.4484817384753
        },
        "Difficulty": {
            "__old": 42.422222222222224,
            "__new": 35.81395348837209
        },
        "Level": {
            "__old": 0.023572551073860658,
            "__new": 0.02792207792207792
        },
        "Effort": {
            "__old": 95550.1695257856,
            "__new": 71823.03864830818
        },
        "Programming time": {
            "__old": 5308.342751432534,
            "__new": 3990.168813794899
        },
        "Bugs": {
            "__old": 0.6966795348870725,
            "__new": 0.5759541722145377
        },
        "Estimated program length": {
            "__old": 351.17531432414665,
            "__new": 331.4368800622107
        },
        "Purity ratio": {
            "__old": 0.9491224711463423,
            "__new": 0.9953059461327649
        }
    },
    "MI": {
        "Original": {
            "__old": 48.15890345569035,
            "__new": 58.75785297946959
        },
        "Sei": {
            "__old": 31.577285388498545,
            "__new": 33.08134287773029
        },
        "Visual Studio": {
            "__old": 28.16310143607623,
            "__new": 34.36131753185356
        }
    },
    "files": [
        [
            "~",
            {
                "filename": {
                    "__old": "Assets/C/binarytrees.c",
                    "__new": "Assets/Rust/binarytrees.rs"
                },
                "SLOC": {
                    "__old": 139,
                    "__new": 75
                },
                "PLOC": {
                    "__old": 74,
                    "__new": 56
                },
                "LLOC": {
                    "__old": 28,
                    "__new": 31
                },
                "CLOC": {
                    "__old": 39,
                    "__new": 7
                },
                "BLANK": {
                    "__old": 26,
                    "__new": 12
                },
                "CC_AVG": {
                    "__old": 2,
                    "__new": 1.5
                },
                "COGNITIVE_SUM": {
                    "__old": 9,
                    "__new": 5
                },
                "COGNITIVE_AVG": {
                    "__old": 3,
                    "__new": 0.7142857142857143
                },
                "NARGS_SUM": {
                    "__old": 3,
                    "__new": 14
                },
                "NARGS_AVG": {
                    "__old": 1,
                    "__new": 2
                },
                "NEXITS": {
                    "__old": 4,
                    "__new": 3
                },
                "NEXITS_AVG": {
                    "__old": 1.3333333333333333,
                    "__new": 0.42857142857142855
                },
                "NOM": {
                    "functions": {
                        "__old": 3,
                        "__new": 4
                    },
                    "closures": {
                        "__old": 0,
                        "__new": 3
                    },
                    "total": {
                        "__old": 3,
                        "__new": 7
                    }
                },
                "Halstead": {
                    "n1": {
                        "__old": 23,
                        "__new": 22
                    },
                    "n2": {
                        "__old": 45,
                        "__new": 43
                    },
                    "N1": {
                        "__old": 204,
                        "__new": 193
                    },
                    "N2": {
                        "__old": 166,
                        "__new": 140
                    },
                    "Vocabulary": {
                        "__old": 68,
                        "__new": 65
                    },
                    "Length": {
                        "__old": 370,
                        "__new": 333
                    },
                    "Volume": {
                        "__old": 2252.3612512626255,
                        "__new": 2005.4484817384753
                    },
                    "Difficulty": {
                        "__old": 42.422222222222224,
                        "__new": 35.81395348837209
                    },
                    "Level": {
                        "__old": 0.023572551073860658,
                        "__new": 0.02792207792207792
                    },
                    "Effort": {
                        "__old": 95550.1695257856,
                        "__new": 71823.03864830818
                    },
                    "Programming time": {
                        "__old": 5308.342751432534,
                        "__new": 3990.168813794899
                    },
                    "Bugs": {
                        "__old": 0.6966795348870725,
                        "__new": 0.5759541722145377
                    },
                    "Estimated program length": {
                        "__old": 351.17531432414665,
                        "__new": 331.4368800622107
                    },
                    "Purity ratio": {
                        "__old": 0.9491224711463423,
                        "__new": 0.9953059461327649
                    }
                },
                "Mi": {
                    "Original": {
                        "__old": 48.15890345569035,
                        "__new": 58.75785297946959
                    },
                    "Sei": {
                        "__old": 31.577285388498545,
                        "__new": 33.08134287773029
                    },
                    "Visual Studio": {
                        "__old": 28.16310143607623,
                        "__new": 34.36131753185356
                    }
                }
            }
        ]
    ]
}