{
    "SLOC": {
        "__old": 43,
        "__new": 25
    },
    "PLOC": {
        "__old": 37,
        "__new": 20
    },
    "LLOC": {
        "__old": 20,
        "__new": 19
    },
    "CLOC": {
        "__old": 1,
        "__new": 0
    },
    "CC": {
        "__old": 8,
        "__new": 6
    },
    "COGNITIVE": {
        "__old": 8,
        "__new": 6
    },
    "HALSTEAD": {
        "n1": {
            "__old": 14,
            "__new": 17
        },
        "n2": {
            "__old": 22,
            "__new": 21
        },
        "N1": {
            "__old": 105,
            "__new": 56
        },
        "N2": {
            "__old": 77,
            "__new": 46
        },
        "Vocabulary": {
            "__old": 36,
            "__new": 38
        },
        "Length": {
            "__old": 182,
            "__new": 102
        },
        "Volume": {
            "__old": 940.9263502625008,
            "__new": 535.2886063712457
        },
        "Difficulty": {
            "__old": 24.5,
            "__new": 18.61904761904762
        },
        "Level": {
            "__old": 0.04081632653061224,
            "__new": 0.053708439897698204
        },
        "Effort": {
            "__old": 23052.69558143127,
            "__new": 9966.56405195986
        },
        "Programming time": {
            "__old": 1280.7053100795151,
            "__new": 553.6980028866589
        },
        "Bugs": {
            "__old": 0.2699975907201127,
            "__new": 0.15437455548216625
        },
        "Estimated program length": {
            "__old": 151.41046451882698,
            "__new": 161.72553417960972
        },
        "Purity ratio": {
            "__old": 0.8319256292243241,
            "__new": 1.5855444527412719
        }
    },
    "MI": {
        "Original": {
            "__old": 72.62486080695876,
            "__new": 84.80362016358531
        },
        "Sei": {
            "__old": 41.592144510173725,
            "__new": 47.25582942384983
        },
        "Visual Studio": {
            "__old": 42.47067883447881,
            "__new": 49.592760329582056
        }
    },
    "files": [
        [
            "~",
            {
                "filename": {
                    "__old": "Assets/C/bubble_sort.c",
                    "__new": "Assets/Rust/bubble_sort.rs"
                },
                "SLOC": {
                    "__old": 43,
                    "__new": 25
                },
                "PLOC": {
                    "__old": 37,
                    "__new": 20
                },
                "LLOC": {
                    "__old": 20,
                    "__new": 19
                },
                "CLOC": {
                    "__old": 1,
                    "__new": 0
                },
                "CC": {
                    "__old": 8,
                    "__new": 6
                },
                "COGNITIVE": {
                    "__old": 8,
                    "__new": 6
                },
                "Halstead": {
                    "n1": {
                        "__old": 14,
                        "__new": 17
                    },
                    "n2": {
                        "__old": 22,
                        "__new": 21
                    },
                    "N1": {
                        "__old": 105,
                        "__new": 56
                    },
                    "N2": {
                        "__old": 77,
                        "__new": 46
                    },
                    "Vocabulary": {
                        "__old": 36,
                        "__new": 38
                    },
                    "Length": {
                        "__old": 182,
                        "__new": 102
                    },
                    "Volume": {
                        "__old": 940.9263502625008,
                        "__new": 535.2886063712457
                    },
                    "Difficulty": {
                        "__old": 24.5,
                        "__new": 18.61904761904762
                    },
                    "Level": {
                        "__old": 0.04081632653061224,
                        "__new": 0.053708439897698204
                    },
                    "Effort": {
                        "__old": 23052.69558143127,
                        "__new": 9966.56405195986
                    },
                    "Programming time": {
                        "__old": 1280.7053100795151,
                        "__new": 553.6980028866589
                    },
                    "Bugs": {
                        "__old": 0.2699975907201127,
                        "__new": 0.15437455548216625
                    },
                    "Estimated program length": {
                        "__old": 151.41046451882698,
                        "__new": 161.72553417960972
                    },
                    "Purity ratio": {
                        "__old": 0.8319256292243241,
                        "__new": 1.5855444527412719
                    }
                },
                "Mi": {
                    "Original": {
                        "__old": 72.62486080695876,
                        "__new": 84.80362016358531
                    },
                    "Sei": {
                        "__old": 41.592144510173725,
                        "__new": 47.25582942384983
                    },
                    "Visual Studio": {
                        "__old": 42.47067883447881,
                        "__new": 49.592760329582056
                    }
                }
            }
        ]
    ]
}