{
    "SLOC": {
        "__old": 174,
        "__new": 145
    },
    "PLOC": {
        "__old": 86,
        "__new": 95
    },
    "LLOC": {
        "__old": 41,
        "__new": 133
    },
    "CLOC": {
        "__old": 54,
        "__new": 33
    },
    "BLANK": {
        "__old": 34,
        "__new": 17
    },
    "NEXITS": {
        "__old": 1,
        "__new": 2
    },
    "NOM": {
        "functions": {
            "__old": 1,
            "__new": 2
        },
        "closures": {
            "__old": 0,
            "__new": 4
        },
        "total": {
            "__old": 1,
            "__new": 6
        }
    },
    "HALSTEAD": {
        "n1": {
            "__old": 30,
            "__new": 32
        },
        "n2": {
            "__old": 33,
            "__new": 48
        },
        "N1": {
            "__old": 285,
            "__new": 286
        },
        "N2": {
            "__old": 240,
            "__new": 228
        },
        "Vocabulary": {
            "__old": 63,
            "__new": 80
        },
        "Length": {
            "__old": 525,
            "__new": 514
        },
        "Volume": {
            "__old": 3138.0719598374562,
            "__new": 3249.4710407721045
        },
        "Difficulty": {
            "__old": 109.0909090909091,
            "__new": 76
        },
        "Level": {
            "__old": 0.009166666666666667,
            "__new": 0.013157894736842105
        },
        "Effort": {
            "__old": 342335.12289135886,
            "__new": 246959.79909867994
        },
        "Programming time": {
            "__old": 19018.617938408825,
            "__new": 13719.988838815552
        },
        "Bugs": {
            "__old": 1.6312219298557251,
            "__new": 1.3120878705738475
        },
        "Estimated program length": {
            "__old": 313.6717238070845,
            "__new": 428.0782000346155
        },
        "Purity ratio": {
            "__old": 0.5974699501087324,
            "__new": 0.8328369650478901
        }
    },
    "MI": {
        "Original": {
            "__old": 40.49621205585848,
            "__new": 43.26842634474846
        },
        "Sei": {
            "__old": 22.95379571466426,
            "__new": 22.64193201844158
        },
        "Visual Studio": {
            "__old": 23.681995354303204,
            "__new": 25.30317330102249
        }
    },
    "files": [
        [
            "~",
            {
                "filename": {
                    "__old": "Assets/C/fannkuchredux.c",
                    "__new": "Assets/Rust/fannkuchredux.rs"
                },
                "SLOC": {
                    "__old": 174,
                    "__new": 145
                },
                "PLOC": {
                    "__old": 86,
                    "__new": 95
                },
                "LLOC": {
                    "__old": 41,
                    "__new": 133
                },
                "CLOC": {
                    "__old": 54,
                    "__new": 33
                },
                "BLANK": {
                    "__old": 34,
                    "__new": 17
                },
                "COGNITIVE": {
                    "__old": 56,
                    "__new": 38
                },
                "NEXITS": {
                    "__old": 1,
                    "__new": 2
                },
                "NOM": {
                    "functions": {
                        "__old": 1,
                        "__new": 2
                    },
                    "closures": {
                        "__old": 0,
                        "__new": 4
                    },
                    "total": {
                        "__old": 1,
                        "__new": 6
                    }
                },
                "Halstead": {
                    "n1": {
                        "__old": 30,
                        "__new": 32
                    },
                    "n2": {
                        "__old": 33,
                        "__new": 48
                    },
                    "N1": {
                        "__old": 285,
                        "__new": 286
                    },
                    "N2": {
                        "__old": 240,
                        "__new": 228
                    },
                    "Vocabulary": {
                        "__old": 63,
                        "__new": 80
                    },
                    "Length": {
                        "__old": 525,
                        "__new": 514
                    },
                    "Volume": {
                        "__old": 3138.0719598374562,
                        "__new": 3249.4710407721045
                    },
                    "Difficulty": {
                        "__old": 109.0909090909091,
                        "__new": 76
                    },
                    "Level": {
                        "__old": 0.009166666666666667,
                        "__new": 0.013157894736842105
                    },
                    "Effort": {
                        "__old": 342335.12289135886,
                        "__new": 246959.79909867994
                    },
                    "Programming time": {
                        "__old": 19018.617938408825,
                        "__new": 13719.988838815552
                    },
                    "Bugs": {
                        "__old": 1.6312219298557251,
                        "__new": 1.3120878705738475
                    },
                    "Estimated program length": {
                        "__old": 313.6717238070845,
                        "__new": 428.0782000346155
                    },
                    "Purity ratio": {
                        "__old": 0.5974699501087324,
                        "__new": 0.8328369650478901
                    }
                },
                "Mi": {
                    "Original": {
                        "__old": 40.49621205585848,
                        "__new": 43.26842634474846
                    },
                    "Sei": {
                        "__old": 22.95379571466426,
                        "__new": 22.64193201844158
                    },
                    "Visual Studio": {
                        "__old": 23.681995354303204,
                        "__new": 25.30317330102249
                    }
                }
            }
        ]
    ]
}