{
    "SLOC": {
        "__old": 344,
        "__new": 221
    },
    "PLOC": {
        "__old": 255,
        "__new": 183
    },
    "LLOC": {
        "__old": 90,
        "__new": 241
    },
    "CLOC": {
        "__old": 49,
        "__new": 6
    },
    "BLANK": {
        "__old": 40,
        "__new": 32
    },
    "CC_SUM": {
        "__old": 35,
        "__new": 38
    },
    "CC_AVG": {
        "__old": 3.5,
        "__new": 2
    },
    "COGNITIVE_SUM": {
        "__old": 42,
        "__new": 20
    },
    "COGNITIVE_AVG": {
        "__old": 5.25,
        "__new": 1.25
    },
    "NARGS_SUM": {
        "__old": 15,
        "__new": 38
    },
    "NARGS_AVG": {
        "__old": 1.875,
        "__new": 2.375
    },
    "NEXITS": {
        "__old": 4,
        "__new": 10
    },
    "NOM": {
        "functions": {
            "__old": 8,
            "__new": 11
        },
        "closures": {
            "__old": 0,
            "__new": 5
        },
        "total": {
            "__old": 8,
            "__new": 16
        }
    },
    "HALSTEAD": {
        "n2": {
            "__old": 115,
            "__new": 123
        },
        "N1": {
            "__old": 570,
            "__new": 578
        },
        "N2": {
            "__old": 415,
            "__new": 358
        },
        "Vocabulary": {
            "__old": 146,
            "__new": 154
        },
        "Length": {
            "__old": 985,
            "__new": 936
        },
        "Volume": {
            "__old": 7081.9771904968175,
            "__new": 6801.712202090427
        },
        "Difficulty": {
            "__old": 55.93478260869565,
            "__new": 45.113821138211385
        },
        "Level": {
            "__old": 0.017877963466770307,
            "__new": 0.0221661560641557
        },
        "Effort": {
            "__old": 396128.8545901807,
            "__new": 306851.2277186974
        },
        "Programming time": {
            "__old": 22007.158588343373,
            "__new": 17047.290428816523
        },
        "Bugs": {
            "__old": 1.7979173803681505,
            "__new": 1.5164589389453085
        },
        "Estimated program length": {
            "__old": 940.8114414805963,
            "__new": 1007.5093697787196
        },
        "Purity ratio": {
            "__old": 0.9551385192696409,
            "__new": 1.0763988993362388
        }
    },
    "MI": {
        "Original": {
            "__old": 22.23200140869568,
            "__new": 28.92013003516172
        },
        "Sei": {
            "__old": -12.466182327989948,
            "__new": -17.483852860928224
        },
        "Visual Studio": {
            "__old": 13.001170414441917,
            "__new": 16.912356745708607
        }
    },
    "files": [
        [
            "~",
            {
                "filename": {
                    "__old": "Assets/C/fasta.c",
                    "__new": "Assets/Rust/fasta.rs"
                },
                "SLOC": {
                    "__old": 344,
                    "__new": 221
                },
                "PLOC": {
                    "__old": 255,
                    "__new": 183
                },
                "LLOC": {
                    "__old": 90,
                    "__new": 241
                },
                "CLOC": {
                    "__old": 49,
                    "__new": 6
                },
                "BLANK": {
                    "__old": 40,
                    "__new": 32
                },
                "CC_SUM": {
                    "__old": 35,
                    "__new": 38
                },
                "CC_AVG": {
                    "__old": 3.5,
                    "__new": 2
                },
                "COGNITIVE_SUM": {
                    "__old": 42,
                    "__new": 20
                },
                "COGNITIVE_AVG": {
                    "__old": 5.25,
                    "__new": 1.25
                },
                "NARGS_SUM": {
                    "__old": 15,
                    "__new": 38
                },
                "NARGS_AVG": {
                    "__old": 1.875,
                    "__new": 2.375
                },
                "NEXITS": {
                    "__old": 4,
                    "__new": 10
                },
                "NOM": {
                    "functions": {
                        "__old": 8,
                        "__new": 11
                    },
                    "closures": {
                        "__old": 0,
                        "__new": 5
                    },
                    "total": {
                        "__old": 8,
                        "__new": 16
                    }
                },
                "Halstead": {
                    "n2": {
                        "__old": 115,
                        "__new": 123
                    },
                    "N1": {
                        "__old": 570,
                        "__new": 578
                    },
                    "N2": {
                        "__old": 415,
                        "__new": 358
                    },
                    "Vocabulary": {
                        "__old": 146,
                        "__new": 154
                    },
                    "Length": {
                        "__old": 985,
                        "__new": 936
                    },
                    "Volume": {
                        "__old": 7081.9771904968175,
                        "__new": 6801.712202090427
                    },
                    "Difficulty": {
                        "__old": 55.93478260869565,
                        "__new": 45.113821138211385
                    },
                    "Level": {
                        "__old": 0.017877963466770307,
                        "__new": 0.0221661560641557
                    },
                    "Effort": {
                        "__old": 396128.8545901807,
                        "__new": 306851.2277186974
                    },
                    "Programming time": {
                        "__old": 22007.158588343373,
                        "__new": 17047.290428816523
                    },
                    "Bugs": {
                        "__old": 1.7979173803681505,
                        "__new": 1.5164589389453085
                    },
                    "Estimated program length": {
                        "__old": 940.8114414805963,
                        "__new": 1007.5093697787196
                    },
                    "Purity ratio": {
                        "__old": 0.9551385192696409,
                        "__new": 1.0763988993362388
                    }
                },
                "Mi": {
                    "Original": {
                        "__old": 22.23200140869568,
                        "__new": 28.92013003516172
                    },
                    "Sei": {
                        "__old": -12.466182327989948,
                        "__new": -17.483852860928224
                    },
                    "Visual Studio": {
                        "__old": 13.001170414441917,
                        "__new": 16.912356745708607
                    }
                }
            }
        ]
    ]
}