{
    "SLOC": {
        "__old": 247,
        "__new": 196
    },
    "PLOC": {
        "__old": 135,
        "__new": 174
    },
    "LLOC": {
        "__old": 56,
        "__new": 191
    },
    "CLOC": {
        "__old": 56,
        "__new": 7
    },
    "BLANK": {
        "__old": 56,
        "__new": 15
    },
    "CC": {
        "__old": 27,
        "__new": 59
    },
    "NEXITS": {
        "__old": 4,
        "__new": 11
    },
    "NOM": {
        "functions": {
            "__old": 4,
            "__new": 16
        },
        "closures": {
            "__old": 0,
            "__new": 5
        },
        "total": {
            "__old": 4,
            "__new": 21
        }
    },
    "HALSTEAD": {
        "n1": {
            "__old": 34,
            "__new": 33
        },
        "n2": {
            "__old": 79,
            "__new": 107
        },
        "N1": {
            "__old": 482,
            "__new": 547
        },
        "N2": {
            "__old": 385,
            "__new": 337
        },
        "Vocabulary": {
            "__old": 113,
            "__new": 140
        },
        "Length": {
            "__old": 867,
            "__new": 884
        },
        "Volume": {
            "__old": 5913.095160413968,
            "__new": 6302.2861869793505
        },
        "Difficulty": {
            "__old": 82.84810126582279,
            "__new": 51.967289719626166
        },
        "Level": {
            "__old": 0.012070282658517952,
            "__new": 0.01924287384228037
        },
        "Effort": {
            "__old": 489888.7066444231,
            "__new": 327512.73217475397
        },
        "Programming time": {
            "__old": 27216.039258023506,
            "__new": 18195.15178748633
        },
        "Bugs": {
            "__old": 2.0714622848378177,
            "__new": 1.583789783999874
        },
        "Estimated program length": {
            "__old": 670.9724157085027,
            "__new": 887.8019734837518
        },
        "Purity ratio": {
            "__old": 0.7739012868610181,
            "__new": 1.0043008749816196
        }
    },
    "MI": {
        "Original": {
            "__old": 30.376300563228924,
            "__new": 26.431470306919564
        },
        "Sei": {
            "__old": 4.499605876006868,
            "__new": -17.130655094041984
        },
        "Visual Studio": {
            "__old": 17.76391845802861,
            "__new": 15.457000179485124
        }
    },
    "files": [
        [
            "~",
            {
                "filename": {
                    "__old": "Assets/C/knucleotide.c",
                    "__new": "Assets/Rust/knucleotide.rs"
                },
                "SLOC": {
                    "__old": 247,
                    "__new": 196
                },
                "PLOC": {
                    "__old": 135,
                    "__new": 174
                },
                "LLOC": {
                    "__old": 56,
                    "__new": 191
                },
                "CLOC": {
                    "__old": 56,
                    "__new": 7
                },
                "BLANK": {
                    "__old": 56,
                    "__new": 15
                },
                "CC": {
                    "__old": 27,
                    "__new": 59
                },
                "COGNITIVE": {
                    "__old": 28,
                    "__new": 15
                },
                "NEXITS": {
                    "__old": 4,
                    "__new": 11
                },
                "NOM": {
                    "functions": {
                        "__old": 4,
                        "__new": 16
                    },
                    "closures": {
                        "__old": 0,
                        "__new": 5
                    },
                    "total": {
                        "__old": 4,
                        "__new": 21
                    }
                },
                "Halstead": {
                    "n1": {
                        "__old": 34,
                        "__new": 33
                    },
                    "n2": {
                        "__old": 79,
                        "__new": 107
                    },
                    "N1": {
                        "__old": 482,
                        "__new": 547
                    },
                    "N2": {
                        "__old": 385,
                        "__new": 337
                    },
                    "Vocabulary": {
                        "__old": 113,
                        "__new": 140
                    },
                    "Length": {
                        "__old": 867,
                        "__new": 884
                    },
                    "Volume": {
                        "__old": 5913.095160413968,
                        "__new": 6302.2861869793505
                    },
                    "Difficulty": {
                        "__old": 82.84810126582279,
                        "__new": 51.967289719626166
                    },
                    "Level": {
                        "__old": 0.012070282658517952,
                        "__new": 0.01924287384228037
                    },
                    "Effort": {
                        "__old": 489888.7066444231,
                        "__new": 327512.73217475397
                    },
                    "Programming time": {
                        "__old": 27216.039258023506,
                        "__new": 18195.15178748633
                    },
                    "Bugs": {
                        "__old": 2.0714622848378177,
                        "__new": 1.583789783999874
                    },
                    "Estimated program length": {
                        "__old": 670.9724157085027,
                        "__new": 887.8019734837518
                    },
                    "Purity ratio": {
                        "__old": 0.7739012868610181,
                        "__new": 1.0043008749816196
                    }
                },
                "Mi": {
                    "Original": {
                        "__old": 30.376300563228924,
                        "__new": 26.431470306919564
                    },
                    "Sei": {
                        "__old": 4.499605876006868,
                        "__new": -17.130655094041984
                    },
                    "Visual Studio": {
                        "__old": 17.76391845802861,
                        "__new": 15.457000179485124
                    }
                }
            }
        ]
    ]
}