{
    "SLOC": {
        "__old": 201,
        "__new": 143
    },
    "PLOC": {
        "__old": 140,
        "__new": 119
    },
    "LLOC": {
        "__old": 60,
        "__new": 137
    },
    "CLOC": {
        "__old": 22,
        "__new": 6
    },
    "BLANK": {
        "__old": 39,
        "__new": 18
    },
    "CC": {
        "__old": 39,
        "__new": 28
    },
    "NEXITS": {
        "__old": 5,
        "__new": 8
    },
    "NOM": {
        "functions": {
            "__old": 7,
            "__new": 9
        },
        "closures": {
            "__old": 0,
            "__new": 5
        },
        "total": {
            "__old": 7,
            "__new": 14
        }
    },
    "HALSTEAD": {
        "n1": {
            "__old": 33,
            "__new": 26
        },
        "n2": {
            "__old": 78,
            "__new": 76
        },
        "N1": {
            "__old": 500,
            "__new": 322
        },
        "N2": {
            "__old": 395,
            "__new": 228
        },
        "Vocabulary": {
            "__old": 111,
            "__new": 102
        },
        "Length": {
            "__old": 895,
            "__new": 550
        },
        "Volume": {
            "__old": 6081.002200383345,
            "__new": 3669.833938084322
        },
        "Difficulty": {
            "__old": 83.5576923076923,
            "__new": 39
        },
        "Level": {
            "__old": 0.011967779056386652,
            "__new": 0.02564102564102564
        },
        "Effort": {
            "__old": 508114.5107820314,
            "__new": 143123.52358528855
        },
        "Programming time": {
            "__old": 28228.583932335077,
            "__new": 7951.306865849364
        },
        "Bugs": {
            "__old": 2.122526610378524,
            "__new": 0.9120516325555061
        },
        "Estimated program length": {
            "__old": 656.7263790100843,
            "__new": 597.0539236933809
        },
        "Purity ratio": {
            "__old": 0.7337724905140607,
            "__new": 1.0855525885334196
        }
    },
    "MI": {
        "Original": {
            "__old": 30.8092515452214,
            "__new": 41.48082819374778
        },
        "Sei": {
            "__old": -2.7623552082978513,
            "__new": 2.595911126556201
        },
        "Visual Studio": {
            "__old": 18.01710616679614,
            "__new": 24.25779426534958
        }
    },
    "files": [
        [
            "~",
            {
                "filename": {
                    "__old": "Assets/C/mandelbrot.c",
                    "__new": "Assets/Rust/mandelbrot.rs"
                },
                "SLOC": {
                    "__old": 201,
                    "__new": 143
                },
                "PLOC": {
                    "__old": 140,
                    "__new": 119
                },
                "LLOC": {
                    "__old": 60,
                    "__new": 137
                },
                "CLOC": {
                    "__old": 22,
                    "__new": 6
                },
                "BLANK": {
                    "__old": 39,
                    "__new": 18
                },
                "CC": {
                    "__old": 39,
                    "__new": 28
                },
                "COGNITIVE": {
                    "__old": 33,
                    "__new": 10
                },
                "NEXITS": {
                    "__old": 5,
                    "__new": 8
                },
                "NOM": {
                    "functions": {
                        "__old": 7,
                        "__new": 9
                    },
                    "closures": {
                        "__old": 0,
                        "__new": 5
                    },
                    "total": {
                        "__old": 7,
                        "__new": 14
                    }
                },
                "Halstead": {
                    "n1": {
                        "__old": 33,
                        "__new": 26
                    },
                    "n2": {
                        "__old": 78,
                        "__new": 76
                    },
                    "N1": {
                        "__old": 500,
                        "__new": 322
                    },
                    "N2": {
                        "__old": 395,
                        "__new": 228
                    },
                    "Vocabulary": {
                        "__old": 111,
                        "__new": 102
                    },
                    "Length": {
                        "__old": 895,
                        "__new": 550
                    },
                    "Volume": {
                        "__old": 6081.002200383345,
                        "__new": 3669.833938084322
                    },
                    "Difficulty": {
                        "__old": 83.5576923076923,
                        "__new": 39
                    },
                    "Level": {
                        "__old": 0.011967779056386652,
                        "__new": 0.02564102564102564
                    },
                    "Effort": {
                        "__old": 508114.5107820314,
                        "__new": 143123.52358528855
                    },
                    "Programming time": {
                        "__old": 28228.583932335077,
                        "__new": 7951.306865849364
                    },
                    "Bugs": {
                        "__old": 2.122526610378524,
                        "__new": 0.9120516325555061
                    },
                    "Estimated program length": {
                        "__old": 656.7263790100843,
                        "__new": 597.0539236933809
                    },
                    "Purity ratio": {
                        "__old": 0.7337724905140607,
                        "__new": 1.0855525885334196
                    }
                },
                "Mi": {
                    "Original": {
                        "__old": 30.8092515452214,
                        "__new": 41.48082819374778
                    },
                    "Sei": {
                        "__old": -2.7623552082978513,
                        "__new": 2.595911126556201
                    },
                    "Visual Studio": {
                        "__old": 18.01710616679614,
                        "__new": 24.25779426534958
                    }
                }
            }
        ]
    ]
}