{
    "SLOC": {
        "__old": 160,
        "__new": 204
    },
    "PLOC": {
        "__old": 128,
        "__new": 157
    },
    "LLOC": {
        "__old": 39,
        "__new": 204
    },
    "CLOC": {
        "__old": 13,
        "__new": 24
    },
    "BLANK": {
        "__old": 19,
        "__new": 23
    },
    "CC": {
        "__old": 28,
        "__new": 36
    },
    "NEXITS": {
        "__old": 2,
        "__new": 9
    },
    "NOM": {
        "functions": {
            "__old": 4,
            "__new": 14
        },
        "closures": {
            "__old": 0,
            "__new": 5
        },
        "total": {
            "__old": 4,
            "__new": 19
        }
    },
    "HALSTEAD": {
        "n1": {
            "__old": 19,
            "__new": 26
        },
        "n2": {
            "__old": 85,
            "__new": 100
        },
        "N1": {
            "__old": 534,
            "__new": 573
        },
        "N2": {
            "__old": 429,
            "__new": 353
        },
        "Vocabulary": {
            "__old": 104,
            "__new": 126
        },
        "Length": {
            "__old": 963,
            "__new": 926
        },
        "Volume": {
            "__old": 6452.523448569871,
            "__new": 6460.961209160923
        },
        "Difficulty": {
            "__old": 47.94705882352941,
            "__new": 45.89
        },
        "Level": {
            "__old": 0.020856336645810332,
            "__new": 0.021791239921551537
        },
        "Effort": {
            "__old": 309379.52134878247,
            "__new": 296493.5098883948
        },
        "Programming time": {
            "__old": 17187.75118604347,
            "__new": 16471.861660466377
        },
        "Bugs": {
            "__old": 1.5247774273398966,
            "__new": 1.4821387872186218
        },
        "Estimated program length": {
            "__old": 625.5088523271327,
            "__new": 786.5970516491408
        },
        "Purity ratio": {
            "__old": 0.6495419027280713,
            "__new": 0.8494568592323335
        }
    },
    "MI": {
        "Original": {
            "__old": 36.72660605201497,
            "__new": 30.94408252530617
        },
        "Sei": {
            "__old": 1.5041821017136954,
            "__new": -2.0567631101561155
        },
        "Visual Studio": {
            "__old": 21.477547398839164,
            "__new": 18.095954693161502
        }
    },
    "files": [
        [
            "~",
            {
                "filename": {
                    "__old": "Assets/C/nbody.c",
                    "__new": "Assets/Rust/nbody.rs"
                },
                "SLOC": {
                    "__old": 160,
                    "__new": 204
                },
                "PLOC": {
                    "__old": 128,
                    "__new": 157
                },
                "LLOC": {
                    "__old": 39,
                    "__new": 204
                },
                "CLOC": {
                    "__old": 13,
                    "__new": 24
                },
                "BLANK": {
                    "__old": 19,
                    "__new": 23
                },
                "CC": {
                    "__old": 28,
                    "__new": 36
                },
                "NEXITS": {
                    "__old": 2,
                    "__new": 9
                },
                "NOM": {
                    "functions": {
                        "__old": 4,
                        "__new": 14
                    },
                    "closures": {
                        "__old": 0,
                        "__new": 5
                    },
                    "total": {
                        "__old": 4,
                        "__new": 19
                    }
                },
                "Halstead": {
                    "n1": {
                        "__old": 19,
                        "__new": 26
                    },
                    "n2": {
                        "__old": 85,
                        "__new": 100
                    },
                    "N1": {
                        "__old": 534,
                        "__new": 573
                    },
                    "N2": {
                        "__old": 429,
                        "__new": 353
                    },
                    "Vocabulary": {
                        "__old": 104,
                        "__new": 126
                    },
                    "Length": {
                        "__old": 963,
                        "__new": 926
                    },
                    "Volume": {
                        "__old": 6452.523448569871,
                        "__new": 6460.961209160923
                    },
                    "Difficulty": {
                        "__old": 47.94705882352941,
                        "__new": 45.89
                    },
                    "Level": {
                        "__old": 0.020856336645810332,
                        "__new": 0.021791239921551537
                    },
                    "Effort": {
                        "__old": 309379.52134878247,
                        "__new": 296493.5098883948
                    },
                    "Programming time": {
                        "__old": 17187.75118604347,
                        "__new": 16471.861660466377
                    },
                    "Bugs": {
                        "__old": 1.5247774273398966,
                        "__new": 1.4821387872186218
                    },
                    "Estimated program length": {
                        "__old": 625.5088523271327,
                        "__new": 786.5970516491408
                    },
                    "Purity ratio": {
                        "__old": 0.6495419027280713,
                        "__new": 0.8494568592323335
                    }
                },
                "Mi": {
                    "Original": {
                        "__old": 36.72660605201497,
                        "__new": 30.94408252530617
                    },
                    "Sei": {
                        "__old": 1.5041821017136954,
                        "__new": -2.0567631101561155
                    },
                    "Visual Studio": {
                        "__old": 21.477547398839164,
                        "__new": 18.095954693161502
                    }
                }
            }
        ]
    ]
}