{
    "SLOC": {
        "__old": 65,
        "__new": 172
    },
    "PLOC": {
        "__old": 45,
        "__new": 149
    },
    "LLOC": {
        "__old": 28,
        "__new": 142
    },
    "CLOC": {
        "__old": 6,
        "__new": 14
    },
    "BLANK": {
        "__old": 14,
        "__new": 9
    },
    "CC": {
        "__old": 9,
        "__new": 44
    },
    "NEXITS": {
        "__old": 2,
        "__new": 10
    },
    "NOM": {
        "functions": {
            "__old": 4,
            "__new": 18
        },
        "closures": {
            "__old": 0,
            "__new": 2
        },
        "total": {
            "__old": 4,
            "__new": 20
        }
    },
    "HALSTEAD": {
        "n1": {
            "__old": 19,
            "__new": 28
        },
        "n2": {
            "__old": 39,
            "__new": 82
        },
        "N1": {
            "__old": 133,
            "__new": 434
        },
        "N2": {
            "__old": 116,
            "__new": 254
        },
        "Vocabulary": {
            "__old": 58,
            "__new": 110
        },
        "Length": {
            "__old": 249,
            "__new": 688
        },
        "Volume": {
            "__old": 1458.6372677867655,
            "__new": 4665.575482904966
        },
        "Difficulty": {
            "__old": 28.256410256410255,
            "__new": 43.36585365853659
        },
        "Level": {
            "__old": 0.0353901996370236,
            "__new": 0.023059617547806523
        },
        "Effort": {
            "__old": 41215.85305387219,
            "__new": 202326.6636245129
        },
        "Programming time": {
            "__old": 2289.7696141040105,
            "__new": 11240.370201361828
        },
        "Bugs": {
            "__old": 0.3977299301367299,
            "__new": 1.148808107816785
        },
        "Estimated program length": {
            "__old": 286.84130929105584,
            "__new": 655.9252021962958
        },
        "Purity ratio": {
            "__old": 1.1519731296829552,
            "__new": 0.9533796543550811
        }
    },
    "MI": {
        "Original": {
            "__old": 63.42158514454242,
            "__new": 33.56116384464211
        },
        "Sei": {
            "__old": 39.38809862139142,
            "__new": -1.415622990418985
        },
        "Visual Studio": {
            "__old": 37.088646283358145,
            "__new": 19.626411605053864
        }
    },
    "files": [
        [
            "~",
            {
                "filename": {
                    "__old": "Assets/C/pidigits.c",
                    "__new": "Assets/Rust/pidigits.rs"
                },
                "SLOC": {
                    "__old": 65,
                    "__new": 172
                },
                "PLOC": {
                    "__old": 45,
                    "__new": 149
                },
                "LLOC": {
                    "__old": 28,
                    "__new": 142
                },
                "CLOC": {
                    "__old": 6,
                    "__new": 14
                },
                "BLANK": {
                    "__old": 14,
                    "__new": 9
                },
                "CC": {
                    "__old": 9,
                    "__new": 44
                },
                "COGNITIVE": {
                    "__old": 7,
                    "__new": 11
                },
                "NEXITS": {
                    "__old": 2,
                    "__new": 10
                },
                "NOM": {
                    "functions": {
                        "__old": 4,
                        "__new": 18
                    },
                    "closures": {
                        "__old": 0,
                        "__new": 2
                    },
                    "total": {
                        "__old": 4,
                        "__new": 20
                    }
                },
                "Halstead": {
                    "n1": {
                        "__old": 19,
                        "__new": 28
                    },
                    "n2": {
                        "__old": 39,
                        "__new": 82
                    },
                    "N1": {
                        "__old": 133,
                        "__new": 434
                    },
                    "N2": {
                        "__old": 116,
                        "__new": 254
                    },
                    "Vocabulary": {
                        "__old": 58,
                        "__new": 110
                    },
                    "Length": {
                        "__old": 249,
                        "__new": 688
                    },
                    "Volume": {
                        "__old": 1458.6372677867655,
                        "__new": 4665.575482904966
                    },
                    "Difficulty": {
                        "__old": 28.256410256410255,
                        "__new": 43.36585365853659
                    },
                    "Level": {
                        "__old": 0.0353901996370236,
                        "__new": 0.023059617547806523
                    },
                    "Effort": {
                        "__old": 41215.85305387219,
                        "__new": 202326.6636245129
                    },
                    "Programming time": {
                        "__old": 2289.7696141040105,
                        "__new": 11240.370201361828
                    },
                    "Bugs": {
                        "__old": 0.3977299301367299,
                        "__new": 1.148808107816785
                    },
                    "Estimated program length": {
                        "__old": 286.84130929105584,
                        "__new": 655.9252021962958
                    },
                    "Purity ratio": {
                        "__old": 1.1519731296829552,
                        "__new": 0.9533796543550811
                    }
                },
                "Mi": {
                    "Original": {
                        "__old": 63.42158514454242,
                        "__new": 33.56116384464211
                    },
                    "Sei": {
                        "__old": 39.38809862139142,
                        "__new": -1.415622990418985
                    },
                    "Visual Studio": {
                        "__old": 37.088646283358145,
                        "__new": 19.626411605053864
                    }
                }
            }
        ]
    ]
}