{
    "SLOC": {
        "__old": 208,
        "__new": 86
    },
    "PLOC": {
        "__old": 111,
        "__new": 54
    },
    "LLOC": {
        "__old": 38,
        "__new": 67
    },
    "CLOC": {
        "__old": 51,
        "__new": 19
    },
    "BLANK": {
        "__old": 46,
        "__new": 13
    },
    "CC_SUM": {
        "__old": 12,
        "__new": 10
    },
    "CC_AVG": {
        "__old": 3,
        "__new": 2.5
    },
    "COGNITIVE_SUM": {
        "__old": 11,
        "__new": 3
    },
    "COGNITIVE_AVG": {
        "__old": 5.5,
        "__new": 1
    },
    "NARGS_SUM": {
        "__old": 6,
        "__new": 2
    },
    "NARGS_AVG": {
        "__old": 3,
        "__new": 0.6666666666666666
    },
    "NOM": {
        "closures": {
            "__old": 0,
            "__new": 1
        },
        "total": {
            "__old": 2,
            "__new": 3
        }
    },
    "HALSTEAD": {
        "n1": {
            "__old": 26,
            "__new": 21
        },
        "n2": {
            "__old": 77,
            "__new": 70
        },
        "N1": {
            "__old": 410,
            "__new": 163
        },
        "N2": {
            "__old": 328,
            "__new": 136
        },
        "Vocabulary": {
            "__old": 103,
            "__new": 91
        },
        "Length": {
            "__old": 738,
            "__new": 299
        },
        "Volume": {
            "__old": 4934.637389061215,
            "__new": 1945.8305974194102
        },
        "Difficulty": {
            "__old": 55.37662337662338,
            "__new": 20.4
        },
        "Level": {
            "__old": 0.018058161350844277,
            "__new": 0.04901960784313726
        },
        "Effort": {
            "__old": 273263.55619424704,
            "__new": 39694.94418735596
        },
        "Programming time": {
            "__old": 15181.308677458168,
            "__new": 2205.274677075331
        },
        "Bugs": {
            "__old": 1.4036749703370608,
            "__new": 0.38788430677563934
        },
        "Estimated program length": {
            "__old": 604.7539963051757,
            "__new": 521.2884770645016
        },
        "Purity ratio": {
            "__old": 0.819449859492108,
            "__new": 1.7434397226237512
        }
    },
    "MI": {
        "Original": {
            "__old": 37.550903855613285,
            "__new": 57.15766392288438
        },
        "Sei": {
            "__old": 14.398456559195303,
            "__new": 41.053693253235366
        },
        "Visual Studio": {
            "__old": 21.959592898019466,
            "__new": 33.425534457827126
        }
    },
    "files": [
        [
            "~",
            {
                "filename": {
                    "__old": "Assets/C/regexredux.c",
                    "__new": "Assets/Rust/regexredux.rs"
                },
                "SLOC": {
                    "__old": 208,
                    "__new": 86
                },
                "PLOC": {
                    "__old": 111,
                    "__new": 54
                },
                "LLOC": {
                    "__old": 38,
                    "__new": 67
                },
                "CLOC": {
                    "__old": 51,
                    "__new": 19
                },
                "BLANK": {
                    "__old": 46,
                    "__new": 13
                },
                "CC_SUM": {
                    "__old": 12,
                    "__new": 10
                },
                "CC_AVG": {
                    "__old": 3,
                    "__new": 2.5
                },
                "COGNITIVE_SUM": {
                    "__old": 11,
                    "__new": 3
                },
                "COGNITIVE_AVG": {
                    "__old": 5.5,
                    "__new": 1
                },
                "NARGS_SUM": {
                    "__old": 6,
                    "__new": 2
                },
                "NARGS_AVG": {
                    "__old": 3,
                    "__new": 0.6666666666666666
                },
                "NOM": {
                    "closures": {
                        "__old": 0,
                        "__new": 1
                    },
                    "total": {
                        "__old": 2,
                        "__new": 3
                    }
                },
                "Halstead": {
                    "n1": {
                        "__old": 26,
                        "__new": 21
                    },
                    "n2": {
                        "__old": 77,
                        "__new": 70
                    },
                    "N1": {
                        "__old": 410,
                        "__new": 163
                    },
                    "N2": {
                        "__old": 328,
                        "__new": 136
                    },
                    "Vocabulary": {
                        "__old": 103,
                        "__new": 91
                    },
                    "Length": {
                        "__old": 738,
                        "__new": 299
                    },
                    "Volume": {
                        "__old": 4934.637389061215,
                        "__new": 1945.8305974194102
                    },
                    "Difficulty": {
                        "__old": 55.37662337662338,
                        "__new": 20.4
                    },
                    "Level": {
                        "__old": 0.018058161350844277,
                        "__new": 0.04901960784313726
                    },
                    "Effort": {
                        "__old": 273263.55619424704,
                        "__new": 39694.94418735596
                    },
                    "Programming time": {
                        "__old": 15181.308677458168,
                        "__new": 2205.274677075331
                    },
                    "Bugs": {
                        "__old": 1.4036749703370608,
                        "__new": 0.38788430677563934
                    },
                    "Estimated program length": {
                        "__old": 604.7539963051757,
                        "__new": 521.2884770645016
                    },
                    "Purity ratio": {
                        "__old": 0.819449859492108,
                        "__new": 1.7434397226237512
                    }
                },
                "Mi": {
                    "Original": {
                        "__old": 37.550903855613285,
                        "__new": 57.15766392288438
                    },
                    "Sei": {
                        "__old": 14.398456559195303,
                        "__new": 41.053693253235366
                    },
                    "Visual Studio": {
                        "__old": 21.959592898019466,
                        "__new": 33.425534457827126
                    }
                }
            }
        ]
    ]
}