{
    "SLOC": {
        "__old": 151,
        "__new": 182
    },
    "PLOC": {
        "__old": 77,
        "__new": 127
    },
    "LLOC": {
        "__old": 37,
        "__new": 64
    },
    "CLOC": {
        "__old": 41,
        "__new": 38
    },
    "BLANK": {
        "__old": 33,
        "__new": 17
    },
    "CC_SUM": {
        "__old": 17,
        "__new": 45
    },
    "CC_AVG": {
        "__old": 5.666666666666667,
        "__new": 3.4615384615384617
    },
    "COGNITIVE_SUM": {
        "__old": 21,
        "__new": 18
    },
    "COGNITIVE_AVG": {
        "__old": 10.5,
        "__new": 1.8
    },
    "NARGS_SUM": {
        "__old": 3,
        "__new": 17
    },
    "NARGS_AVG": {
        "__old": 1.5,
        "__new": 1.7
    },
    "NEXITS": {
        "__old": 1,
        "__new": 4
    },
    "NEXITS_AVG": {
        "__old": 0.5,
        "__new": 0.4
    },
    "NOM": {
        "functions": {
            "__old": 2,
            "__new": 8
        },
        "closures": {
            "__old": 0,
            "__new": 2
        },
        "total": {
            "__old": 2,
            "__new": 10
        }
    },
    "HALSTEAD": {
        "n1": {
            "__old": 25,
            "__new": 30
        },
        "n2": {
            "__old": 29,
            "__new": 96
        },
        "N1": {
            "__old": 194,
            "__new": 452
        },
        "N2": {
            "__old": 128,
            "__new": 307
        },
        "Vocabulary": {
            "__old": 54,
            "__new": 126
        },
        "Length": {
            "__old": 322,
            "__new": 759
        },
        "Volume": {
            "__old": 1853.0737756966369,
            "__new": 5295.755461936436
        },
        "Difficulty": {
            "__old": 55.172413793103445,
            "__new": 47.96875
        },
        "Level": {
            "__old": 0.018125000000000002,
            "__new": 0.020846905537459284
        },
        "Effort": {
            "__old": 102238.5531418834,
            "__new": 254030.76981476342
        },
        "Programming time": {
            "__old": 5679.919618993522,
            "__new": 14112.820545264634
        },
        "Bugs": {
            "__old": 0.7288226738088915,
            "__new": 1.3370150466930253
        },
        "Estimated program length": {
            "__old": 256.9778536030677,
            "__new": 779.3631179374865
        },
        "Purity ratio": {
            "__old": 0.7980678683325083,
            "__new": 1.0268288773879928
        }
    },
    "MI": {
        "Original": {
            "__old": 46.68214123724049,
            "__new": 31.75685487264124
        },
        "Sei": {
            "__old": 29.49766081859525,
            "__new": 7.207856703514615
        },
        "Visual Studio": {
            "__old": 27.29949779955584,
            "__new": 18.571260159439323
        }
    },
    "files": [
        [
            "~",
            {
                "filename": {
                    "__old": "Assets/C/revcomp.c",
                    "__new": "Assets/Rust/revcomp.rs"
                },
                "SLOC": {
                    "__old": 151,
                    "__new": 182
                },
                "PLOC": {
                    "__old": 77,
                    "__new": 127
                },
                "LLOC": {
                    "__old": 37,
                    "__new": 64
                },
                "CLOC": {
                    "__old": 41,
                    "__new": 38
                },
                "BLANK": {
                    "__old": 33,
                    "__new": 17
                },
                "CC_SUM": {
                    "__old": 17,
                    "__new": 45
                },
                "CC_AVG": {
                    "__old": 5.666666666666667,
                    "__new": 3.4615384615384617
                },
                "COGNITIVE_SUM": {
                    "__old": 21,
                    "__new": 18
                },
                "COGNITIVE_AVG": {
                    "__old": 10.5,
                    "__new": 1.8
                },
                "NARGS_SUM": {
                    "__old": 3,
                    "__new": 17
                },
                "NARGS_AVG": {
                    "__old": 1.5,
                    "__new": 1.7
                },
                "NEXITS": {
                    "__old": 1,
                    "__new": 4
                },
                "NEXITS_AVG": {
                    "__old": 0.5,
                    "__new": 0.4
                },
                "NOM": {
                    "functions": {
                        "__old": 2,
                        "__new": 8
                    },
                    "closures": {
                        "__old": 0,
                        "__new": 2
                    },
                    "total": {
                        "__old": 2,
                        "__new": 10
                    }
                },
                "Halstead": {
                    "n1": {
                        "__old": 25,
                        "__new": 30
                    },
                    "n2": {
                        "__old": 29,
                        "__new": 96
                    },
                    "N1": {
                        "__old": 194,
                        "__new": 452
                    },
                    "N2": {
                        "__old": 128,
                        "__new": 307
                    },
                    "Vocabulary": {
                        "__old": 54,
                        "__new": 126
                    },
                    "Length": {
                        "__old": 322,
                        "__new": 759
                    },
                    "Volume": {
                        "__old": 1853.0737756966369,
                        "__new": 5295.755461936436
                    },
                    "Difficulty": {
                        "__old": 55.172413793103445,
                        "__new": 47.96875
                    },
                    "Level": {
                        "__old": 0.018125000000000002,
                        "__new": 0.020846905537459284
                    },
                    "Effort": {
                        "__old": 102238.5531418834,
                        "__new": 254030.76981476342
                    },
                    "Programming time": {
                        "__old": 5679.919618993522,
                        "__new": 14112.820545264634
                    },
                    "Bugs": {
                        "__old": 0.7288226738088915,
                        "__new": 1.3370150466930253
                    },
                    "Estimated program length": {
                        "__old": 256.9778536030677,
                        "__new": 779.3631179374865
                    },
                    "Purity ratio": {
                        "__old": 0.7980678683325083,
                        "__new": 1.0268288773879928
                    }
                },
                "Mi": {
                    "Original": {
                        "__old": 46.68214123724049,
                        "__new": 31.75685487264124
                    },
                    "Sei": {
                        "__old": 29.49766081859525,
                        "__new": 7.207856703514615
                    },
                    "Visual Studio": {
                        "__old": 27.29949779955584,
                        "__new": 18.571260159439323
                    }
                }
            }
        ]
    ]
}