{
    "SLOC": {
        "__old": 255,
        "__new": 93
    },
    "PLOC": {
        "__old": 156,
        "__new": 60
    },
    "LLOC": {
        "__old": 44,
        "__new": 128
    },
    "CLOC": {
        "__old": 63,
        "__new": 19
    },
    "BLANK": {
        "__old": 36,
        "__new": 14
    },
    "CC": {
        "__old": 28,
        "__new": 15
    },
    "NARGS_SUM": {
        "__old": 12,
        "__new": 33
    },
    "NARGS_AVG": {
        "__old": 1.3333333333333333,
        "__new": 2.75
    },
    "NEXITS": {
        "__old": 6,
        "__new": 3
    },
    "NOM": {
        "functions": {
            "__old": 9,
            "__new": 7
        },
        "closures": {
            "__old": 0,
            "__new": 5
        },
        "total": {
            "__old": 9,
            "__new": 12
        }
    },
    "HALSTEAD": {
        "n1": {
            "__old": 25,
            "__new": 21
        },
        "n2": {
            "__old": 67,
            "__new": 49
        },
        "N1": {
            "__old": 506,
            "__new": 348
        },
        "N2": {
            "__old": 363,
            "__new": 241
        },
        "Vocabulary": {
            "__old": 92,
            "__new": 70
        },
        "Length": {
            "__old": 869,
            "__new": 589
        },
        "Volume": {
            "__old": 5668.975339813544,
            "__new": 3610.1476969805854
        },
        "Difficulty": {
            "__old": 67.72388059701493,
            "__new": 51.642857142857146
        },
        "Level": {
            "__old": 0.014765840220385676,
            "__new": 0.01936376210235131
        },
        "Effort": {
            "__old": 383925.0090209546,
            "__new": 186438.3417797831
        },
        "Programming time": {
            "__old": 21329.167167830812,
            "__new": 10357.685654432395
        },
        "Bugs": {
            "__old": 1.7607985856908024,
            "__new": 1.0878497084026046
        },
        "Estimated program length": {
            "__old": 522.5243805050388,
            "__new": 367.35944823999915
        },
        "Purity ratio": {
            "__old": 0.6012938786018859,
            "__new": 0.6237002516808136
        }
    },
    "MI": {
        "Original": {
            "__old": 29.84915951402978,
            "__new": 51.52606759925594
        },
        "Sei": {
            "__old": 5.021060152791847,
            "__new": 32.382541704237
        },
        "Visual Studio": {
            "__old": 17.455648838613907,
            "__new": 30.13220327441868
        }
    },
    "files": [
        [
            "~",
            {
                "filename": {
                    "__old": "Assets/C/spectralnorm.c",
                    "__new": "Assets/Rust/spectralnorm.rs"
                },
                "SLOC": {
                    "__old": 255,
                    "__new": 93
                },
                "PLOC": {
                    "__old": 156,
                    "__new": 60
                },
                "LLOC": {
                    "__old": 44,
                    "__new": 128
                },
                "CLOC": {
                    "__old": 63,
                    "__new": 19
                },
                "BLANK": {
                    "__old": 36,
                    "__new": 14
                },
                "CC": {
                    "__old": 28,
                    "__new": 15
                },
                "COGNITIVE": {
                    "__old": 16,
                    "__new": 3
                },
                "NARGS_SUM": {
                    "__old": 12,
                    "__new": 33
                },
                "NARGS_AVG": {
                    "__old": 1.3333333333333333,
                    "__new": 2.75
                },
                "NEXITS": {
                    "__old": 6,
                    "__new": 3
                },
                "NOM": {
                    "functions": {
                        "__old": 9,
                        "__new": 7
                    },
                    "closures": {
                        "__old": 0,
                        "__new": 5
                    },
                    "total": {
                        "__old": 9,
                        "__new": 12
                    }
                },
                "Halstead": {
                    "n1": {
                        "__old": 25,
                        "__new": 21
                    },
                    "n2": {
                        "__old": 67,
                        "__new": 49
                    },
                    "N1": {
                        "__old": 506,
                        "__new": 348
                    },
                    "N2": {
                        "__old": 363,
                        "__new": 241
                    },
                    "Vocabulary": {
                        "__old": 92,
                        "__new": 70
                    },
                    "Length": {
                        "__old": 869,
                        "__new": 589
                    },
                    "Volume": {
                        "__old": 5668.975339813544,
                        "__new": 3610.1476969805854
                    },
                    "Difficulty": {
                        "__old": 67.72388059701493,
                        "__new": 51.642857142857146
                    },
                    "Level": {
                        "__old": 0.014765840220385676,
                        "__new": 0.01936376210235131
                    },
                    "Effort": {
                        "__old": 383925.0090209546,
                        "__new": 186438.3417797831
                    },
                    "Programming time": {
                        "__old": 21329.167167830812,
                        "__new": 10357.685654432395
                    },
                    "Bugs": {
                        "__old": 1.7607985856908024,
                        "__new": 1.0878497084026046
                    },
                    "Estimated program length": {
                        "__old": 522.5243805050388,
                        "__new": 367.35944823999915
                    },
                    "Purity ratio": {
                        "__old": 0.6012938786018859,
                        "__new": 0.6237002516808136
                    }
                },
                "Mi": {
                    "Original": {
                        "__old": 29.84915951402978,
                        "__new": 51.52606759925594
                    },
                    "Sei": {
                        "__old": 5.021060152791847,
                        "__new": 32.382541704237
                    },
                    "Visual Studio": {
                        "__old": 17.455648838613907,
                        "__new": 30.13220327441868
                    }
                }
            }
        ]
    ]
}