{
    "SLOC": {
        "__old": 31,
        "__new": 25
    },
    "PLOC": {
        "__old": 26,
        "__new": 20
    },
    "LLOC": {
        "__old": 13,
        "__new": 19
    },
    "CC": {
        "__old": 7,
        "__new": 6
    },
    "HALSTEAD": {
        "n1": {
            "__old": 20,
            "__new": 17
        },
        "n2": {
            "__old": 28,
            "__new": 21
        },
        "N1": {
            "__old": 110,
            "__new": 56
        },
        "N2": {
            "__old": 70,
            "__new": 46
        },
        "Vocabulary": {
            "__old": 48,
            "__new": 38
        },
        "Length": {
            "__old": 180,
            "__new": 102
        },
        "Volume": {
            "__old": 1005.2932501298081,
            "__new": 535.2886063712457
        },
        "Difficulty": {
            "__old": 25,
            "__new": 18.61904761904762
        },
        "Level": {
            "__old": 0.04,
            "__new": 0.053708439897698204
        },
        "Effort": {
            "__old": 25132.331253245204,
            "__new": 9966.56405195986
        },
        "Programming time": {
            "__old": 1396.240625180289,
            "__new": 553.6980028866589
        },
        "Bugs": {
            "__old": 0.28600080933168737,
            "__new": 0.15437455548216625
        },
        "Estimated program length": {
            "__old": 221.04449971536013,
            "__new": 161.72553417960972
        },
        "Purity ratio": {
            "__old": 1.2280249984186673,
            "__new": 1.5855444527412719
        }
    },
    "MI": {
        "Original": {
            "__old": 77.81162752799801,
            "__new": 84.80362016358531
        },
        "Sei": {
            "__old": 37.27033618196039,
            "__new": 47.25582942384983
        },
        "Visual Studio": {
            "__old": 45.50387574736726,
            "__new": 49.592760329582056
        }
    },
    "files": [
        [
            "~",
            {
                "filename": {
                    "__old": "Assets/C++/bubble_sort.cpp",
                    "__new": "Assets/Rust/bubble_sort.rs"
                },
                "SLOC": {
                    "__old": 31,
                    "__new": 25
                },
                "PLOC": {
                    "__old": 26,
                    "__new": 20
                },
                "LLOC": {
                    "__old": 13,
                    "__new": 19
                },
                "CC": {
                    "__old": 7,
                    "__new": 6
                },
                "Halstead": {
                    "n1": {
                        "__old": 20,
                        "__new": 17
                    },
                    "n2": {
                        "__old": 28,
                        "__new": 21
                    },
                    "N1": {
                        "__old": 110,
                        "__new": 56
                    },
                    "N2": {
                        "__old": 70,
                        "__new": 46
                    },
                    "Vocabulary": {
                        "__old": 48,
                        "__new": 38
                    },
                    "Length": {
                        "__old": 180,
                        "__new": 102
                    },
                    "Volume": {
                        "__old": 1005.2932501298081,
                        "__new": 535.2886063712457
                    },
                    "Difficulty": {
                        "__old": 25,
                        "__new": 18.61904761904762
                    },
                    "Level": {
                        "__old": 0.04,
                        "__new": 0.053708439897698204
                    },
                    "Effort": {
                        "__old": 25132.331253245204,
                        "__new": 9966.56405195986
                    },
                    "Programming time": {
                        "__old": 1396.240625180289,
                        "__new": 553.6980028866589
                    },
                    "Bugs": {
                        "__old": 0.28600080933168737,
                        "__new": 0.15437455548216625
                    },
                    "Estimated program length": {
                        "__old": 221.04449971536013,
                        "__new": 161.72553417960972
                    },
                    "Purity ratio": {
                        "__old": 1.2280249984186673,
                        "__new": 1.5855444527412719
                    }
                },
                "Mi": {
                    "Original": {
                        "__old": 77.81162752799801,
                        "__new": 84.80362016358531
                    },
                    "Sei": {
                        "__old": 37.27033618196039,
                        "__new": 47.25582942384983
                    },
                    "Visual Studio": {
                        "__old": 45.50387574736726,
                        "__new": 49.592760329582056
                    }
                }
            }
        ]
    ]
}