{
    "SLOC": {
        "__old": 198,
        "__new": 145
    },
    "PLOC": {
        "__old": 124,
        "__new": 95
    },
    "LLOC": {
        "__old": 51,
        "__new": 133
    },
    "CLOC": {
        "__old": 41,
        "__new": 33
    },
    "BLANK": {
        "__old": 33,
        "__new": 17
    },
    "CC_SUM": {
        "__old": 28,
        "__new": 22
    },
    "CC_AVG": {
        "__old": 4,
        "__new": 3.142857142857143
    },
    "COGNITIVE_SUM": {
        "__old": 46,
        "__new": 38
    },
    "COGNITIVE_AVG": {
        "__old": 9.2,
        "__new": 6.333333333333333
    },
    "NARGS_SUM": {
        "__old": 5,
        "__new": 13
    },
    "NARGS_AVG": {
        "__old": 1,
        "__new": 2.1666666666666665
    },
    "NOM": {
        "functions": {
            "__old": 5,
            "__new": 2
        },
        "closures": {
            "__old": 0,
            "__new": 4
        },
        "total": {
            "__old": 5,
            "__new": 6
        }
    },
    "HALSTEAD": {
        "n1": {
            "__old": 33,
            "__new": 32
        },
        "N1": {
            "__old": 332,
            "__new": 286
        },
        "N2": {
            "__old": 235,
            "__new": 228
        },
        "Vocabulary": {
            "__old": 81,
            "__new": 80
        },
        "Length": {
            "__old": 567,
            "__new": 514
        },
        "Volume": {
            "__old": 3594.694951635582,
            "__new": 3249.4710407721045
        },
        "Difficulty": {
            "__old": 80.78125,
            "__new": 76
        },
        "Level": {
            "__old": 0.012379110251450677,
            "__new": 0.013157894736842105
        },
        "Effort": {
            "__old": 290383.95156181185,
            "__new": 246959.79909867994
        },
        "Programming time": {
            "__old": 16132.441753433992,
            "__new": 13719.988838815552
        },
        "Bugs": {
            "__old": 1.4617075354179188,
            "__new": 1.3120878705738475
        },
        "Estimated program length": {
            "__old": 434.5432059734445,
            "__new": 428.0782000346155
        },
        "Purity ratio": {
            "__old": 0.7663901339919656,
            "__new": 0.8328369650478901
        }
    },
    "MI": {
        "Original": {
            "__old": 36.31655915490933,
            "__new": 43.26842634474846
        },
        "Sei": {
            "__old": 11.94402167986491,
            "__new": 22.64193201844158
        },
        "Visual Studio": {
            "__old": 21.23775389175984,
            "__new": 25.30317330102249
        }
    },
    "files": [
        [
            "~",
            {
                "filename": {
                    "__old": "Assets/C++/fannkuchredux.cpp",
                    "__new": "Assets/Rust/fannkuchredux.rs"
                },
                "SLOC": {
                    "__old": 198,
                    "__new": 145
                },
                "PLOC": {
                    "__old": 124,
                    "__new": 95
                },
                "LLOC": {
                    "__old": 51,
                    "__new": 133
                },
                "CLOC": {
                    "__old": 41,
                    "__new": 33
                },
                "BLANK": {
                    "__old": 33,
                    "__new": 17
                },
                "CC_SUM": {
                    "__old": 28,
                    "__new": 22
                },
                "CC_AVG": {
                    "__old": 4,
                    "__new": 3.142857142857143
                },
                "COGNITIVE_SUM": {
                    "__old": 46,
                    "__new": 38
                },
                "COGNITIVE_AVG": {
                    "__old": 9.2,
                    "__new": 6.333333333333333
                },
                "NARGS_SUM": {
                    "__old": 5,
                    "__new": 13
                },
                "NARGS_AVG": {
                    "__old": 1,
                    "__new": 2.1666666666666665
                },
                "NOM": {
                    "functions": {
                        "__old": 5,
                        "__new": 2
                    },
                    "closures": {
                        "__old": 0,
                        "__new": 4
                    },
                    "total": {
                        "__old": 5,
                        "__new": 6
                    }
                },
                "Halstead": {
                    "n1": {
                        "__old": 33,
                        "__new": 32
                    },
                    "N1": {
                        "__old": 332,
                        "__new": 286
                    },
                    "N2": {
                        "__old": 235,
                        "__new": 228
                    },
                    "Vocabulary": {
                        "__old": 81,
                        "__new": 80
                    },
                    "Length": {
                        "__old": 567,
                        "__new": 514
                    },
                    "Volume": {
                        "__old": 3594.694951635582,
                        "__new": 3249.4710407721045
                    },
                    "Difficulty": {
                        "__old": 80.78125,
                        "__new": 76
                    },
                    "Level": {
                        "__old": 0.012379110251450677,
                        "__new": 0.013157894736842105
                    },
                    "Effort": {
                        "__old": 290383.95156181185,
                        "__new": 246959.79909867994
                    },
                    "Programming time": {
                        "__old": 16132.441753433992,
                        "__new": 13719.988838815552
                    },
                    "Bugs": {
                        "__old": 1.4617075354179188,
                        "__new": 1.3120878705738475
                    },
                    "Estimated program length": {
                        "__old": 434.5432059734445,
                        "__new": 428.0782000346155
                    },
                    "Purity ratio": {
                        "__old": 0.7663901339919656,
                        "__new": 0.8328369650478901
                    }
                },
                "Mi": {
                    "Original": {
                        "__old": 36.31655915490933,
                        "__new": 43.26842634474846
                    },
                    "Sei": {
                        "__old": 11.94402167986491,
                        "__new": 22.64193201844158
                    },
                    "Visual Studio": {
                        "__old": 21.23775389175984,
                        "__new": 25.30317330102249
                    }
                }
            }
        ]
    ]
}