{
    "SLOC": {
        "__old": 314,
        "__new": 221
    },
    "PLOC": {
        "__old": 251,
        "__new": 183
    },
    "LLOC": {
        "__old": 64,
        "__new": 241
    },
    "CLOC": {
        "__old": 19,
        "__new": 6
    },
    "BLANK": {
        "__old": 44,
        "__new": 32
    },
    "CC": {
        "__old": 40,
        "__new": 38
    },
    "NEXITS": {
        "__old": 16,
        "__new": 10
    },
    "NOM": {
        "functions": {
            "__old": 18,
            "__new": 11
        },
        "closures": {
            "__old": 2,
            "__new": 5
        },
        "total": {
            "__old": 20,
            "__new": 16
        }
    },
    "HALSTEAD": {
        "n1": {
            "__old": 32,
            "__new": 31
        },
        "n2": {
            "__old": 130,
            "__new": 123
        },
        "N1": {
            "__old": 676,
            "__new": 578
        },
        "N2": {
            "__old": 460,
            "__new": 358
        },
        "Vocabulary": {
            "__old": 162,
            "__new": 154
        },
        "Length": {
            "__old": 1136,
            "__new": 936
        },
        "Volume": {
            "__old": 8338.069603276934,
            "__new": 6801.712202090427
        },
        "Difficulty": {
            "__old": 56.61538461538461,
            "__new": 45.113821138211385
        },
        "Level": {
            "__old": 0.01766304347826087,
            "__new": 0.0221661560641557
        },
        "Effort": {
            "__old": 472063.017539371,
            "__new": 306851.2277186974
        },
        "Programming time": {
            "__old": 26225.72319663172,
            "__new": 17047.290428816523
        },
        "Bugs": {
            "__old": 2.0209026686719946,
            "__new": 1.5164589389453085
        },
        "Estimated program length": {
            "__old": 1072.907815693699,
            "__new": 1007.5093697787196
        },
        "Purity ratio": {
            "__old": 0.9444611053641716,
            "__new": 1.0763988993362388
        }
    },
    "MI": {
        "Original": {
            "__old": 21.71118119643937,
            "__new": 28.92013003516172
        },
        "Sei": {
            "__old": -21.709224960453916,
            "__new": -17.483852860928224
        },
        "Visual Studio": {
            "__old": 12.696597190900217,
            "__new": 16.912356745708607
        }
    },
    "files": [
        [
            "~",
            {
                "filename": {
                    "__old": "Assets/C++/fasta.cpp",
                    "__new": "Assets/Rust/fasta.rs"
                },
                "SLOC": {
                    "__old": 314,
                    "__new": 221
                },
                "PLOC": {
                    "__old": 251,
                    "__new": 183
                },
                "LLOC": {
                    "__old": 64,
                    "__new": 241
                },
                "CLOC": {
                    "__old": 19,
                    "__new": 6
                },
                "BLANK": {
                    "__old": 44,
                    "__new": 32
                },
                "CC": {
                    "__old": 40,
                    "__new": 38
                },
                "COGNITIVE": {
                    "__old": 27,
                    "__new": 20
                },
                "NEXITS": {
                    "__old": 16,
                    "__new": 10
                },
                "NOM": {
                    "functions": {
                        "__old": 18,
                        "__new": 11
                    },
                    "closures": {
                        "__old": 2,
                        "__new": 5
                    },
                    "total": {
                        "__old": 20,
                        "__new": 16
                    }
                },
                "Halstead": {
                    "n1": {
                        "__old": 32,
                        "__new": 31
                    },
                    "n2": {
                        "__old": 130,
                        "__new": 123
                    },
                    "N1": {
                        "__old": 676,
                        "__new": 578
                    },
                    "N2": {
                        "__old": 460,
                        "__new": 358
                    },
                    "Vocabulary": {
                        "__old": 162,
                        "__new": 154
                    },
                    "Length": {
                        "__old": 1136,
                        "__new": 936
                    },
                    "Volume": {
                        "__old": 8338.069603276934,
                        "__new": 6801.712202090427
                    },
                    "Difficulty": {
                        "__old": 56.61538461538461,
                        "__new": 45.113821138211385
                    },
                    "Level": {
                        "__old": 0.01766304347826087,
                        "__new": 0.0221661560641557
                    },
                    "Effort": {
                        "__old": 472063.017539371,
                        "__new": 306851.2277186974
                    },
                    "Programming time": {
                        "__old": 26225.72319663172,
                        "__new": 17047.290428816523
                    },
                    "Bugs": {
                        "__old": 2.0209026686719946,
                        "__new": 1.5164589389453085
                    },
                    "Estimated program length": {
                        "__old": 1072.907815693699,
                        "__new": 1007.5093697787196
                    },
                    "Purity ratio": {
                        "__old": 0.9444611053641716,
                        "__new": 1.0763988993362388
                    }
                },
                "Mi": {
                    "Original": {
                        "__old": 21.71118119643937,
                        "__new": 28.92013003516172
                    },
                    "Sei": {
                        "__old": -21.709224960453916,
                        "__new": -17.483852860928224
                    },
                    "Visual Studio": {
                        "__old": 12.696597190900217,
                        "__new": 16.912356745708607
                    }
                }
            }
        ]
    ]
}