{
    "SLOC": {
        "__old": 154,
        "__new": 196
    },
    "PLOC": {
        "__old": 134,
        "__new": 174
    },
    "LLOC": {
        "__old": 50,
        "__new": 191
    },
    "CLOC": {
        "__old": 6,
        "__new": 7
    },
    "BLANK": {
        "__old": 14,
        "__new": 15
    },
    "CC": {
        "__old": 29,
        "__new": 59
    },
    "COGNITIVE_SUM": {
        "__old": 11,
        "__new": 15
    },
    "COGNITIVE_AVG": {
        "__old": 0.9166666666666666,
        "__new": 0.7142857142857143
    },
    "NARGS_SUM": {
        "__old": 17,
        "__new": 38
    },
    "NARGS_AVG": {
        "__old": 1.4166666666666667,
        "__new": 1.8095238095238095
    },
    "NEXITS": {
        "__old": 6,
        "__new": 11
    },
    "NOM": {
        "functions": {
            "__old": 12,
            "__new": 16
        },
        "closures": {
            "__old": 0,
            "__new": 5
        },
        "total": {
            "__old": 12,
            "__new": 21
        }
    },
    "HALSTEAD": {
        "n1": {
            "__old": 31,
            "__new": 33
        },
        "n2": {
            "__old": 74,
            "__new": 107
        },
        "N1": {
            "__old": 431,
            "__new": 547
        },
        "N2": {
            "__old": 301,
            "__new": 337
        },
        "Vocabulary": {
            "__old": 105,
            "__new": 140
        },
        "Length": {
            "__old": 732,
            "__new": 884
        },
        "Volume": {
            "__old": 4914.827718931601,
            "__new": 6302.2861869793505
        },
        "Difficulty": {
            "__old": 63.0472972972973,
            "__new": 51.967289719626166
        },
        "Level": {
            "__old": 0.0158611081341764,
            "__new": 0.01924287384228037
        },
        "Effort": {
            "__old": 309866.6043604782,
            "__new": 327512.73217475397
        },
        "Programming time": {
            "__old": 17214.8113533599,
            "__new": 18195.15178748633
        },
        "Bugs": {
            "__old": 1.526377400588348,
            "__new": 1.583789783999874
        },
        "Estimated program length": {
            "__old": 613.0796346785355,
            "__new": 887.8019734837518
        },
        "Purity ratio": {
            "__old": 0.8375404845335185,
            "__new": 1.0043008749816196
        }
    },
    "MI": {
        "Original": {
            "__old": 38.5313055455879,
            "__new": 26.431470306919564
        },
        "Sei": {
            "__old": -2.1069019620075977,
            "__new": -17.130655094041984
        },
        "Visual Studio": {
            "__old": 22.532927219642044,
            "__new": 15.457000179485124
        }
    },
    "files": [
        [
            "~",
            {
                "filename": {
                    "__old": "Assets/C++/knucleotide.cpp",
                    "__new": "Assets/Rust/knucleotide.rs"
                },
                "SLOC": {
                    "__old": 154,
                    "__new": 196
                },
                "PLOC": {
                    "__old": 134,
                    "__new": 174
                },
                "LLOC": {
                    "__old": 50,
                    "__new": 191
                },
                "CLOC": {
                    "__old": 6,
                    "__new": 7
                },
                "BLANK": {
                    "__old": 14,
                    "__new": 15
                },
                "CC": {
                    "__old": 29,
                    "__new": 59
                },
                "COGNITIVE_SUM": {
                    "__old": 11,
                    "__new": 15
                },
                "COGNITIVE_AVG": {
                    "__old": 0.9166666666666666,
                    "__new": 0.7142857142857143
                },
                "NARGS_SUM": {
                    "__old": 17,
                    "__new": 38
                },
                "NARGS_AVG": {
                    "__old": 1.4166666666666667,
                    "__new": 1.8095238095238095
                },
                "NEXITS": {
                    "__old": 6,
                    "__new": 11
                },
                "NOM": {
                    "functions": {
                        "__old": 12,
                        "__new": 16
                    },
                    "closures": {
                        "__old": 0,
                        "__new": 5
                    },
                    "total": {
                        "__old": 12,
                        "__new": 21
                    }
                },
                "Halstead": {
                    "n1": {
                        "__old": 31,
                        "__new": 33
                    },
                    "n2": {
                        "__old": 74,
                        "__new": 107
                    },
                    "N1": {
                        "__old": 431,
                        "__new": 547
                    },
                    "N2": {
                        "__old": 301,
                        "__new": 337
                    },
                    "Vocabulary": {
                        "__old": 105,
                        "__new": 140
                    },
                    "Length": {
                        "__old": 732,
                        "__new": 884
                    },
                    "Volume": {
                        "__old": 4914.827718931601,
                        "__new": 6302.2861869793505
                    },
                    "Difficulty": {
                        "__old": 63.0472972972973,
                        "__new": 51.967289719626166
                    },
                    "Level": {
                        "__old": 0.0158611081341764,
                        "__new": 0.01924287384228037
                    },
                    "Effort": {
                        "__old": 309866.6043604782,
                        "__new": 327512.73217475397
                    },
                    "Programming time": {
                        "__old": 17214.8113533599,
                        "__new": 18195.15178748633
                    },
                    "Bugs": {
                        "__old": 1.526377400588348,
                        "__new": 1.583789783999874
                    },
                    "Estimated program length": {
                        "__old": 613.0796346785355,
                        "__new": 887.8019734837518
                    },
                    "Purity ratio": {
                        "__old": 0.8375404845335185,
                        "__new": 1.0043008749816196
                    }
                },
                "Mi": {
                    "Original": {
                        "__old": 38.5313055455879,
                        "__new": 26.431470306919564
                    },
                    "Sei": {
                        "__old": -2.1069019620075977,
                        "__new": -17.130655094041984
                    },
                    "Visual Studio": {
                        "__old": 22.532927219642044,
                        "__new": 15.457000179485124
                    }
                }
            }
        ]
    ]
}