{
    "SLOC": {
        "__old": 177,
        "__new": 143
    },
    "PLOC": {
        "__old": 120,
        "__new": 119
    },
    "LLOC": {
        "__old": 50,
        "__new": 137
    },
    "CLOC": {
        "__old": 31,
        "__new": 6
    },
    "BLANK": {
        "__old": 26,
        "__new": 18
    },
    "CC": {
        "__old": 33,
        "__new": 28
    },
    "NEXITS": {
        "__old": 5,
        "__new": 8
    },
    "NOM": {
        "functions": {
            "__old": 6,
            "__new": 9
        },
        "closures": {
            "__old": 0,
            "__new": 5
        },
        "total": {
            "__old": 6,
            "__new": 14
        }
    },
    "HALSTEAD": {
        "n1": {
            "__old": 31,
            "__new": 26
        },
        "N1": {
            "__old": 357,
            "__new": 322
        },
        "N2": {
            "__old": 277,
            "__new": 228
        },
        "Vocabulary": {
            "__old": 107,
            "__new": 102
        },
        "Length": {
            "__old": 634,
            "__new": 550
        },
        "Volume": {
            "__old": 4274.090069378328,
            "__new": 3669.833938084322
        },
        "Difficulty": {
            "__old": 56.49342105263158,
            "__new": 39
        },
        "Level": {
            "__old": 0.01770117619657622,
            "__new": 0.02564102564102564
        },
        "Effort": {
            "__old": 241457.96990626122,
            "__new": 143123.52358528855
        },
        "Programming time": {
            "__old": 13414.331661458957,
            "__new": 7951.306865849364
        },
        "Bugs": {
            "__old": 1.2925274501455593,
            "__new": 0.9120516325555061
        },
        "Estimated program length": {
            "__old": 628.4225766437056,
            "__new": 597.0539236933809
        },
        "Purity ratio": {
            "__old": 0.9912028022771382,
            "__new": 1.0855525885334196
        }
    },
    "MI": {
        "Original": {
            "__old": 36.0826764831795,
            "__new": 41.48082819374778
        },
        "Sei": {
            "__old": 9.908528038966214,
            "__new": 2.595911126556201
        },
        "Visual Studio": {
            "__old": 21.100980399520175,
            "__new": 24.25779426534958
        }
    },
    "files": [
        [
            "~",
            {
                "filename": {
                    "__old": "Assets/C++/mandelbrot.cpp",
                    "__new": "Assets/Rust/mandelbrot.rs"
                },
                "SLOC": {
                    "__old": 177,
                    "__new": 143
                },
                "PLOC": {
                    "__old": 120,
                    "__new": 119
                },
                "LLOC": {
                    "__old": 50,
                    "__new": 137
                },
                "CLOC": {
                    "__old": 31,
                    "__new": 6
                },
                "BLANK": {
                    "__old": 26,
                    "__new": 18
                },
                "CC": {
                    "__old": 33,
                    "__new": 28
                },
                "COGNITIVE": {
                    "__old": 23,
                    "__new": 10
                },
                "NEXITS": {
                    "__old": 5,
                    "__new": 8
                },
                "NOM": {
                    "functions": {
                        "__old": 6,
                        "__new": 9
                    },
                    "closures": {
                        "__old": 0,
                        "__new": 5
                    },
                    "total": {
                        "__old": 6,
                        "__new": 14
                    }
                },
                "Halstead": {
                    "n1": {
                        "__old": 31,
                        "__new": 26
                    },
                    "N1": {
                        "__old": 357,
                        "__new": 322
                    },
                    "N2": {
                        "__old": 277,
                        "__new": 228
                    },
                    "Vocabulary": {
                        "__old": 107,
                        "__new": 102
                    },
                    "Length": {
                        "__old": 634,
                        "__new": 550
                    },
                    "Volume": {
                        "__old": 4274.090069378328,
                        "__new": 3669.833938084322
                    },
                    "Difficulty": {
                        "__old": 56.49342105263158,
                        "__new": 39
                    },
                    "Level": {
                        "__old": 0.01770117619657622,
                        "__new": 0.02564102564102564
                    },
                    "Effort": {
                        "__old": 241457.96990626122,
                        "__new": 143123.52358528855
                    },
                    "Programming time": {
                        "__old": 13414.331661458957,
                        "__new": 7951.306865849364
                    },
                    "Bugs": {
                        "__old": 1.2925274501455593,
                        "__new": 0.9120516325555061
                    },
                    "Estimated program length": {
                        "__old": 628.4225766437056,
                        "__new": 597.0539236933809
                    },
                    "Purity ratio": {
                        "__old": 0.9912028022771382,
                        "__new": 1.0855525885334196
                    }
                },
                "Mi": {
                    "Original": {
                        "__old": 36.0826764831795,
                        "__new": 41.48082819374778
                    },
                    "Sei": {
                        "__old": 9.908528038966214,
                        "__new": 2.595911126556201
                    },
                    "Visual Studio": {
                        "__old": 21.100980399520175,
                        "__new": 24.25779426534958
                    }
                }
            }
        ]
    ]
}