{
    "SLOC": {
        "__old": 184,
        "__new": 204
    },
    "PLOC": {
        "__old": 146,
        "__new": 157
    },
    "LLOC": {
        "__old": 38,
        "__new": 62
    },
    "CLOC": {
        "__old": 15,
        "__new": 24
    },
    "CC_SUM": {
        "__old": 26,
        "__new": 36
    },
    "CC_AVG": {
        "__old": 2.888888888888889,
        "__new": 1.5
    },
    "COGNITIVE_SUM": {
        "__old": 26,
        "__new": 6
    },
    "COGNITIVE_AVG": {
        "__old": 4.333333333333333,
        "__new": 0.3157894736842105
    },
    "NARGS_SUM": {
        "__old": 10,
        "__new": 41
    },
    "NARGS_AVG": {
        "__old": 1.6666666666666667,
        "__new": 2.1578947368421053
    },
    "NEXITS": {
        "__old": 2,
        "__new": 9
    },
    "NEXITS_AVG": {
        "__old": 0.3333333333333333,
        "__new": 0.47368421052631576
    },
    "NOM": {
        "functions": {
            "__old": 6,
            "__new": 14
        },
        "closures": {
            "__old": 0,
            "__new": 5
        },
        "total": {
            "__old": 6,
            "__new": 19
        }
    },
    "HALSTEAD": {
        "n1": {
            "__old": 23,
            "__new": 26
        },
        "n2": {
            "__old": 98,
            "__new": 100
        },
        "N1": {
            "__old": 498,
            "__new": 573
        },
        "N2": {
            "__old": 388,
            "__new": 353
        },
        "Vocabulary": {
            "__old": 121,
            "__new": 126
        },
        "Length": {
            "__old": 886,
            "__new": 926
        },
        "Volume": {
            "__old": 6130.112828225291,
            "__new": 6460.961209160923
        },
        "Difficulty": {
            "__old": 45.53061224489796,
            "__new": 45.89
        },
        "Level": {
            "__old": 0.021963245181532944,
            "__new": 0.021791239921551537
        },
        "Effort": {
            "__old": 279107.7901994005,
            "__new": 296493.5098883948
        },
        "Programming time": {
            "__old": 15505.98834441114,
            "__new": 16471.861660466377
        },
        "Bugs": {
            "__old": 1.42361771684647,
            "__new": 1.4821387872186218
        },
        "Estimated program length": {
            "__old": 752.2834897126016,
            "__new": 786.5970516491408
        },
        "Purity ratio": {
            "__old": 0.8490784308268642,
            "__new": 0.8494568592323335
        }
    },
    "MI": {
        "Original": {
            "__old": 35.18900486644846,
            "__new": 30.94408252530617
        },
        "Sei": {
            "__old": -0.8844006110354101,
            "__new": -2.0567631101561155
        },
        "Visual Studio": {
            "__old": 20.578365418975707,
            "__new": 18.095954693161502
        }
    },
    "files": [
        [
            "~",
            {
                "filename": {
                    "__old": "Assets/C++/nbody.cpp",
                    "__new": "Assets/Rust/nbody.rs"
                },
                "SLOC": {
                    "__old": 184,
                    "__new": 204
                },
                "PLOC": {
                    "__old": 146,
                    "__new": 157
                },
                "LLOC": {
                    "__old": 38,
                    "__new": 62
                },
                "CLOC": {
                    "__old": 15,
                    "__new": 24
                },
                "CC_SUM": {
                    "__old": 26,
                    "__new": 36
                },
                "CC_AVG": {
                    "__old": 2.888888888888889,
                    "__new": 1.5
                },
                "COGNITIVE_SUM": {
                    "__old": 26,
                    "__new": 6
                },
                "COGNITIVE_AVG": {
                    "__old": 4.333333333333333,
                    "__new": 0.3157894736842105
                },
                "NARGS_SUM": {
                    "__old": 10,
                    "__new": 41
                },
                "NARGS_AVG": {
                    "__old": 1.6666666666666667,
                    "__new": 2.1578947368421053
                },
                "NEXITS": {
                    "__old": 2,
                    "__new": 9
                },
                "NEXITS_AVG": {
                    "__old": 0.3333333333333333,
                    "__new": 0.47368421052631576
                },
                "NOM": {
                    "functions": {
                        "__old": 6,
                        "__new": 14
                    },
                    "closures": {
                        "__old": 0,
                        "__new": 5
                    },
                    "total": {
                        "__old": 6,
                        "__new": 19
                    }
                },
                "Halstead": {
                    "n1": {
                        "__old": 23,
                        "__new": 26
                    },
                    "n2": {
                        "__old": 98,
                        "__new": 100
                    },
                    "N1": {
                        "__old": 498,
                        "__new": 573
                    },
                    "N2": {
                        "__old": 388,
                        "__new": 353
                    },
                    "Vocabulary": {
                        "__old": 121,
                        "__new": 126
                    },
                    "Length": {
                        "__old": 886,
                        "__new": 926
                    },
                    "Volume": {
                        "__old": 6130.112828225291,
                        "__new": 6460.961209160923
                    },
                    "Difficulty": {
                        "__old": 45.53061224489796,
                        "__new": 45.89
                    },
                    "Level": {
                        "__old": 0.021963245181532944,
                        "__new": 0.021791239921551537
                    },
                    "Effort": {
                        "__old": 279107.7901994005,
                        "__new": 296493.5098883948
                    },
                    "Programming time": {
                        "__old": 15505.98834441114,
                        "__new": 16471.861660466377
                    },
                    "Bugs": {
                        "__old": 1.42361771684647,
                        "__new": 1.4821387872186218
                    },
                    "Estimated program length": {
                        "__old": 752.2834897126016,
                        "__new": 786.5970516491408
                    },
                    "Purity ratio": {
                        "__old": 0.8490784308268642,
                        "__new": 0.8494568592323335
                    }
                },
                "Mi": {
                    "Original": {
                        "__old": 35.18900486644846,
                        "__new": 30.94408252530617
                    },
                    "Sei": {
                        "__old": -0.8844006110354101,
                        "__new": -2.0567631101561155
                    },
                    "Visual Studio": {
                        "__old": 20.578365418975707,
                        "__new": 18.095954693161502
                    }
                }
            }
        ]
    ]
}