{
    "SLOC": {
        "__old": 29,
        "__new": 172
    },
    "PLOC": {
        "__old": 47,
        "__new": 149
    },
    "LLOC": {
        "__old": 10,
        "__new": 52
    },
    "CLOC": {
        "__old": 2,
        "__new": 14
    },
    "BLANK": {
        "__old": 0,
        "__new": 9
    },
    "CC_SUM": {
        "__old": 10,
        "__new": 44
    },
    "CC_AVG": {
        "__old": 2,
        "__new": 1.5172413793103448
    },
    "COGNITIVE_SUM": {
        "__old": 0,
        "__new": 11
    },
    "COGNITIVE_AVG": {
        "__old": 0,
        "__new": 0.55
    },
    "NARGS_SUM": {
        "__old": 2,
        "__new": 38
    },
    "NARGS_AVG": {
        "__old": 0.5,
        "__new": 1.9
    },
    "NEXITS": {
        "__old": 1,
        "__new": 10
    },
    "NEXITS_AVG": {
        "__old": 0.25,
        "__new": 0.5
    },
    "NOM": {
        "functions": {
            "__old": 4,
            "__new": 18
        },
        "closures": {
            "__old": 0,
            "__new": 2
        },
        "total": {
            "__old": 4,
            "__new": 20
        }
    },
    "HALSTEAD": {
        "n1": {
            "__old": 24,
            "__new": 28
        },
        "n2": {
            "__old": 34,
            "__new": 82
        },
        "N1": {
            "__old": 147,
            "__new": 434
        },
        "N2": {
            "__old": 110,
            "__new": 254
        },
        "Vocabulary": {
            "__old": 58,
            "__new": 110
        },
        "Length": {
            "__old": 257,
            "__new": 688
        },
        "Volume": {
            "__old": 1505.501115747786,
            "__new": 4665.575482904966
        },
        "Difficulty": {
            "__old": 38.8235294117647,
            "__new": 43.36585365853659
        },
        "Level": {
            "__old": 0.02575757575757576,
            "__new": 0.023059617547806523
        },
        "Effort": {
            "__old": 58448.86684667874,
            "__new": 202326.6636245129
        },
        "Programming time": {
            "__old": 3247.15926925993,
            "__new": 11240.370201361828
        },
        "Bugs": {
            "__old": 0.5020297753264329,
            "__new": 1.148808107816785
        },
        "Estimated program length": {
            "__old": 283.01283661981927,
            "__new": 655.9252021962958
        },
        "Purity ratio": {
            "__old": 1.1012172631121373,
            "__new": 0.9533796543550811
        }
    },
    "MI": {
        "Original": {
            "__old": 76.10202589123216,
            "__new": 33.56116384464211
        },
        "Sei": {
            "__old": 54.89473685255974,
            "__new": -1.415622990418985
        },
        "Visual Studio": {
            "__old": 44.5041087083229,
            "__new": 19.626411605053864
        }
    },
    "files": [
        [
            "~",
            {
                "filename": {
                    "__old": "Assets/C++/pidigits.cpp",
                    "__new": "Assets/Rust/pidigits.rs"
                },
                "SLOC": {
                    "__old": 29,
                    "__new": 172
                },
                "PLOC": {
                    "__old": 47,
                    "__new": 149
                },
                "LLOC": {
                    "__old": 10,
                    "__new": 52
                },
                "CLOC": {
                    "__old": 2,
                    "__new": 14
                },
                "BLANK": {
                    "__old": 0,
                    "__new": 9
                },
                "CC_SUM": {
                    "__old": 10,
                    "__new": 44
                },
                "CC_AVG": {
                    "__old": 2,
                    "__new": 1.5172413793103448
                },
                "COGNITIVE_SUM": {
                    "__old": 0,
                    "__new": 11
                },
                "COGNITIVE_AVG": {
                    "__old": 0,
                    "__new": 0.55
                },
                "NARGS_SUM": {
                    "__old": 2,
                    "__new": 38
                },
                "NARGS_AVG": {
                    "__old": 0.5,
                    "__new": 1.9
                },
                "NEXITS": {
                    "__old": 1,
                    "__new": 10
                },
                "NEXITS_AVG": {
                    "__old": 0.25,
                    "__new": 0.5
                },
                "NOM": {
                    "functions": {
                        "__old": 4,
                        "__new": 18
                    },
                    "closures": {
                        "__old": 0,
                        "__new": 2
                    },
                    "total": {
                        "__old": 4,
                        "__new": 20
                    }
                },
                "Halstead": {
                    "n1": {
                        "__old": 24,
                        "__new": 28
                    },
                    "n2": {
                        "__old": 34,
                        "__new": 82
                    },
                    "N1": {
                        "__old": 147,
                        "__new": 434
                    },
                    "N2": {
                        "__old": 110,
                        "__new": 254
                    },
                    "Vocabulary": {
                        "__old": 58,
                        "__new": 110
                    },
                    "Length": {
                        "__old": 257,
                        "__new": 688
                    },
                    "Volume": {
                        "__old": 1505.501115747786,
                        "__new": 4665.575482904966
                    },
                    "Difficulty": {
                        "__old": 38.8235294117647,
                        "__new": 43.36585365853659
                    },
                    "Level": {
                        "__old": 0.02575757575757576,
                        "__new": 0.023059617547806523
                    },
                    "Effort": {
                        "__old": 58448.86684667874,
                        "__new": 202326.6636245129
                    },
                    "Programming time": {
                        "__old": 3247.15926925993,
                        "__new": 11240.370201361828
                    },
                    "Bugs": {
                        "__old": 0.5020297753264329,
                        "__new": 1.148808107816785
                    },
                    "Estimated program length": {
                        "__old": 283.01283661981927,
                        "__new": 655.9252021962958
                    },
                    "Purity ratio": {
                        "__old": 1.1012172631121373,
                        "__new": 0.9533796543550811
                    }
                },
                "Mi": {
                    "Original": {
                        "__old": 76.10202589123216,
                        "__new": 33.56116384464211
                    },
                    "Sei": {
                        "__old": 54.89473685255974,
                        "__new": -1.415622990418985
                    },
                    "Visual Studio": {
                        "__old": 44.5041087083229,
                        "__new": 19.626411605053864
                    }
                }
            }
        ]
    ]
}