{
    "SLOC": {
        "__old": 94,
        "__new": 86
    },
    "PLOC": {
        "__old": 71,
        "__new": 54
    },
    "LLOC": {
        "__old": 23,
        "__new": 26
    },
    "CLOC": {
        "__old": 7,
        "__new": 19
    },
    "BLANK": {
        "__old": 16,
        "__new": 13
    },
    "CC_SUM": {
        "__old": 6,
        "__new": 10
    },
    "CC_AVG": {
        "__old": 3,
        "__new": 2.5
    },
    "COGNITIVE_SUM": {
        "__old": 5,
        "__new": 3
    },
    "COGNITIVE_AVG": {
        "__old": 5,
        "__new": 1
    },
    "NARGS_SUM": {
        "__old": 1,
        "__new": 2
    },
    "NARGS_AVG": {
        "__old": 1,
        "__new": 0.6666666666666666
    },
    "NEXITS": {
        "__old": 0,
        "__new": 1
    },
    "NEXITS_AVG": {
        "__old": 0,
        "__new": 0.3333333333333333
    },
    "NOM": {
        "functions": {
            "__old": 1,
            "__new": 2
        },
        "closures": {
            "__old": 0,
            "__new": 1
        },
        "total": {
            "__old": 1,
            "__new": 3
        }
    },
    "HALSTEAD": {
        "n1": {
            "__old": 22,
            "__new": 21
        },
        "n2": {
            "__old": 71,
            "__new": 70
        },
        "N1": {
            "__old": 218,
            "__new": 163
        },
        "N2": {
            "__old": 161,
            "__new": 136
        },
        "Vocabulary": {
            "__old": 93,
            "__new": 91
        },
        "Length": {
            "__old": 379,
            "__new": 299
        },
        "Volume": {
            "__old": 2478.3411894099436,
            "__new": 1945.8305974194102
        },
        "Difficulty": {
            "__old": 24.943661971830984,
            "__new": 20.4
        },
        "Level": {
            "__old": 0.04009034443817053,
            "__new": 0.04901960784313726
        },
        "Effort": {
            "__old": 61818.90487950718,
            "__new": 39694.94418735596
        },
        "Programming time": {
            "__old": 3434.3836044170657,
            "__new": 2205.274677075331
        },
        "Bugs": {
            "__old": 0.5211462496741232,
            "__new": 0.38788430677563934
        },
        "Estimated program length": {
            "__old": 534.7395410948529,
            "__new": 521.2884770645016
        },
        "Purity ratio": {
            "__old": 1.4109222720180816,
            "__new": 1.7434397226237512
        }
    },
    "MI": {
        "Original": {
            "__old": 55.37883187857979,
            "__new": 57.15766392288438
        },
        "Sei": {
            "__old": 25.31864346324061,
            "__new": 41.053693253235366
        },
        "Visual Studio": {
            "__old": 32.38528180033906,
            "__new": 33.425534457827126
        }
    },
    "files": [
        [
            "~",
            {
                "filename": {
                    "__old": "Assets/C++/regexredux.cpp",
                    "__new": "Assets/Rust/regexredux.rs"
                },
                "SLOC": {
                    "__old": 94,
                    "__new": 86
                },
                "PLOC": {
                    "__old": 71,
                    "__new": 54
                },
                "LLOC": {
                    "__old": 23,
                    "__new": 26
                },
                "CLOC": {
                    "__old": 7,
                    "__new": 19
                },
                "BLANK": {
                    "__old": 16,
                    "__new": 13
                },
                "CC_SUM": {
                    "__old": 6,
                    "__new": 10
                },
                "CC_AVG": {
                    "__old": 3,
                    "__new": 2.5
                },
                "COGNITIVE_SUM": {
                    "__old": 5,
                    "__new": 3
                },
                "COGNITIVE_AVG": {
                    "__old": 5,
                    "__new": 1
                },
                "NARGS_SUM": {
                    "__old": 1,
                    "__new": 2
                },
                "NARGS_AVG": {
                    "__old": 1,
                    "__new": 0.6666666666666666
                },
                "NEXITS": {
                    "__old": 0,
                    "__new": 1
                },
                "NEXITS_AVG": {
                    "__old": 0,
                    "__new": 0.3333333333333333
                },
                "NOM": {
                    "functions": {
                        "__old": 1,
                        "__new": 2
                    },
                    "closures": {
                        "__old": 0,
                        "__new": 1
                    },
                    "total": {
                        "__old": 1,
                        "__new": 3
                    }
                },
                "Halstead": {
                    "n1": {
                        "__old": 22,
                        "__new": 21
                    },
                    "n2": {
                        "__old": 71,
                        "__new": 70
                    },
                    "N1": {
                        "__old": 218,
                        "__new": 163
                    },
                    "N2": {
                        "__old": 161,
                        "__new": 136
                    },
                    "Vocabulary": {
                        "__old": 93,
                        "__new": 91
                    },
                    "Length": {
                        "__old": 379,
                        "__new": 299
                    },
                    "Volume": {
                        "__old": 2478.3411894099436,
                        "__new": 1945.8305974194102
                    },
                    "Difficulty": {
                        "__old": 24.943661971830984,
                        "__new": 20.4
                    },
                    "Level": {
                        "__old": 0.04009034443817053,
                        "__new": 0.04901960784313726
                    },
                    "Effort": {
                        "__old": 61818.90487950718,
                        "__new": 39694.94418735596
                    },
                    "Programming time": {
                        "__old": 3434.3836044170657,
                        "__new": 2205.274677075331
                    },
                    "Bugs": {
                        "__old": 0.5211462496741232,
                        "__new": 0.38788430677563934
                    },
                    "Estimated program length": {
                        "__old": 534.7395410948529,
                        "__new": 521.2884770645016
                    },
                    "Purity ratio": {
                        "__old": 1.4109222720180816,
                        "__new": 1.7434397226237512
                    }
                },
                "Mi": {
                    "Original": {
                        "__old": 55.37883187857979,
                        "__new": 57.15766392288438
                    },
                    "Sei": {
                        "__old": 25.31864346324061,
                        "__new": 41.053693253235366
                    },
                    "Visual Studio": {
                        "__old": 32.38528180033906,
                        "__new": 33.425534457827126
                    }
                }
            }
        ]
    ]
}