{
    "SLOC": {
        "__old": 282,
        "__new": 182
    },
    "PLOC": {
        "__old": 222,
        "__new": 127
    },
    "LLOC": {
        "__old": 113,
        "__new": 163
    },
    "CLOC": {
        "__old": 14,
        "__new": 38
    },
    "BLANK": {
        "__old": 46,
        "__new": 17
    },
    "CC": {
        "__old": 70,
        "__new": 45
    },
    "COGNITIVE_SUM": {
        "__old": 38,
        "__new": 18
    },
    "COGNITIVE_AVG": {
        "__old": 1.3571428571428572,
        "__new": 1.8
    },
    "NARGS_SUM": {
        "__old": 15,
        "__new": 17
    },
    "NARGS_AVG": {
        "__old": 0.5357142857142857,
        "__new": 1.7
    },
    "NEXITS": {
        "__old": 11,
        "__new": 4
    },
    "NOM": {
        "functions": {
            "__old": 28,
            "__new": 8
        },
        "closures": {
            "__old": 0,
            "__new": 2
        },
        "total": {
            "__old": 28,
            "__new": 10
        }
    },
    "HALSTEAD": {
        "n1": {
            "__old": 38,
            "__new": 30
        },
        "n2": {
            "__old": 123,
            "__new": 96
        },
        "N1": {
            "__old": 819,
            "__new": 452
        },
        "N2": {
            "__old": 535,
            "__new": 307
        },
        "Vocabulary": {
            "__old": 161,
            "__new": 126
        },
        "Length": {
            "__old": 1354,
            "__new": 759
        },
        "Volume": {
            "__old": 9926.061452967191,
            "__new": 5295.755461936436
        },
        "Difficulty": {
            "__old": 82.64227642276423,
            "__new": 47.96875
        },
        "Level": {
            "__old": 0.012100344318740778,
            "__new": 0.020846905537459284
        },
        "Effort": {
            "__old": 820312.3143854593,
            "__new": 254030.76981476342
        },
        "Programming time": {
            "__old": 45572.90635474774,
            "__new": 14112.820545264634
        },
        "Bugs": {
            "__old": 2.9210000610399707,
            "__new": 1.3370150466930253
        },
        "Estimated program length": {
            "__old": 1053.3505296675826,
            "__new": 779.3631179374865
        },
        "Purity ratio": {
            "__old": 0.7779546009361762,
            "__new": 1.0268288773879928
        }
    },
    "MI": {
        "Original": {
            "__old": 15.645926405158932,
            "__new": 31.75685487264124
        },
        "Sei": {
            "__old": -29.082878320616135,
            "__new": 7.207856703514615
        },
        "Visual Studio": {
            "__old": 9.149664564420428,
            "__new": 18.571260159439323
        }
    },
    "files": [
        [
            "~",
            {
                "filename": {
                    "__old": "Assets/C++/revcomp.cpp",
                    "__new": "Assets/Rust/revcomp.rs"
                },
                "SLOC": {
                    "__old": 282,
                    "__new": 182
                },
                "PLOC": {
                    "__old": 222,
                    "__new": 127
                },
                "LLOC": {
                    "__old": 113,
                    "__new": 163
                },
                "CLOC": {
                    "__old": 14,
                    "__new": 38
                },
                "BLANK": {
                    "__old": 46,
                    "__new": 17
                },
                "CC": {
                    "__old": 70,
                    "__new": 45
                },
                "COGNITIVE_SUM": {
                    "__old": 38,
                    "__new": 18
                },
                "COGNITIVE_AVG": {
                    "__old": 1.3571428571428572,
                    "__new": 1.8
                },
                "NARGS_SUM": {
                    "__old": 15,
                    "__new": 17
                },
                "NARGS_AVG": {
                    "__old": 0.5357142857142857,
                    "__new": 1.7
                },
                "NEXITS": {
                    "__old": 11,
                    "__new": 4
                },
                "NOM": {
                    "functions": {
                        "__old": 28,
                        "__new": 8
                    },
                    "closures": {
                        "__old": 0,
                        "__new": 2
                    },
                    "total": {
                        "__old": 28,
                        "__new": 10
                    }
                },
                "Halstead": {
                    "n1": {
                        "__old": 38,
                        "__new": 30
                    },
                    "n2": {
                        "__old": 123,
                        "__new": 96
                    },
                    "N1": {
                        "__old": 819,
                        "__new": 452
                    },
                    "N2": {
                        "__old": 535,
                        "__new": 307
                    },
                    "Vocabulary": {
                        "__old": 161,
                        "__new": 126
                    },
                    "Length": {
                        "__old": 1354,
                        "__new": 759
                    },
                    "Volume": {
                        "__old": 9926.061452967191,
                        "__new": 5295.755461936436
                    },
                    "Difficulty": {
                        "__old": 82.64227642276423,
                        "__new": 47.96875
                    },
                    "Level": {
                        "__old": 0.012100344318740778,
                        "__new": 0.020846905537459284
                    },
                    "Effort": {
                        "__old": 820312.3143854593,
                        "__new": 254030.76981476342
                    },
                    "Programming time": {
                        "__old": 45572.90635474774,
                        "__new": 14112.820545264634
                    },
                    "Bugs": {
                        "__old": 2.9210000610399707,
                        "__new": 1.3370150466930253
                    },
                    "Estimated program length": {
                        "__old": 1053.3505296675826,
                        "__new": 779.3631179374865
                    },
                    "Purity ratio": {
                        "__old": 0.7779546009361762,
                        "__new": 1.0268288773879928
                    }
                },
                "Mi": {
                    "Original": {
                        "__old": 15.645926405158932,
                        "__new": 31.75685487264124
                    },
                    "Sei": {
                        "__old": -29.082878320616135,
                        "__new": 7.207856703514615
                    },
                    "Visual Studio": {
                        "__old": 9.149664564420428,
                        "__new": 18.571260159439323
                    }
                }
            }
        ]
    ]
}