{
    "SLOC": {
        "__old": 135,
        "__new": 93
    },
    "PLOC": {
        "__old": 97,
        "__new": 60
    },
    "LLOC": {
        "__old": 33,
        "__new": 128
    },
    "CLOC": {
        "__old": 13,
        "__new": 19
    },
    "BLANK": {
        "__old": 25,
        "__new": 14
    },
    "CC": {
        "__old": 22,
        "__new": 15
    },
    "NEXITS": {
        "__old": 4,
        "__new": 3
    },
    "NOM": {
        "functions": {
            "__old": 8,
            "__new": 7
        },
        "closures": {
            "__old": 0,
            "__new": 5
        },
        "total": {
            "__old": 8,
            "__new": 12
        }
    },
    "HALSTEAD": {
        "n1": {
            "__old": 24,
            "__new": 21
        },
        "n2": {
            "__old": 61,
            "__new": 49
        },
        "N1": {
            "__old": 409,
            "__new": 348
        },
        "N2": {
            "__old": 284,
            "__new": 241
        },
        "Vocabulary": {
            "__old": 85,
            "__new": 70
        },
        "Length": {
            "__old": 693,
            "__new": 589
        },
        "Volume": {
            "__old": 4441.707918743427,
            "__new": 3610.1476969805854
        },
        "Difficulty": {
            "__old": 55.868852459016395,
            "__new": 51.642857142857146
        },
        "Level": {
            "__old": 0.017899061032863848,
            "__new": 0.01936376210235131
        },
        "Effort": {
            "__old": 248153.1243783213,
            "__new": 186438.3417797831
        },
        "Programming time": {
            "__old": 13786.284687684518,
            "__new": 10357.685654432395
        },
        "Bugs": {
            "__old": 1.3163112012968532,
            "__new": 1.0878497084026046
        },
        "Estimated program length": {
            "__old": 471.81407760864386,
            "__new": 367.35944823999915
        },
        "Purity ratio": {
            "__old": 0.6808283948176679,
            "__new": 0.6237002516808136
        }
    },
    "MI": {
        "Original": {
            "__old": 42.800818500504576,
            "__new": 51.52606759925594
        },
        "Sei": {
            "__old": 11.409492315309578,
            "__new": 32.382541704237
        },
        "Visual Studio": {
            "__old": 25.029718421347706,
            "__new": 30.13220327441868
        }
    },
    "files": [
        [
            "~",
            {
                "filename": {
                    "__old": "Assets/C++/spectralnorm.cpp",
                    "__new": "Assets/Rust/spectralnorm.rs"
                },
                "SLOC": {
                    "__old": 135,
                    "__new": 93
                },
                "PLOC": {
                    "__old": 97,
                    "__new": 60
                },
                "LLOC": {
                    "__old": 33,
                    "__new": 128
                },
                "CLOC": {
                    "__old": 13,
                    "__new": 19
                },
                "BLANK": {
                    "__old": 25,
                    "__new": 14
                },
                "CC": {
                    "__old": 22,
                    "__new": 15
                },
                "COGNITIVE": {
                    "__old": 12,
                    "__new": 3
                },
                "NEXITS": {
                    "__old": 4,
                    "__new": 3
                },
                "NOM": {
                    "functions": {
                        "__old": 8,
                        "__new": 7
                    },
                    "closures": {
                        "__old": 0,
                        "__new": 5
                    },
                    "total": {
                        "__old": 8,
                        "__new": 12
                    }
                },
                "Halstead": {
                    "n1": {
                        "__old": 24,
                        "__new": 21
                    },
                    "n2": {
                        "__old": 61,
                        "__new": 49
                    },
                    "N1": {
                        "__old": 409,
                        "__new": 348
                    },
                    "N2": {
                        "__old": 284,
                        "__new": 241
                    },
                    "Vocabulary": {
                        "__old": 85,
                        "__new": 70
                    },
                    "Length": {
                        "__old": 693,
                        "__new": 589
                    },
                    "Volume": {
                        "__old": 4441.707918743427,
                        "__new": 3610.1476969805854
                    },
                    "Difficulty": {
                        "__old": 55.868852459016395,
                        "__new": 51.642857142857146
                    },
                    "Level": {
                        "__old": 0.017899061032863848,
                        "__new": 0.01936376210235131
                    },
                    "Effort": {
                        "__old": 248153.1243783213,
                        "__new": 186438.3417797831
                    },
                    "Programming time": {
                        "__old": 13786.284687684518,
                        "__new": 10357.685654432395
                    },
                    "Bugs": {
                        "__old": 1.3163112012968532,
                        "__new": 1.0878497084026046
                    },
                    "Estimated program length": {
                        "__old": 471.81407760864386,
                        "__new": 367.35944823999915
                    },
                    "Purity ratio": {
                        "__old": 0.6808283948176679,
                        "__new": 0.6237002516808136
                    }
                },
                "Mi": {
                    "Original": {
                        "__old": 42.800818500504576,
                        "__new": 51.52606759925594
                    },
                    "Sei": {
                        "__old": 11.409492315309578,
                        "__new": 32.382541704237
                    },
                    "Visual Studio": {
                        "__old": 25.029718421347706,
                        "__new": 30.13220327441868
                    }
                }
            }
        ]
    ]
}