{
    "SLOC": {
        "__old": 75,
        "__new": 76
    },
    "PLOC": {
        "__old": 56,
        "__new": 48
    },
    "LLOC": {
        "__old": 74,
        "__new": 39
    },
    "CLOC": {
        "__old": 7,
        "__new": 6
    },
    "BLANK": {
        "__old": 12,
        "__new": 22
    },
    "CC": {
        "__old": 12,
        "__new": 16
    },
    "NEXITS": {
        "__old": 3,
        "__new": 5
    },
    "NOM": {
        "functions": {
            "__old": 4,
            "__new": 5
        },
        "closures": {
            "__old": 3,
            "__new": 0
        },
        "total": {
            "__old": 7,
            "__new": 5
        }
    },
    "HALSTEAD": {
        "n1": {
            "__old": 22,
            "__new": 23
        },
        "n2": {
            "__old": 43,
            "__new": 52
        },
        "N1": {
            "__old": 193,
            "__new": 132
        },
        "N2": {
            "__old": 140,
            "__new": 142
        },
        "Vocabulary": {
            "__old": 65,
            "__new": 75
        },
        "Length": {
            "__old": 333,
            "__new": 274
        },
        "Volume": {
            "__old": 2005.4484817384753,
            "__new": 1706.6963211958712
        },
        "Difficulty": {
            "__old": 35.81395348837209,
            "__new": 31.403846153846153
        },
        "Level": {
            "__old": 0.02792207792207792,
            "__new": 0.03184323331292101
        },
        "Effort": {
            "__old": 71823.03864830818,
            "__new": 53596.828702170336
        },
        "Programming time": {
            "__old": 3990.168813794899,
            "__new": 2977.601594565019
        },
        "Bugs": {
            "__old": 0.5759541722145377,
            "__new": 0.473847006044388
        },
        "Estimated program length": {
            "__old": 331.4368800622107,
            "__new": 400.464790332648
        },
        "Purity ratio": {
            "__old": 0.9953059461327649,
            "__new": 1.4615503296811971
        }
    },
    "MI": {
        "Original": {
            "__old": 58.75785297946959,
            "__new": 58.46208290180243
        },
        "Sei": {
            "__old": 33.08134287773029,
            "__new": 31.354698957570236
        },
        "Visual Studio": {
            "__old": 34.36131753185356,
            "__new": 34.18835257415347
        }
    },
    "files": [
        [
            "~",
            {
                "filename": {
                    "__old": "Assets/Rust/binarytrees.rs",
                    "__new": "Assets/Python/binarytrees.py"
                },
                "SLOC": {
                    "__old": 75,
                    "__new": 76
                },
                "PLOC": {
                    "__old": 56,
                    "__new": 48
                },
                "LLOC": {
                    "__old": 74,
                    "__new": 39
                },
                "CLOC": {
                    "__old": 7,
                    "__new": 6
                },
                "BLANK": {
                    "__old": 12,
                    "__new": 22
                },
                "CC": {
                    "__old": 12,
                    "__new": 16
                },
                "NEXITS": {
                    "__old": 3,
                    "__new": 5
                },
                "NOM": {
                    "functions": {
                        "__old": 4,
                        "__new": 5
                    },
                    "closures": {
                        "__old": 3,
                        "__new": 0
                    },
                    "total": {
                        "__old": 7,
                        "__new": 5
                    }
                },
                "Halstead": {
                    "n1": {
                        "__old": 22,
                        "__new": 23
                    },
                    "n2": {
                        "__old": 43,
                        "__new": 52
                    },
                    "N1": {
                        "__old": 193,
                        "__new": 132
                    },
                    "N2": {
                        "__old": 140,
                        "__new": 142
                    },
                    "Vocabulary": {
                        "__old": 65,
                        "__new": 75
                    },
                    "Length": {
                        "__old": 333,
                        "__new": 274
                    },
                    "Volume": {
                        "__old": 2005.4484817384753,
                        "__new": 1706.6963211958712
                    },
                    "Difficulty": {
                        "__old": 35.81395348837209,
                        "__new": 31.403846153846153
                    },
                    "Level": {
                        "__old": 0.02792207792207792,
                        "__new": 0.03184323331292101
                    },
                    "Effort": {
                        "__old": 71823.03864830818,
                        "__new": 53596.828702170336
                    },
                    "Programming time": {
                        "__old": 3990.168813794899,
                        "__new": 2977.601594565019
                    },
                    "Bugs": {
                        "__old": 0.5759541722145377,
                        "__new": 0.473847006044388
                    },
                    "Estimated program length": {
                        "__old": 331.4368800622107,
                        "__new": 400.464790332648
                    },
                    "Purity ratio": {
                        "__old": 0.9953059461327649,
                        "__new": 1.4615503296811971
                    }
                },
                "Mi": {
                    "Original": {
                        "__old": 58.75785297946959,
                        "__new": 58.46208290180243
                    },
                    "Sei": {
                        "__old": 33.08134287773029,
                        "__new": 31.354698957570236
                    },
                    "Visual Studio": {
                        "__old": 34.36131753185356,
                        "__new": 34.18835257415347
                    }
                }
            }
        ]
    ]
}