{
    "SLOC": {
        "__old": 75,
        "__new": 76
    },
    "PLOC": {
        "__old": 56,
        "__new": 48
    },
    "LLOC": {
        "__old": 74,
        "__new": 39
    },
    "CLOC": {
        "__old": 7,
        "__new": 6
    },
    "BLANK": {
        "__old": 12,
        "__new": 22
    },
    "CC_SUM": {
        "__old": 12,
        "__new": 16
    },
    "CC_AVG": {
        "__old": 1.5,
        "__new": 2.6666666666666665
    },
    "COGNITIVE_SUM": {
        "__old": 5,
        "__new": 13
    },
    "COGNITIVE_AVG": {
        "__old": 0.7142857142857143,
        "__new": 2.6
    },
    "NARGS_SUM": {
        "__old": 14,
        "__new": 10
    },
    "NEXITS": {
        "__old": 3,
        "__new": 5
    },
    "NOM": {
        "functions": {
            "__old": 4,
            "__new": 5
        },
        "closures": {
            "__old": 3,
            "__new": 0
        },
        "total": {
            "__old": 7,
            "__new": 5
        }
    },
    "HALSTEAD": {
        "n2": {
            "__old": 43,
            "__new": 52
        },
        "N1": {
            "__old": 193,
            "__new": 94
        },
        "N2": {
            "__old": 140,
            "__new": 142
        },
        "Vocabulary": {
            "__old": 65,
            "__new": 74
        },
        "Length": {
            "__old": 333,
            "__new": 236
        },
        "Volume": {
            "__old": 2005.4484817384753,
            "__new": 1465.4309942884322
        },
        "Difficulty": {
            "__old": 35.81395348837209,
            "__new": 30.03846153846154
        },
        "Level": {
            "__old": 0.02792207792207792,
            "__new": 0.03329065300896287
        },
        "Effort": {
            "__old": 71823.03864830818,
            "__new": 44019.29255920252
        },
        "Programming time": {
            "__old": 3990.168813794899,
            "__new": 2445.516253289029
        },
        "Bugs": {
            "__old": 0.5759541722145377,
            "__new": 0.4155667428621877
        },
        "Estimated program length": {
            "__old": 331.4368800622107,
            "__new": 394.5303609533573
        },
        "Purity ratio": {
            "__old": 0.9953059461327649,
            "__new": 1.6717388175989716
        }
    },
    "MI": {
        "Original": {
            "__old": 58.75785297946959,
            "__new": 59.254615591723194
        },
        "Sei": {
            "__old": 33.08134287773029,
            "__new": 32.498081939061336
        },
        "Visual Studio": {
            "__old": 34.36131753185356,
            "__new": 34.651821983463854
        }
    },
    "files": [
        [
            "~",
            {
                "filename": {
                    "__old": "Assets/Rust/binarytrees.rs",
                    "__new": "Assets/Python/binarytrees.py"
                },
                "SLOC": {
                    "__old": 75,
                    "__new": 76
                },
                "PLOC": {
                    "__old": 56,
                    "__new": 48
                },
                "LLOC": {
                    "__old": 74,
                    "__new": 39
                },
                "CLOC": {
                    "__old": 7,
                    "__new": 6
                },
                "BLANK": {
                    "__old": 12,
                    "__new": 22
                },
                "CC_SUM": {
                    "__old": 12,
                    "__new": 16
                },
                "CC_AVG": {
                    "__old": 1.5,
                    "__new": 2.6666666666666665
                },
                "COGNITIVE_SUM": {
                    "__old": 5,
                    "__new": 13
                },
                "COGNITIVE_AVG": {
                    "__old": 0.7142857142857143,
                    "__new": 2.6
                },
                "NARGS_SUM": {
                    "__old": 14,
                    "__new": 10
                },
                "NEXITS": {
                    "__old": 3,
                    "__new": 5
                },
                "NOM": {
                    "functions": {
                        "__old": 4,
                        "__new": 5
                    },
                    "closures": {
                        "__old": 3,
                        "__new": 0
                    },
                    "total": {
                        "__old": 7,
                        "__new": 5
                    }
                },
                "Halstead": {
                    "n2": {
                        "__old": 43,
                        "__new": 52
                    },
                    "N1": {
                        "__old": 193,
                        "__new": 94
                    },
                    "N2": {
                        "__old": 140,
                        "__new": 142
                    },
                    "Vocabulary": {
                        "__old": 65,
                        "__new": 74
                    },
                    "Length": {
                        "__old": 333,
                        "__new": 236
                    },
                    "Volume": {
                        "__old": 2005.4484817384753,
                        "__new": 1465.4309942884322
                    },
                    "Difficulty": {
                        "__old": 35.81395348837209,
                        "__new": 30.03846153846154
                    },
                    "Level": {
                        "__old": 0.02792207792207792,
                        "__new": 0.03329065300896287
                    },
                    "Effort": {
                        "__old": 71823.03864830818,
                        "__new": 44019.29255920252
                    },
                    "Programming time": {
                        "__old": 3990.168813794899,
                        "__new": 2445.516253289029
                    },
                    "Bugs": {
                        "__old": 0.5759541722145377,
                        "__new": 0.4155667428621877
                    },
                    "Estimated program length": {
                        "__old": 331.4368800622107,
                        "__new": 394.5303609533573
                    },
                    "Purity ratio": {
                        "__old": 0.9953059461327649,
                        "__new": 1.6717388175989716
                    }
                },
                "Mi": {
                    "Original": {
                        "__old": 58.75785297946959,
                        "__new": 59.254615591723194
                    },
                    "Sei": {
                        "__old": 33.08134287773029,
                        "__new": 32.498081939061336
                    },
                    "Visual Studio": {
                        "__old": 34.36131753185356,
                        "__new": 34.651821983463854
                    }
                }
            }
        ]
    ]
}