{
    "SLOC": {
        "__old": 145,
        "__new": 106
    },
    "PLOC": {
        "__old": 95,
        "__new": 85
    },
    "LLOC": {
        "__old": 133,
        "__new": 77
    },
    "CLOC": {
        "__old": 33,
        "__new": 5
    },
    "BLANK": {
        "__old": 17,
        "__new": 16
    },
    "CC": {
        "__old": 22,
        "__new": 33
    },
    "NEXITS": {
        "__old": 2,
        "__new": 1
    },
    "NOM": {
        "functions": {
            "__old": 2,
            "__new": 4
        },
        "closures": {
            "__old": 4,
            "__new": 1
        },
        "total": {
            "__old": 6,
            "__new": 5
        }
    },
    "HALSTEAD": {
        "n1": {
            "__old": 32,
            "__new": 31
        },
        "n2": {
            "__old": 48,
            "__new": 72
        },
        "N1": {
            "__old": 286,
            "__new": 266
        },
        "N2": {
            "__old": 228,
            "__new": 281
        },
        "Vocabulary": {
            "__old": 80,
            "__new": 103
        },
        "Length": {
            "__old": 514,
            "__new": 547
        },
        "Volume": {
            "__old": 3249.4710407721045,
            "__new": 3657.5157883692204
        },
        "Difficulty": {
            "__old": 76,
            "__new": 60.49305555555556
        },
        "Level": {
            "__old": 0.013157894736842105,
            "__new": 0.01653082309723338
        },
        "Effort": {
            "__old": 246959.79909867994,
            "__new": 221254.30578114084
        },
        "Programming time": {
            "__old": 13719.988838815552,
            "__new": 12291.905876730047
        },
        "Bugs": {
            "__old": 1.3120878705738475,
            "__new": 1.2193823355953217
        },
        "Estimated program length": {
            "__old": 428.0782000346155,
            "__new": 597.8146857258396
        },
        "Purity ratio": {
            "__old": 0.8328369650478901,
            "__new": 1.092897048858939
        }
    },
    "MI": {
        "Original": {
            "__old": 43.26842634474846,
            "__new": 45.1986815374873
        },
        "Sei": {
            "__old": 22.64193201844158,
            "__new": 9.374655371045023
        },
        "Visual Studio": {
            "__old": 25.30317330102249,
            "__new": 26.431977507302516
        }
    },
    "files": [
        [
            "~",
            {
                "filename": {
                    "__old": "Assets/Rust/fannkuchredux.rs",
                    "__new": "Assets/Python/fannkuchredux.py"
                },
                "SLOC": {
                    "__old": 145,
                    "__new": 106
                },
                "PLOC": {
                    "__old": 95,
                    "__new": 85
                },
                "LLOC": {
                    "__old": 133,
                    "__new": 77
                },
                "CLOC": {
                    "__old": 33,
                    "__new": 5
                },
                "BLANK": {
                    "__old": 17,
                    "__new": 16
                },
                "CC": {
                    "__old": 22,
                    "__new": 33
                },
                "NEXITS": {
                    "__old": 2,
                    "__new": 1
                },
                "NOM": {
                    "functions": {
                        "__old": 2,
                        "__new": 4
                    },
                    "closures": {
                        "__old": 4,
                        "__new": 1
                    },
                    "total": {
                        "__old": 6,
                        "__new": 5
                    }
                },
                "Halstead": {
                    "n1": {
                        "__old": 32,
                        "__new": 31
                    },
                    "n2": {
                        "__old": 48,
                        "__new": 72
                    },
                    "N1": {
                        "__old": 286,
                        "__new": 266
                    },
                    "N2": {
                        "__old": 228,
                        "__new": 281
                    },
                    "Vocabulary": {
                        "__old": 80,
                        "__new": 103
                    },
                    "Length": {
                        "__old": 514,
                        "__new": 547
                    },
                    "Volume": {
                        "__old": 3249.4710407721045,
                        "__new": 3657.5157883692204
                    },
                    "Difficulty": {
                        "__old": 76,
                        "__new": 60.49305555555556
                    },
                    "Level": {
                        "__old": 0.013157894736842105,
                        "__new": 0.01653082309723338
                    },
                    "Effort": {
                        "__old": 246959.79909867994,
                        "__new": 221254.30578114084
                    },
                    "Programming time": {
                        "__old": 13719.988838815552,
                        "__new": 12291.905876730047
                    },
                    "Bugs": {
                        "__old": 1.3120878705738475,
                        "__new": 1.2193823355953217
                    },
                    "Estimated program length": {
                        "__old": 428.0782000346155,
                        "__new": 597.8146857258396
                    },
                    "Purity ratio": {
                        "__old": 0.8328369650478901,
                        "__new": 1.092897048858939
                    }
                },
                "Mi": {
                    "Original": {
                        "__old": 43.26842634474846,
                        "__new": 45.1986815374873
                    },
                    "Sei": {
                        "__old": 22.64193201844158,
                        "__new": 9.374655371045023
                    },
                    "Visual Studio": {
                        "__old": 25.30317330102249,
                        "__new": 26.431977507302516
                    }
                }
            }
        ]
    ]
}