{
    "SLOC": {
        "__old": 145,
        "__new": 106
    },
    "PLOC": {
        "__old": 95,
        "__new": 85
    },
    "LLOC": {
        "__old": 133,
        "__new": 77
    },
    "CLOC": {
        "__old": 33,
        "__new": 5
    },
    "BLANK": {
        "__old": 17,
        "__new": 16
    },
    "CC": {
        "__old": 22,
        "__new": 33
    },
    "COGNITIVE_SUM": {
        "__old": 38,
        "__new": 52
    },
    "COGNITIVE_AVG": {
        "__old": 6.333333333333333,
        "__new": 10.4
    },
    "NARGS_SUM": {
        "__old": 13,
        "__new": 10
    },
    "NARGS_AVG": {
        "__old": 2.1666666666666665,
        "__new": 2
    },
    "NEXITS": {
        "__old": 2,
        "__new": 1
    },
    "NOM": {
        "functions": {
            "__old": 2,
            "__new": 4
        },
        "closures": {
            "__old": 4,
            "__new": 1
        },
        "total": {
            "__old": 6,
            "__new": 5
        }
    },
    "HALSTEAD": {
        "n1": {
            "__old": 32,
            "__new": 30
        },
        "n2": {
            "__old": 48,
            "__new": 72
        },
        "N1": {
            "__old": 286,
            "__new": 182
        },
        "N2": {
            "__old": 228,
            "__new": 281
        },
        "Vocabulary": {
            "__old": 80,
            "__new": 102
        },
        "Length": {
            "__old": 514,
            "__new": 463
        },
        "Volume": {
            "__old": 3249.4710407721045,
            "__new": 3089.3329333328024
        },
        "Difficulty": {
            "__old": 76,
            "__new": 58.541666666666664
        },
        "Level": {
            "__old": 0.013157894736842105,
            "__new": 0.01708185053380783
        },
        "Effort": {
            "__old": 246959.79909867994,
            "__new": 180854.69880552447
        },
        "Programming time": {
            "__old": 13719.988838815552,
            "__new": 10047.483266973582
        },
        "Bugs": {
            "__old": 1.3120878705738475,
            "__new": 1.066019812671971
        },
        "Estimated program length": {
            "__old": 428.0782000346155,
            "__new": 591.4413179721021
        },
        "Purity ratio": {
            "__old": 0.8328369650478901,
            "__new": 1.2774110539354255
        }
    },
    "MI": {
        "Original": {
            "__old": 43.26842634474846,
            "__new": 46.07659224487226
        },
        "Sei": {
            "__old": 22.64193201844158,
            "__new": 10.6412127949326
        },
        "Visual Studio": {
            "__old": 25.30317330102249,
            "__new": 26.945375581796647
        }
    },
    "files": [
        [
            "~",
            {
                "filename": {
                    "__old": "Assets/Rust/fannkuchredux.rs",
                    "__new": "Assets/Python/fannkuchredux.py"
                },
                "SLOC": {
                    "__old": 145,
                    "__new": 106
                },
                "PLOC": {
                    "__old": 95,
                    "__new": 85
                },
                "LLOC": {
                    "__old": 133,
                    "__new": 77
                },
                "CLOC": {
                    "__old": 33,
                    "__new": 5
                },
                "BLANK": {
                    "__old": 17,
                    "__new": 16
                },
                "CC": {
                    "__old": 22,
                    "__new": 33
                },
                "COGNITIVE_SUM": {
                    "__old": 38,
                    "__new": 52
                },
                "COGNITIVE_AVG": {
                    "__old": 6.333333333333333,
                    "__new": 10.4
                },
                "NARGS_SUM": {
                    "__old": 13,
                    "__new": 10
                },
                "NARGS_AVG": {
                    "__old": 2.1666666666666665,
                    "__new": 2
                },
                "NEXITS": {
                    "__old": 2,
                    "__new": 1
                },
                "NOM": {
                    "functions": {
                        "__old": 2,
                        "__new": 4
                    },
                    "closures": {
                        "__old": 4,
                        "__new": 1
                    },
                    "total": {
                        "__old": 6,
                        "__new": 5
                    }
                },
                "Halstead": {
                    "n1": {
                        "__old": 32,
                        "__new": 30
                    },
                    "n2": {
                        "__old": 48,
                        "__new": 72
                    },
                    "N1": {
                        "__old": 286,
                        "__new": 182
                    },
                    "N2": {
                        "__old": 228,
                        "__new": 281
                    },
                    "Vocabulary": {
                        "__old": 80,
                        "__new": 102
                    },
                    "Length": {
                        "__old": 514,
                        "__new": 463
                    },
                    "Volume": {
                        "__old": 3249.4710407721045,
                        "__new": 3089.3329333328024
                    },
                    "Difficulty": {
                        "__old": 76,
                        "__new": 58.541666666666664
                    },
                    "Level": {
                        "__old": 0.013157894736842105,
                        "__new": 0.01708185053380783
                    },
                    "Effort": {
                        "__old": 246959.79909867994,
                        "__new": 180854.69880552447
                    },
                    "Programming time": {
                        "__old": 13719.988838815552,
                        "__new": 10047.483266973582
                    },
                    "Bugs": {
                        "__old": 1.3120878705738475,
                        "__new": 1.066019812671971
                    },
                    "Estimated program length": {
                        "__old": 428.0782000346155,
                        "__new": 591.4413179721021
                    },
                    "Purity ratio": {
                        "__old": 0.8328369650478901,
                        "__new": 1.2774110539354255
                    }
                },
                "Mi": {
                    "Original": {
                        "__old": 43.26842634474846,
                        "__new": 46.07659224487226
                    },
                    "Sei": {
                        "__old": 22.64193201844158,
                        "__new": 10.6412127949326
                    },
                    "Visual Studio": {
                        "__old": 25.30317330102249,
                        "__new": 26.945375581796647
                    }
                }
            }
        ]
    ]
}