{
    "SLOC": {
        "__old": 221,
        "__new": 138
    },
    "PLOC": {
        "__old": 183,
        "__new": 79
    },
    "LLOC": {
        "__old": 241,
        "__new": 68
    },
    "CLOC": {
        "__old": 6,
        "__new": 28
    },
    "BLANK": {
        "__old": 32,
        "__new": 31
    },
    "CC": {
        "__old": 38,
        "__new": 15
    },
    "NEXITS": {
        "__old": 10,
        "__new": 2
    },
    "NOM": {
        "functions": {
            "__old": 11,
            "__new": 4
        },
        "closures": {
            "__old": 5,
            "__new": 0
        },
        "total": {
            "__old": 16,
            "__new": 4
        }
    },
    "HALSTEAD": {
        "n1": {
            "__old": 31,
            "__new": 19
        },
        "n2": {
            "__old": 123,
            "__new": 91
        },
        "N1": {
            "__old": 578,
            "__new": 193
        },
        "N2": {
            "__old": 358,
            "__new": 234
        },
        "Vocabulary": {
            "__old": 154,
            "__new": 110
        },
        "Length": {
            "__old": 936,
            "__new": 427
        },
        "Volume": {
            "__old": 6801.712202090427,
            "__new": 2895.6405976750298
        },
        "Difficulty": {
            "__old": 45.113821138211385,
            "__new": 24.428571428571427
        },
        "Level": {
            "__old": 0.0221661560641557,
            "__new": 0.04093567251461989
        },
        "Effort": {
            "__old": 306851.2277186974,
            "__new": 70736.36317177572
        },
        "Programming time": {
            "__old": 17047.290428816523,
            "__new": 3929.79795398754
        },
        "Bugs": {
            "__old": 1.5164589389453085,
            "__new": 0.5701300037007624
        },
        "Estimated program length": {
            "__old": 1007.5093697787196,
            "__new": 672.9199350135095
        },
        "Purity ratio": {
            "__old": 1.0763988993362388,
            "__new": 1.5759249063548233
        }
    },
    "MI": {
        "Original": {
            "__old": 28.92013003516172,
            "__new": 46.27948975793785
        },
        "Sei": {
            "__old": -17.483852860928224,
            "__new": 24.721179830960693
        },
        "Visual Studio": {
            "__old": 16.912356745708607,
            "__new": 27.06402909820927
        }
    },
    "files": [
        [
            "~",
            {
                "filename": {
                    "__old": "Assets/Rust/fasta.rs",
                    "__new": "Assets/Python/fasta.py"
                },
                "SLOC": {
                    "__old": 221,
                    "__new": 138
                },
                "PLOC": {
                    "__old": 183,
                    "__new": 79
                },
                "LLOC": {
                    "__old": 241,
                    "__new": 68
                },
                "CLOC": {
                    "__old": 6,
                    "__new": 28
                },
                "BLANK": {
                    "__old": 32,
                    "__new": 31
                },
                "CC": {
                    "__old": 38,
                    "__new": 15
                },
                "NEXITS": {
                    "__old": 10,
                    "__new": 2
                },
                "NOM": {
                    "functions": {
                        "__old": 11,
                        "__new": 4
                    },
                    "closures": {
                        "__old": 5,
                        "__new": 0
                    },
                    "total": {
                        "__old": 16,
                        "__new": 4
                    }
                },
                "Halstead": {
                    "n1": {
                        "__old": 31,
                        "__new": 19
                    },
                    "n2": {
                        "__old": 123,
                        "__new": 91
                    },
                    "N1": {
                        "__old": 578,
                        "__new": 193
                    },
                    "N2": {
                        "__old": 358,
                        "__new": 234
                    },
                    "Vocabulary": {
                        "__old": 154,
                        "__new": 110
                    },
                    "Length": {
                        "__old": 936,
                        "__new": 427
                    },
                    "Volume": {
                        "__old": 6801.712202090427,
                        "__new": 2895.6405976750298
                    },
                    "Difficulty": {
                        "__old": 45.113821138211385,
                        "__new": 24.428571428571427
                    },
                    "Level": {
                        "__old": 0.0221661560641557,
                        "__new": 0.04093567251461989
                    },
                    "Effort": {
                        "__old": 306851.2277186974,
                        "__new": 70736.36317177572
                    },
                    "Programming time": {
                        "__old": 17047.290428816523,
                        "__new": 3929.79795398754
                    },
                    "Bugs": {
                        "__old": 1.5164589389453085,
                        "__new": 0.5701300037007624
                    },
                    "Estimated program length": {
                        "__old": 1007.5093697787196,
                        "__new": 672.9199350135095
                    },
                    "Purity ratio": {
                        "__old": 1.0763988993362388,
                        "__new": 1.5759249063548233
                    }
                },
                "Mi": {
                    "Original": {
                        "__old": 28.92013003516172,
                        "__new": 46.27948975793785
                    },
                    "Sei": {
                        "__old": -17.483852860928224,
                        "__new": 24.721179830960693
                    },
                    "Visual Studio": {
                        "__old": 16.912356745708607,
                        "__new": 27.06402909820927
                    }
                }
            }
        ]
    ]
}