{
    "SLOC": {
        "__old": 221,
        "__new": 138
    },
    "PLOC": {
        "__old": 183,
        "__new": 79
    },
    "LLOC": {
        "__old": 241,
        "__new": 68
    },
    "CLOC": {
        "__old": 6,
        "__new": 28
    },
    "BLANK": {
        "__old": 32,
        "__new": 31
    },
    "CC": {
        "__old": 38,
        "__new": 15
    },
    "NARGS_SUM": {
        "__old": 38,
        "__new": 6
    },
    "NARGS_AVG": {
        "__old": 2.375,
        "__new": 1.5
    },
    "NEXITS": {
        "__old": 10,
        "__new": 2
    },
    "NOM": {
        "functions": {
            "__old": 11,
            "__new": 4
        },
        "closures": {
            "__old": 5,
            "__new": 0
        },
        "total": {
            "__old": 16,
            "__new": 4
        }
    },
    "HALSTEAD": {
        "n1": {
            "__old": 31,
            "__new": 18
        },
        "n2": {
            "__old": 123,
            "__new": 91
        },
        "N1": {
            "__old": 578,
            "__new": 140
        },
        "N2": {
            "__old": 358,
            "__new": 234
        },
        "Vocabulary": {
            "__old": 154,
            "__new": 109
        },
        "Length": {
            "__old": 936,
            "__new": 374
        },
        "Volume": {
            "__old": 6801.712202090427,
            "__new": 2531.3009374665703
        },
        "Difficulty": {
            "__old": 45.113821138211385,
            "__new": 23.142857142857142
        },
        "Level": {
            "__old": 0.0221661560641557,
            "__new": 0.043209876543209874
        },
        "Effort": {
            "__old": 306851.2277186974,
            "__new": 58581.5359813692
        },
        "Programming time": {
            "__old": 17047.290428816523,
            "__new": 3254.5297767427332
        },
        "Bugs": {
            "__old": 1.5164589389453085,
            "__new": 0.5027891705409683
        },
        "Estimated program length": {
            "__old": 1007.5093697787196,
            "__new": 667.2679622840429
        },
        "Purity ratio": {
            "__old": 1.0763988993362388,
            "__new": 1.7841389365883502
        }
    },
    "MI": {
        "Original": {
            "__old": 28.92013003516172,
            "__new": 46.97874929915429
        },
        "Sei": {
            "__old": -17.483852860928224,
            "__new": 25.729998103367933
        },
        "Visual Studio": {
            "__old": 16.912356745708607,
            "__new": 27.472952806522976
        }
    },
    "files": [
        [
            "~",
            {
                "filename": {
                    "__old": "Assets/Rust/fasta.rs",
                    "__new": "Assets/Python/fasta.py"
                },
                "SLOC": {
                    "__old": 221,
                    "__new": 138
                },
                "PLOC": {
                    "__old": 183,
                    "__new": 79
                },
                "LLOC": {
                    "__old": 241,
                    "__new": 68
                },
                "CLOC": {
                    "__old": 6,
                    "__new": 28
                },
                "BLANK": {
                    "__old": 32,
                    "__new": 31
                },
                "CC": {
                    "__old": 38,
                    "__new": 15
                },
                "COGNITIVE": {
                    "__old": 20,
                    "__new": 12
                },
                "NARGS_SUM": {
                    "__old": 38,
                    "__new": 6
                },
                "NARGS_AVG": {
                    "__old": 2.375,
                    "__new": 1.5
                },
                "NEXITS": {
                    "__old": 10,
                    "__new": 2
                },
                "NOM": {
                    "functions": {
                        "__old": 11,
                        "__new": 4
                    },
                    "closures": {
                        "__old": 5,
                        "__new": 0
                    },
                    "total": {
                        "__old": 16,
                        "__new": 4
                    }
                },
                "Halstead": {
                    "n1": {
                        "__old": 31,
                        "__new": 18
                    },
                    "n2": {
                        "__old": 123,
                        "__new": 91
                    },
                    "N1": {
                        "__old": 578,
                        "__new": 140
                    },
                    "N2": {
                        "__old": 358,
                        "__new": 234
                    },
                    "Vocabulary": {
                        "__old": 154,
                        "__new": 109
                    },
                    "Length": {
                        "__old": 936,
                        "__new": 374
                    },
                    "Volume": {
                        "__old": 6801.712202090427,
                        "__new": 2531.3009374665703
                    },
                    "Difficulty": {
                        "__old": 45.113821138211385,
                        "__new": 23.142857142857142
                    },
                    "Level": {
                        "__old": 0.0221661560641557,
                        "__new": 0.043209876543209874
                    },
                    "Effort": {
                        "__old": 306851.2277186974,
                        "__new": 58581.5359813692
                    },
                    "Programming time": {
                        "__old": 17047.290428816523,
                        "__new": 3254.5297767427332
                    },
                    "Bugs": {
                        "__old": 1.5164589389453085,
                        "__new": 0.5027891705409683
                    },
                    "Estimated program length": {
                        "__old": 1007.5093697787196,
                        "__new": 667.2679622840429
                    },
                    "Purity ratio": {
                        "__old": 1.0763988993362388,
                        "__new": 1.7841389365883502
                    }
                },
                "Mi": {
                    "Original": {
                        "__old": 28.92013003516172,
                        "__new": 46.97874929915429
                    },
                    "Sei": {
                        "__old": -17.483852860928224,
                        "__new": 25.729998103367933
                    },
                    "Visual Studio": {
                        "__old": 16.912356745708607,
                        "__new": 27.472952806522976
                    }
                }
            }
        ]
    ]
}