{
    "SLOC": {
        "__old": 196,
        "__new": 186
    },
    "PLOC": {
        "__old": 174,
        "__new": 156
    },
    "LLOC": {
        "__old": 191,
        "__new": 128
    },
    "CLOC": {
        "__old": 7,
        "__new": 4
    },
    "BLANK": {
        "__old": 15,
        "__new": 26
    },
    "NEXITS": {
        "__old": 11,
        "__new": 7
    },
    "NOM": {
        "functions": {
            "__old": 16,
            "__new": 10
        },
        "closures": {
            "__old": 5,
            "__new": 3
        },
        "total": {
            "__old": 21,
            "__new": 13
        }
    },
    "HALSTEAD": {
        "n1": {
            "__old": 33,
            "__new": 31
        },
        "n2": {
            "__old": 107,
            "__new": 139
        },
        "N1": {
            "__old": 547,
            "__new": 544
        },
        "N2": {
            "__old": 337,
            "__new": 588
        },
        "Vocabulary": {
            "__old": 140,
            "__new": 170
        },
        "Length": {
            "__old": 884,
            "__new": 1132
        },
        "Volume": {
            "__old": 6302.2861869793505,
            "__new": 8387.430539707879
        },
        "Difficulty": {
            "__old": 51.967289719626166,
            "__new": 65.56834532374101
        },
        "Level": {
            "__old": 0.01924287384228037,
            "__new": 0.015251261795040596
        },
        "Effort": {
            "__old": 327512.73217475397,
            "__new": 549949.9420064577
        },
        "Programming time": {
            "__old": 18195.15178748633,
            "__new": 30552.77455591432
        },
        "Bugs": {
            "__old": 1.583789783999874,
            "__new": 2.2374887085700426
        },
        "Estimated program length": {
            "__old": 887.8019734837518,
            "__new": 1143.1128947305606
        },
        "Purity ratio": {
            "__old": 1.0043008749816196,
            "__new": 1.0098170448149828
        }
    },
    "MI": {
        "Original": {
            "__old": 26.431470306919564,
            "__new": 25.793558486679558
        },
        "Sei": {
            "__old": -17.130655094041984,
            "__new": -21.219466695400392
        },
        "Visual Studio": {
            "__old": 15.457000179485124,
            "__new": 15.083952331391554
        }
    },
    "files": [
        [
            "~",
            {
                "filename": {
                    "__old": "Assets/Rust/knucleotide.rs",
                    "__new": "Assets/Python/knucleotide.py"
                },
                "SLOC": {
                    "__old": 196,
                    "__new": 186
                },
                "PLOC": {
                    "__old": 174,
                    "__new": 156
                },
                "LLOC": {
                    "__old": 191,
                    "__new": 128
                },
                "CLOC": {
                    "__old": 7,
                    "__new": 4
                },
                "BLANK": {
                    "__old": 15,
                    "__new": 26
                },
                "NEXITS": {
                    "__old": 11,
                    "__new": 7
                },
                "NOM": {
                    "functions": {
                        "__old": 16,
                        "__new": 10
                    },
                    "closures": {
                        "__old": 5,
                        "__new": 3
                    },
                    "total": {
                        "__old": 21,
                        "__new": 13
                    }
                },
                "Halstead": {
                    "n1": {
                        "__old": 33,
                        "__new": 31
                    },
                    "n2": {
                        "__old": 107,
                        "__new": 139
                    },
                    "N1": {
                        "__old": 547,
                        "__new": 544
                    },
                    "N2": {
                        "__old": 337,
                        "__new": 588
                    },
                    "Vocabulary": {
                        "__old": 140,
                        "__new": 170
                    },
                    "Length": {
                        "__old": 884,
                        "__new": 1132
                    },
                    "Volume": {
                        "__old": 6302.2861869793505,
                        "__new": 8387.430539707879
                    },
                    "Difficulty": {
                        "__old": 51.967289719626166,
                        "__new": 65.56834532374101
                    },
                    "Level": {
                        "__old": 0.01924287384228037,
                        "__new": 0.015251261795040596
                    },
                    "Effort": {
                        "__old": 327512.73217475397,
                        "__new": 549949.9420064577
                    },
                    "Programming time": {
                        "__old": 18195.15178748633,
                        "__new": 30552.77455591432
                    },
                    "Bugs": {
                        "__old": 1.583789783999874,
                        "__new": 2.2374887085700426
                    },
                    "Estimated program length": {
                        "__old": 887.8019734837518,
                        "__new": 1143.1128947305606
                    },
                    "Purity ratio": {
                        "__old": 1.0043008749816196,
                        "__new": 1.0098170448149828
                    }
                },
                "Mi": {
                    "Original": {
                        "__old": 26.431470306919564,
                        "__new": 25.793558486679558
                    },
                    "Sei": {
                        "__old": -17.130655094041984,
                        "__new": -21.219466695400392
                    },
                    "Visual Studio": {
                        "__old": 15.457000179485124,
                        "__new": 15.083952331391554
                    }
                }
            }
        ]
    ]
}