{
    "SLOC": {
        "__old": 196,
        "__new": 186
    },
    "PLOC": {
        "__old": 174,
        "__new": 156
    },
    "LLOC": {
        "__old": 191,
        "__new": 128
    },
    "CLOC": {
        "__old": 7,
        "__new": 4
    },
    "BLANK": {
        "__old": 15,
        "__new": 26
    },
    "COGNITIVE": {
        "__old": 15,
        "__new": 70
    },
    "NEXITS": {
        "__old": 11,
        "__new": 7
    },
    "NOM": {
        "functions": {
            "__old": 16,
            "__new": 10
        },
        "closures": {
            "__old": 5,
            "__new": 3
        },
        "total": {
            "__old": 21,
            "__new": 13
        }
    },
    "HALSTEAD": {
        "n1": {
            "__old": 33,
            "__new": 29
        },
        "n2": {
            "__old": 107,
            "__new": 139
        },
        "N1": {
            "__old": 547,
            "__new": 380
        },
        "N2": {
            "__old": 337,
            "__new": 588
        },
        "Vocabulary": {
            "__old": 140,
            "__new": 168
        },
        "Length": {
            "__old": 884,
            "__new": 968
        },
        "Volume": {
            "__old": 6302.2861869793505,
            "__new": 7155.7632652498405
        },
        "Difficulty": {
            "__old": 51.967289719626166,
            "__new": 61.33812949640288
        },
        "Level": {
            "__old": 0.01924287384228037,
            "__new": 0.01630307295331926
        },
        "Effort": {
            "__old": 327512.73217475397,
            "__new": 438921.1338094974
        },
        "Programming time": {
            "__old": 18195.15178748633,
            "__new": 24384.507433860967
        },
        "Bugs": {
            "__old": 1.583789783999874,
            "__new": 1.925172902533652
        },
        "Estimated program length": {
            "__old": 887.8019734837518,
            "__new": 1130.414257967267
        },
        "Purity ratio": {
            "__old": 1.0043008749816196,
            "__new": 1.1677833243463502
        }
    },
    "MI": {
        "Original": {
            "__old": 26.431470306919564,
            "__new": 26.619402402992506
        },
        "Sei": {
            "__old": -17.130655094041984,
            "__new": -20.028025772787338
        },
        "Visual Studio": {
            "__old": 15.457000179485124,
            "__new": 15.566901990054097
        }
    },
    "files": [
        [
            "~",
            {
                "filename": {
                    "__old": "Assets/Rust/knucleotide.rs",
                    "__new": "Assets/Python/knucleotide.py"
                },
                "SLOC": {
                    "__old": 196,
                    "__new": 186
                },
                "PLOC": {
                    "__old": 174,
                    "__new": 156
                },
                "LLOC": {
                    "__old": 191,
                    "__new": 128
                },
                "CLOC": {
                    "__old": 7,
                    "__new": 4
                },
                "BLANK": {
                    "__old": 15,
                    "__new": 26
                },
                "COGNITIVE": {
                    "__old": 15,
                    "__new": 70
                },
                "NEXITS": {
                    "__old": 11,
                    "__new": 7
                },
                "NOM": {
                    "functions": {
                        "__old": 16,
                        "__new": 10
                    },
                    "closures": {
                        "__old": 5,
                        "__new": 3
                    },
                    "total": {
                        "__old": 21,
                        "__new": 13
                    }
                },
                "Halstead": {
                    "n1": {
                        "__old": 33,
                        "__new": 29
                    },
                    "n2": {
                        "__old": 107,
                        "__new": 139
                    },
                    "N1": {
                        "__old": 547,
                        "__new": 380
                    },
                    "N2": {
                        "__old": 337,
                        "__new": 588
                    },
                    "Vocabulary": {
                        "__old": 140,
                        "__new": 168
                    },
                    "Length": {
                        "__old": 884,
                        "__new": 968
                    },
                    "Volume": {
                        "__old": 6302.2861869793505,
                        "__new": 7155.7632652498405
                    },
                    "Difficulty": {
                        "__old": 51.967289719626166,
                        "__new": 61.33812949640288
                    },
                    "Level": {
                        "__old": 0.01924287384228037,
                        "__new": 0.01630307295331926
                    },
                    "Effort": {
                        "__old": 327512.73217475397,
                        "__new": 438921.1338094974
                    },
                    "Programming time": {
                        "__old": 18195.15178748633,
                        "__new": 24384.507433860967
                    },
                    "Bugs": {
                        "__old": 1.583789783999874,
                        "__new": 1.925172902533652
                    },
                    "Estimated program length": {
                        "__old": 887.8019734837518,
                        "__new": 1130.414257967267
                    },
                    "Purity ratio": {
                        "__old": 1.0043008749816196,
                        "__new": 1.1677833243463502
                    }
                },
                "Mi": {
                    "Original": {
                        "__old": 26.431470306919564,
                        "__new": 26.619402402992506
                    },
                    "Sei": {
                        "__old": -17.130655094041984,
                        "__new": -20.028025772787338
                    },
                    "Visual Studio": {
                        "__old": 15.457000179485124,
                        "__new": 15.566901990054097
                    }
                }
            }
        ]
    ]
}