{
    "SLOC": {
        "__old": 143,
        "__new": 74
    },
    "PLOC": {
        "__old": 119,
        "__new": 59
    },
    "LLOC": {
        "__old": 137,
        "__new": 53
    },
    "CLOC": {
        "__old": 6,
        "__new": 4
    },
    "BLANK": {
        "__old": 18,
        "__new": 11
    },
    "CC": {
        "__old": 28,
        "__new": 22
    },
    "NEXITS": {
        "__old": 8,
        "__new": 1
    },
    "NOM": {
        "functions": {
            "__old": 9,
            "__new": 5
        },
        "closures": {
            "__old": 5,
            "__new": 0
        },
        "total": {
            "__old": 14,
            "__new": 5
        }
    },
    "HALSTEAD": {
        "n1": {
            "__old": 26,
            "__new": 32
        },
        "n2": {
            "__old": 76,
            "__new": 68
        },
        "N1": {
            "__old": 322,
            "__new": 155
        },
        "N2": {
            "__old": 228,
            "__new": 174
        },
        "Vocabulary": {
            "__old": 102,
            "__new": 100
        },
        "Length": {
            "__old": 550,
            "__new": 329
        },
        "Volume": {
            "__old": 3669.833938084322,
            "__new": 2185.8286864358843
        },
        "Difficulty": {
            "__old": 39,
            "__new": 40.94117647058823
        },
        "Level": {
            "__old": 0.02564102564102564,
            "__new": 0.02442528735632184
        },
        "Effort": {
            "__old": 143123.52358528855,
            "__new": 89490.3979858456
        },
        "Programming time": {
            "__old": 7951.306865849364,
            "__new": 4971.688776991422
        },
        "Bugs": {
            "__old": 0.9120516325555061,
            "__new": 0.6669035639113784
        },
        "Estimated program length": {
            "__old": 597.0539236933809,
            "__new": 573.947473205023
        },
        "Purity ratio": {
            "__old": 1.0855525885334196,
            "__new": 1.7445211951520456
        }
    },
    "MI": {
        "Original": {
            "__old": 41.48082819374778,
            "__new": 56.22744394488677
        },
        "Sei": {
            "__old": 2.595911126556201,
            "__new": 25.28038022795969
        },
        "Visual Studio": {
            "__old": 24.25779426534958,
            "__new": 32.88154616660045
        }
    },
    "files": [
        [
            "~",
            {
                "filename": {
                    "__old": "Assets/Rust/mandelbrot.rs",
                    "__new": "Assets/Python/mandelbrot.py"
                },
                "SLOC": {
                    "__old": 143,
                    "__new": 74
                },
                "PLOC": {
                    "__old": 119,
                    "__new": 59
                },
                "LLOC": {
                    "__old": 137,
                    "__new": 53
                },
                "CLOC": {
                    "__old": 6,
                    "__new": 4
                },
                "BLANK": {
                    "__old": 18,
                    "__new": 11
                },
                "CC": {
                    "__old": 28,
                    "__new": 22
                },
                "NEXITS": {
                    "__old": 8,
                    "__new": 1
                },
                "NOM": {
                    "functions": {
                        "__old": 9,
                        "__new": 5
                    },
                    "closures": {
                        "__old": 5,
                        "__new": 0
                    },
                    "total": {
                        "__old": 14,
                        "__new": 5
                    }
                },
                "Halstead": {
                    "n1": {
                        "__old": 26,
                        "__new": 32
                    },
                    "n2": {
                        "__old": 76,
                        "__new": 68
                    },
                    "N1": {
                        "__old": 322,
                        "__new": 155
                    },
                    "N2": {
                        "__old": 228,
                        "__new": 174
                    },
                    "Vocabulary": {
                        "__old": 102,
                        "__new": 100
                    },
                    "Length": {
                        "__old": 550,
                        "__new": 329
                    },
                    "Volume": {
                        "__old": 3669.833938084322,
                        "__new": 2185.8286864358843
                    },
                    "Difficulty": {
                        "__old": 39,
                        "__new": 40.94117647058823
                    },
                    "Level": {
                        "__old": 0.02564102564102564,
                        "__new": 0.02442528735632184
                    },
                    "Effort": {
                        "__old": 143123.52358528855,
                        "__new": 89490.3979858456
                    },
                    "Programming time": {
                        "__old": 7951.306865849364,
                        "__new": 4971.688776991422
                    },
                    "Bugs": {
                        "__old": 0.9120516325555061,
                        "__new": 0.6669035639113784
                    },
                    "Estimated program length": {
                        "__old": 597.0539236933809,
                        "__new": 573.947473205023
                    },
                    "Purity ratio": {
                        "__old": 1.0855525885334196,
                        "__new": 1.7445211951520456
                    }
                },
                "Mi": {
                    "Original": {
                        "__old": 41.48082819374778,
                        "__new": 56.22744394488677
                    },
                    "Sei": {
                        "__old": 2.595911126556201,
                        "__new": 25.28038022795969
                    },
                    "Visual Studio": {
                        "__old": 24.25779426534958,
                        "__new": 32.88154616660045
                    }
                }
            }
        ]
    ]
}