{
    "SLOC": {
        "__old": 204,
        "__new": 116
    },
    "PLOC": {
        "__old": 157,
        "__new": 89
    },
    "LLOC": {
        "__old": 62,
        "__new": 53
    },
    "CLOC": {
        "__old": 24,
        "__new": 7
    },
    "BLANK": {
        "__old": 23,
        "__new": 20
    },
    "CC_SUM": {
        "__old": 36,
        "__new": 15
    },
    "CC_AVG": {
        "__old": 1.5,
        "__new": 2.5
    },
    "COGNITIVE_SUM": {
        "__old": 6,
        "__new": 12
    },
    "COGNITIVE_AVG": {
        "__old": 0.3157894736842105,
        "__new": 2.4
    },
    "NARGS_SUM": {
        "__old": 41,
        "__new": 15
    },
    "NARGS_AVG": {
        "__old": 2.1578947368421053,
        "__new": 3
    },
    "NEXITS": {
        "__old": 9,
        "__new": 1
    },
    "NEXITS_AVG": {
        "__old": 0.47368421052631576,
        "__new": 0.2
    },
    "NOM": {
        "functions": {
            "__old": 14,
            "__new": 5
        },
        "closures": {
            "__old": 5,
            "__new": 0
        },
        "total": {
            "__old": 19,
            "__new": 5
        }
    },
    "HALSTEAD": {
        "n1": {
            "__old": 26,
            "__new": 18
        },
        "n2": {
            "__old": 100,
            "__new": 104
        },
        "N1": {
            "__old": 573,
            "__new": 228
        },
        "N2": {
            "__old": 353,
            "__new": 295
        },
        "Vocabulary": {
            "__old": 126,
            "__new": 122
        },
        "Length": {
            "__old": 926,
            "__new": 523
        },
        "Volume": {
            "__old": 6460.961209160923,
            "__new": 3624.77562754539
        },
        "Difficulty": {
            "__old": 45.89,
            "__new": 25.528846153846153
        },
        "Level": {
            "__old": 0.021791239921551537,
            "__new": 0.039171374764595104
        },
        "Effort": {
            "__old": 296493.5098883948,
            "__new": 92536.33933781741
        },
        "Programming time": {
            "__old": 16471.861660466377,
            "__new": 5140.907740989856
        },
        "Bugs": {
            "__old": 1.4821387872186218,
            "__new": 0.6819517089673753
        },
        "Estimated program length": {
            "__old": 786.5970516491408,
            "__new": 771.9043807126351
        },
        "Purity ratio": {
            "__old": 0.8494568592323335,
            "__new": 1.4759165979209083
        }
    },
    "MI": {
        "Original": {
            "__old": 30.94408252530617,
            "__new": 47.92499102255418
        },
        "Sei": {
            "__old": -2.0567631101561155,
            "__new": 13.539717969646862
        },
        "Visual Studio": {
            "__old": 18.095954693161502,
            "__new": 28.026310539505367
        }
    },
    "files": [
        [
            "~",
            {
                "filename": {
                    "__old": "Assets/Rust/nbody.rs",
                    "__new": "Assets/Python/nbody.py"
                },
                "SLOC": {
                    "__old": 204,
                    "__new": 116
                },
                "PLOC": {
                    "__old": 157,
                    "__new": 89
                },
                "LLOC": {
                    "__old": 62,
                    "__new": 53
                },
                "CLOC": {
                    "__old": 24,
                    "__new": 7
                },
                "BLANK": {
                    "__old": 23,
                    "__new": 20
                },
                "CC_SUM": {
                    "__old": 36,
                    "__new": 15
                },
                "CC_AVG": {
                    "__old": 1.5,
                    "__new": 2.5
                },
                "COGNITIVE_SUM": {
                    "__old": 6,
                    "__new": 12
                },
                "COGNITIVE_AVG": {
                    "__old": 0.3157894736842105,
                    "__new": 2.4
                },
                "NARGS_SUM": {
                    "__old": 41,
                    "__new": 15
                },
                "NARGS_AVG": {
                    "__old": 2.1578947368421053,
                    "__new": 3
                },
                "NEXITS": {
                    "__old": 9,
                    "__new": 1
                },
                "NEXITS_AVG": {
                    "__old": 0.47368421052631576,
                    "__new": 0.2
                },
                "NOM": {
                    "functions": {
                        "__old": 14,
                        "__new": 5
                    },
                    "closures": {
                        "__old": 5,
                        "__new": 0
                    },
                    "total": {
                        "__old": 19,
                        "__new": 5
                    }
                },
                "Halstead": {
                    "n1": {
                        "__old": 26,
                        "__new": 18
                    },
                    "n2": {
                        "__old": 100,
                        "__new": 104
                    },
                    "N1": {
                        "__old": 573,
                        "__new": 228
                    },
                    "N2": {
                        "__old": 353,
                        "__new": 295
                    },
                    "Vocabulary": {
                        "__old": 126,
                        "__new": 122
                    },
                    "Length": {
                        "__old": 926,
                        "__new": 523
                    },
                    "Volume": {
                        "__old": 6460.961209160923,
                        "__new": 3624.77562754539
                    },
                    "Difficulty": {
                        "__old": 45.89,
                        "__new": 25.528846153846153
                    },
                    "Level": {
                        "__old": 0.021791239921551537,
                        "__new": 0.039171374764595104
                    },
                    "Effort": {
                        "__old": 296493.5098883948,
                        "__new": 92536.33933781741
                    },
                    "Programming time": {
                        "__old": 16471.861660466377,
                        "__new": 5140.907740989856
                    },
                    "Bugs": {
                        "__old": 1.4821387872186218,
                        "__new": 0.6819517089673753
                    },
                    "Estimated program length": {
                        "__old": 786.5970516491408,
                        "__new": 771.9043807126351
                    },
                    "Purity ratio": {
                        "__old": 0.8494568592323335,
                        "__new": 1.4759165979209083
                    }
                },
                "Mi": {
                    "Original": {
                        "__old": 30.94408252530617,
                        "__new": 47.92499102255418
                    },
                    "Sei": {
                        "__old": -2.0567631101561155,
                        "__new": 13.539717969646862
                    },
                    "Visual Studio": {
                        "__old": 18.095954693161502,
                        "__new": 28.026310539505367
                    }
                }
            }
        ]
    ]
}