{
    "SLOC": {
        "__old": 204,
        "__new": 116
    },
    "PLOC": {
        "__old": 157,
        "__new": 89
    },
    "LLOC": {
        "__old": 204,
        "__new": 53
    },
    "CLOC": {
        "__old": 24,
        "__new": 7
    },
    "BLANK": {
        "__old": 23,
        "__new": 20
    },
    "CC": {
        "__old": 36,
        "__new": 15
    },
    "NEXITS": {
        "__old": 9,
        "__new": 1
    },
    "NOM": {
        "functions": {
            "__old": 14,
            "__new": 5
        },
        "closures": {
            "__old": 5,
            "__new": 0
        },
        "total": {
            "__old": 19,
            "__new": 5
        }
    },
    "HALSTEAD": {
        "n1": {
            "__old": 26,
            "__new": 20
        },
        "n2": {
            "__old": 100,
            "__new": 104
        },
        "N1": {
            "__old": 573,
            "__new": 300
        },
        "N2": {
            "__old": 353,
            "__new": 295
        },
        "Vocabulary": {
            "__old": 126,
            "__new": 124
        },
        "Length": {
            "__old": 926,
            "__new": 595
        },
        "Volume": {
            "__old": 6460.961209160923,
            "__new": 4137.7468046801905
        },
        "Difficulty": {
            "__old": 45.89,
            "__new": 28.365384615384617
        },
        "Level": {
            "__old": 0.021791239921551537,
            "__new": 0.03525423728813559
        },
        "Effort": {
            "__old": 296493.5098883948,
            "__new": 117368.77955583233
        },
        "Programming time": {
            "__old": 16471.861660466377,
            "__new": 6520.4877531017955
        },
        "Bugs": {
            "__old": 1.4821387872186218,
            "__new": 0.7990619872930836
        },
        "Estimated program length": {
            "__old": 786.5970516491408,
            "__new": 783.2842925844208
        },
        "Purity ratio": {
            "__old": 0.8494568592323335,
            "__new": 1.3164441892175138
        }
    },
    "MI": {
        "Original": {
            "__old": 30.94408252530617,
            "__new": 47.23672422743864
        },
        "Sei": {
            "__old": -2.0567631101561155,
            "__new": 12.54675887752514
        },
        "Visual Studio": {
            "__old": 18.095954693161502,
            "__new": 27.623815337683418
        }
    },
    "files": [
        [
            "~",
            {
                "filename": {
                    "__old": "Assets/Rust/nbody.rs",
                    "__new": "Assets/Python/nbody.py"
                },
                "SLOC": {
                    "__old": 204,
                    "__new": 116
                },
                "PLOC": {
                    "__old": 157,
                    "__new": 89
                },
                "LLOC": {
                    "__old": 204,
                    "__new": 53
                },
                "CLOC": {
                    "__old": 24,
                    "__new": 7
                },
                "BLANK": {
                    "__old": 23,
                    "__new": 20
                },
                "CC": {
                    "__old": 36,
                    "__new": 15
                },
                "NEXITS": {
                    "__old": 9,
                    "__new": 1
                },
                "NOM": {
                    "functions": {
                        "__old": 14,
                        "__new": 5
                    },
                    "closures": {
                        "__old": 5,
                        "__new": 0
                    },
                    "total": {
                        "__old": 19,
                        "__new": 5
                    }
                },
                "Halstead": {
                    "n1": {
                        "__old": 26,
                        "__new": 20
                    },
                    "n2": {
                        "__old": 100,
                        "__new": 104
                    },
                    "N1": {
                        "__old": 573,
                        "__new": 300
                    },
                    "N2": {
                        "__old": 353,
                        "__new": 295
                    },
                    "Vocabulary": {
                        "__old": 126,
                        "__new": 124
                    },
                    "Length": {
                        "__old": 926,
                        "__new": 595
                    },
                    "Volume": {
                        "__old": 6460.961209160923,
                        "__new": 4137.7468046801905
                    },
                    "Difficulty": {
                        "__old": 45.89,
                        "__new": 28.365384615384617
                    },
                    "Level": {
                        "__old": 0.021791239921551537,
                        "__new": 0.03525423728813559
                    },
                    "Effort": {
                        "__old": 296493.5098883948,
                        "__new": 117368.77955583233
                    },
                    "Programming time": {
                        "__old": 16471.861660466377,
                        "__new": 6520.4877531017955
                    },
                    "Bugs": {
                        "__old": 1.4821387872186218,
                        "__new": 0.7990619872930836
                    },
                    "Estimated program length": {
                        "__old": 786.5970516491408,
                        "__new": 783.2842925844208
                    },
                    "Purity ratio": {
                        "__old": 0.8494568592323335,
                        "__new": 1.3164441892175138
                    }
                },
                "Mi": {
                    "Original": {
                        "__old": 30.94408252530617,
                        "__new": 47.23672422743864
                    },
                    "Sei": {
                        "__old": -2.0567631101561155,
                        "__new": 12.54675887752514
                    },
                    "Visual Studio": {
                        "__old": 18.095954693161502,
                        "__new": 27.623815337683418
                    }
                }
            }
        ]
    ]
}