{
    "SLOC": {
        "__old": 172,
        "__new": 57
    },
    "PLOC": {
        "__old": 149,
        "__new": 41
    },
    "LLOC": {
        "__old": 142,
        "__new": 40
    },
    "CLOC": {
        "__old": 14,
        "__new": 8
    },
    "BLANK": {
        "__old": 9,
        "__new": 8
    },
    "CC": {
        "__old": 44,
        "__new": 6
    },
    "COGNITIVE_AVG": {
        "__old": 0.55,
        "__new": 11
    },
    "NARGS_SUM": {
        "__old": 38,
        "__new": 0
    },
    "NARGS_AVG": {
        "__old": 1.9,
        "__new": 0
    },
    "NEXITS": {
        "__old": 10,
        "__new": 0
    },
    "NOM": {
        "functions": {
            "__old": 18,
            "__new": 0
        },
        "closures": {
            "__old": 2,
            "__new": 0
        },
        "total": {
            "__old": 20,
            "__new": 0
        }
    },
    "HALSTEAD": {
        "n1": {
            "__old": 28,
            "__new": 17
        },
        "n2": {
            "__old": 82,
            "__new": 40
        },
        "N1": {
            "__old": 434,
            "__new": 83
        },
        "N2": {
            "__old": 254,
            "__new": 141
        },
        "Vocabulary": {
            "__old": 110,
            "__new": 57
        },
        "Length": {
            "__old": 688,
            "__new": 224
        },
        "Volume": {
            "__old": 4665.575482904966,
            "__new": 1306.567363172902
        },
        "Difficulty": {
            "__old": 43.36585365853659,
            "__new": 29.9625
        },
        "Level": {
            "__old": 0.023059617547806523,
            "__new": 0.033375052148518984
        },
        "Effort": {
            "__old": 202326.6636245129,
            "__new": 39148.02461906808
        },
        "Programming time": {
            "__old": 11240.370201361828,
            "__new": 2174.890256614893
        },
        "Bugs": {
            "__old": 1.148808107816785,
            "__new": 0.3843132109389379
        },
        "Estimated program length": {
            "__old": 655.9252021962958,
            "__new": 282.3639920967503
        },
        "Purity ratio": {
            "__old": 0.9533796543550811,
            "__new": 1.2605535361462066
        }
    },
    "MI": {
        "Original": {
            "__old": 33.56116384464211,
            "__new": 66.81174451406555
        },
        "Sei": {
            "__old": -1.415622990418985,
            "__new": 48.71616911557324
        },
        "Visual Studio": {
            "__old": 19.626411605053864,
            "__new": 39.071195622260554
        }
    },
    "files": [
        [
            "~",
            {
                "filename": {
                    "__old": "Assets/Rust/pidigits.rs",
                    "__new": "Assets/Python/pidigits.py"
                },
                "SLOC": {
                    "__old": 172,
                    "__new": 57
                },
                "PLOC": {
                    "__old": 149,
                    "__new": 41
                },
                "LLOC": {
                    "__old": 142,
                    "__new": 40
                },
                "CLOC": {
                    "__old": 14,
                    "__new": 8
                },
                "BLANK": {
                    "__old": 9,
                    "__new": 8
                },
                "CC": {
                    "__old": 44,
                    "__new": 6
                },
                "COGNITIVE_AVG": {
                    "__old": 0.55,
                    "__new": 11
                },
                "NARGS_SUM": {
                    "__old": 38,
                    "__new": 0
                },
                "NARGS_AVG": {
                    "__old": 1.9,
                    "__new": 0
                },
                "NEXITS": {
                    "__old": 10,
                    "__new": 0
                },
                "NOM": {
                    "functions": {
                        "__old": 18,
                        "__new": 0
                    },
                    "closures": {
                        "__old": 2,
                        "__new": 0
                    },
                    "total": {
                        "__old": 20,
                        "__new": 0
                    }
                },
                "Halstead": {
                    "n1": {
                        "__old": 28,
                        "__new": 17
                    },
                    "n2": {
                        "__old": 82,
                        "__new": 40
                    },
                    "N1": {
                        "__old": 434,
                        "__new": 83
                    },
                    "N2": {
                        "__old": 254,
                        "__new": 141
                    },
                    "Vocabulary": {
                        "__old": 110,
                        "__new": 57
                    },
                    "Length": {
                        "__old": 688,
                        "__new": 224
                    },
                    "Volume": {
                        "__old": 4665.575482904966,
                        "__new": 1306.567363172902
                    },
                    "Difficulty": {
                        "__old": 43.36585365853659,
                        "__new": 29.9625
                    },
                    "Level": {
                        "__old": 0.023059617547806523,
                        "__new": 0.033375052148518984
                    },
                    "Effort": {
                        "__old": 202326.6636245129,
                        "__new": 39148.02461906808
                    },
                    "Programming time": {
                        "__old": 11240.370201361828,
                        "__new": 2174.890256614893
                    },
                    "Bugs": {
                        "__old": 1.148808107816785,
                        "__new": 0.3843132109389379
                    },
                    "Estimated program length": {
                        "__old": 655.9252021962958,
                        "__new": 282.3639920967503
                    },
                    "Purity ratio": {
                        "__old": 0.9533796543550811,
                        "__new": 1.2605535361462066
                    }
                },
                "Mi": {
                    "Original": {
                        "__old": 33.56116384464211,
                        "__new": 66.81174451406555
                    },
                    "Sei": {
                        "__old": -1.415622990418985,
                        "__new": 48.71616911557324
                    },
                    "Visual Studio": {
                        "__old": 19.626411605053864,
                        "__new": 39.071195622260554
                    }
                }
            }
        ]
    ]
}