{
    "SLOC": {
        "__old": 172,
        "__new": 57
    },
    "PLOC": {
        "__old": 149,
        "__new": 41
    },
    "LLOC": {
        "__old": 142,
        "__new": 40
    },
    "CLOC": {
        "__old": 14,
        "__new": 8
    },
    "BLANK": {
        "__old": 9,
        "__new": 8
    },
    "CC": {
        "__old": 44,
        "__new": 6
    },
    "NEXITS": {
        "__old": 10,
        "__new": 0
    },
    "NOM": {
        "functions": {
            "__old": 18,
            "__new": 0
        },
        "closures": {
            "__old": 2,
            "__new": 0
        },
        "total": {
            "__old": 20,
            "__new": 0
        }
    },
    "HALSTEAD": {
        "n1": {
            "__old": 28,
            "__new": 19
        },
        "n2": {
            "__old": 82,
            "__new": 40
        },
        "N1": {
            "__old": 434,
            "__new": 118
        },
        "N2": {
            "__old": 254,
            "__new": 141
        },
        "Vocabulary": {
            "__old": 110,
            "__new": 59
        },
        "Length": {
            "__old": 688,
            "__new": 259
        },
        "Volume": {
            "__old": 4665.575482904966,
            "__new": 1523.604549784717
        },
        "Difficulty": {
            "__old": 43.36585365853659,
            "__new": 33.4875
        },
        "Level": {
            "__old": 0.023059617547806523,
            "__new": 0.029861888764464356
        },
        "Effort": {
            "__old": 202326.6636245129,
            "__new": 51021.7073609157
        },
        "Programming time": {
            "__old": 11240.370201361828,
            "__new": 2834.53929782865
        },
        "Bugs": {
            "__old": 1.148808107816785,
            "__new": 0.45854511407427156
        },
        "Estimated program length": {
            "__old": 655.9252021962958,
            "__new": 293.5877465509226
        },
        "Purity ratio": {
            "__old": 0.9533796543550811,
            "__new": 1.133543422976535
        }
    },
    "MI": {
        "Original": {
            "__old": 33.56116384464211,
            "__new": 66.01263151288485
        },
        "Sei": {
            "__old": -1.415622990418985,
            "__new": 47.56329275165993
        },
        "Visual Studio": {
            "__old": 19.626411605053864,
            "__new": 38.60387807771044
        }
    },
    "files": [
        [
            "~",
            {
                "filename": {
                    "__old": "Assets/Rust/pidigits.rs",
                    "__new": "Assets/Python/pidigits.py"
                },
                "SLOC": {
                    "__old": 172,
                    "__new": 57
                },
                "PLOC": {
                    "__old": 149,
                    "__new": 41
                },
                "LLOC": {
                    "__old": 142,
                    "__new": 40
                },
                "CLOC": {
                    "__old": 14,
                    "__new": 8
                },
                "BLANK": {
                    "__old": 9,
                    "__new": 8
                },
                "CC": {
                    "__old": 44,
                    "__new": 6
                },
                "NEXITS": {
                    "__old": 10,
                    "__new": 0
                },
                "NOM": {
                    "functions": {
                        "__old": 18,
                        "__new": 0
                    },
                    "closures": {
                        "__old": 2,
                        "__new": 0
                    },
                    "total": {
                        "__old": 20,
                        "__new": 0
                    }
                },
                "Halstead": {
                    "n1": {
                        "__old": 28,
                        "__new": 19
                    },
                    "n2": {
                        "__old": 82,
                        "__new": 40
                    },
                    "N1": {
                        "__old": 434,
                        "__new": 118
                    },
                    "N2": {
                        "__old": 254,
                        "__new": 141
                    },
                    "Vocabulary": {
                        "__old": 110,
                        "__new": 59
                    },
                    "Length": {
                        "__old": 688,
                        "__new": 259
                    },
                    "Volume": {
                        "__old": 4665.575482904966,
                        "__new": 1523.604549784717
                    },
                    "Difficulty": {
                        "__old": 43.36585365853659,
                        "__new": 33.4875
                    },
                    "Level": {
                        "__old": 0.023059617547806523,
                        "__new": 0.029861888764464356
                    },
                    "Effort": {
                        "__old": 202326.6636245129,
                        "__new": 51021.7073609157
                    },
                    "Programming time": {
                        "__old": 11240.370201361828,
                        "__new": 2834.53929782865
                    },
                    "Bugs": {
                        "__old": 1.148808107816785,
                        "__new": 0.45854511407427156
                    },
                    "Estimated program length": {
                        "__old": 655.9252021962958,
                        "__new": 293.5877465509226
                    },
                    "Purity ratio": {
                        "__old": 0.9533796543550811,
                        "__new": 1.133543422976535
                    }
                },
                "Mi": {
                    "Original": {
                        "__old": 33.56116384464211,
                        "__new": 66.01263151288485
                    },
                    "Sei": {
                        "__old": -1.415622990418985,
                        "__new": 47.56329275165993
                    },
                    "Visual Studio": {
                        "__old": 19.626411605053864,
                        "__new": 38.60387807771044
                    }
                }
            }
        ]
    ]
}