{
    "SLOC": {
        "__old": 86,
        "__new": 55
    },
    "PLOC": {
        "__old": 54,
        "__new": 37
    },
    "LLOC": {
        "__old": 67,
        "__new": 23
    },
    "CLOC": {
        "__old": 19,
        "__new": 8
    },
    "BLANK": {
        "__old": 13,
        "__new": 10
    },
    "CC": {
        "__old": 10,
        "__new": 7
    },
    "NOM": {
        "functions": {
            "__old": 2,
            "__new": 3
        },
        "closures": {
            "__old": 1,
            "__new": 0
        }
    },
    "HALSTEAD": {
        "n1": {
            "__old": 21,
            "__new": 14
        },
        "n2": {
            "__old": 70,
            "__new": 53
        },
        "N1": {
            "__old": 163,
            "__new": 79
        },
        "N2": {
            "__old": 136,
            "__new": 93
        },
        "Vocabulary": {
            "__old": 91,
            "__new": 67
        },
        "Length": {
            "__old": 299,
            "__new": 172
        },
        "Volume": {
            "__old": 1945.8305974194102,
            "__new": 1043.3673407587369
        },
        "Difficulty": {
            "__old": 20.4,
            "__new": 12.283018867924529
        },
        "Level": {
            "__old": 0.04901960784313726,
            "__new": 0.08141321044546851
        },
        "Effort": {
            "__old": 39694.94418735596,
            "__new": 12815.700732715806
        },
        "Programming time": {
            "__old": 2205.274677075331,
            "__new": 711.983374039767
        },
        "Bugs": {
            "__old": 0.38788430677563934,
            "__new": 0.18254655869879396
        },
        "Estimated program length": {
            "__old": 521.2884770645016,
            "__new": 356.882753000656
        },
        "Purity ratio": {
            "__old": 1.7434397226237512,
            "__new": 2.0748997267480003
        }
    },
    "MI": {
        "Original": {
            "__old": 57.15766392288438,
            "__new": 68.33011773481513
        },
        "Sei": {
            "__old": 41.053693253235366,
            "__new": 51.44431484217202
        },
        "Visual Studio": {
            "__old": 33.425534457827126,
            "__new": 39.95913317825446
        }
    },
    "files": [
        [
            "~",
            {
                "filename": {
                    "__old": "Assets/Rust/regexredux.rs",
                    "__new": "Assets/Python/regexredux.py"
                },
                "SLOC": {
                    "__old": 86,
                    "__new": 55
                },
                "PLOC": {
                    "__old": 54,
                    "__new": 37
                },
                "LLOC": {
                    "__old": 67,
                    "__new": 23
                },
                "CLOC": {
                    "__old": 19,
                    "__new": 8
                },
                "BLANK": {
                    "__old": 13,
                    "__new": 10
                },
                "CC": {
                    "__old": 10,
                    "__new": 7
                },
                "NOM": {
                    "functions": {
                        "__old": 2,
                        "__new": 3
                    },
                    "closures": {
                        "__old": 1,
                        "__new": 0
                    }
                },
                "Halstead": {
                    "n1": {
                        "__old": 21,
                        "__new": 14
                    },
                    "n2": {
                        "__old": 70,
                        "__new": 53
                    },
                    "N1": {
                        "__old": 163,
                        "__new": 79
                    },
                    "N2": {
                        "__old": 136,
                        "__new": 93
                    },
                    "Vocabulary": {
                        "__old": 91,
                        "__new": 67
                    },
                    "Length": {
                        "__old": 299,
                        "__new": 172
                    },
                    "Volume": {
                        "__old": 1945.8305974194102,
                        "__new": 1043.3673407587369
                    },
                    "Difficulty": {
                        "__old": 20.4,
                        "__new": 12.283018867924529
                    },
                    "Level": {
                        "__old": 0.04901960784313726,
                        "__new": 0.08141321044546851
                    },
                    "Effort": {
                        "__old": 39694.94418735596,
                        "__new": 12815.700732715806
                    },
                    "Programming time": {
                        "__old": 2205.274677075331,
                        "__new": 711.983374039767
                    },
                    "Bugs": {
                        "__old": 0.38788430677563934,
                        "__new": 0.18254655869879396
                    },
                    "Estimated program length": {
                        "__old": 521.2884770645016,
                        "__new": 356.882753000656
                    },
                    "Purity ratio": {
                        "__old": 1.7434397226237512,
                        "__new": 2.0748997267480003
                    }
                },
                "Mi": {
                    "Original": {
                        "__old": 57.15766392288438,
                        "__new": 68.33011773481513
                    },
                    "Sei": {
                        "__old": 41.053693253235366,
                        "__new": 51.44431484217202
                    },
                    "Visual Studio": {
                        "__old": 33.425534457827126,
                        "__new": 39.95913317825446
                    }
                }
            }
        ]
    ]
}