{
    "SLOC": {
        "__old": 86,
        "__new": 55
    },
    "PLOC": {
        "__old": 54,
        "__new": 37
    },
    "LLOC": {
        "__old": 26,
        "__new": 23
    },
    "CLOC": {
        "__old": 19,
        "__new": 8
    },
    "BLANK": {
        "__old": 13,
        "__new": 10
    },
    "CC_SUM": {
        "__old": 10,
        "__new": 7
    },
    "CC_AVG": {
        "__old": 2.5,
        "__new": 1.75
    },
    "NOM": {
        "functions": {
            "__old": 2,
            "__new": 3
        },
        "closures": {
            "__old": 1,
            "__new": 0
        }
    },
    "HALSTEAD": {
        "n1": {
            "__old": 21,
            "__new": 12
        },
        "n2": {
            "__old": 70,
            "__new": 53
        },
        "N1": {
            "__old": 163,
            "__new": 55
        },
        "N2": {
            "__old": 136,
            "__new": 93
        },
        "Vocabulary": {
            "__old": 91,
            "__new": 65
        },
        "Length": {
            "__old": 299,
            "__new": 148
        },
        "Volume": {
            "__old": 1945.8305974194102,
            "__new": 891.3104363282113
        },
        "Difficulty": {
            "__old": 20.4,
            "__new": 10.528301886792454
        },
        "Level": {
            "__old": 0.04901960784313726,
            "__new": 0.09498207885304659
        },
        "Effort": {
            "__old": 39694.94418735596,
            "__new": 9383.985348512111
        },
        "Programming time": {
            "__old": 2205.274677075331,
            "__new": 521.332519361784
        },
        "Bugs": {
            "__old": 0.38788430677563934,
            "__new": 0.1482985686437413
        },
        "Estimated program length": {
            "__old": 521.2884770645016,
            "__new": 346.5993341005034
        },
        "Purity ratio": {
            "__old": 1.7434397226237512,
            "__new": 2.341887392570969
        }
    },
    "MI": {
        "Original": {
            "__old": 57.15766392288438,
            "__new": 69.14919994231667
        },
        "Sei": {
            "__old": 41.053693253235366,
            "__new": 52.626000681014844
        },
        "Visual Studio": {
            "__old": 33.425534457827126,
            "__new": 40.43812862123782
        }
    },
    "files": [
        [
            "~",
            {
                "filename": {
                    "__old": "Assets/Rust/regexredux.rs",
                    "__new": "Assets/Python/regexredux.py"
                },
                "SLOC": {
                    "__old": 86,
                    "__new": 55
                },
                "PLOC": {
                    "__old": 54,
                    "__new": 37
                },
                "LLOC": {
                    "__old": 26,
                    "__new": 23
                },
                "CLOC": {
                    "__old": 19,
                    "__new": 8
                },
                "BLANK": {
                    "__old": 13,
                    "__new": 10
                },
                "CC_SUM": {
                    "__old": 10,
                    "__new": 7
                },
                "CC_AVG": {
                    "__old": 2.5,
                    "__new": 1.75
                },
                "NOM": {
                    "functions": {
                        "__old": 2,
                        "__new": 3
                    },
                    "closures": {
                        "__old": 1,
                        "__new": 0
                    }
                },
                "Halstead": {
                    "n1": {
                        "__old": 21,
                        "__new": 12
                    },
                    "n2": {
                        "__old": 70,
                        "__new": 53
                    },
                    "N1": {
                        "__old": 163,
                        "__new": 55
                    },
                    "N2": {
                        "__old": 136,
                        "__new": 93
                    },
                    "Vocabulary": {
                        "__old": 91,
                        "__new": 65
                    },
                    "Length": {
                        "__old": 299,
                        "__new": 148
                    },
                    "Volume": {
                        "__old": 1945.8305974194102,
                        "__new": 891.3104363282113
                    },
                    "Difficulty": {
                        "__old": 20.4,
                        "__new": 10.528301886792454
                    },
                    "Level": {
                        "__old": 0.04901960784313726,
                        "__new": 0.09498207885304659
                    },
                    "Effort": {
                        "__old": 39694.94418735596,
                        "__new": 9383.985348512111
                    },
                    "Programming time": {
                        "__old": 2205.274677075331,
                        "__new": 521.332519361784
                    },
                    "Bugs": {
                        "__old": 0.38788430677563934,
                        "__new": 0.1482985686437413
                    },
                    "Estimated program length": {
                        "__old": 521.2884770645016,
                        "__new": 346.5993341005034
                    },
                    "Purity ratio": {
                        "__old": 1.7434397226237512,
                        "__new": 2.341887392570969
                    }
                },
                "Mi": {
                    "Original": {
                        "__old": 57.15766392288438,
                        "__new": 69.14919994231667
                    },
                    "Sei": {
                        "__old": 41.053693253235366,
                        "__new": 52.626000681014844
                    },
                    "Visual Studio": {
                        "__old": 33.425534457827126,
                        "__new": 40.43812862123782
                    }
                }
            }
        ]
    ]
}