{
    "SLOC": {
        "__old": 182,
        "__new": 74
    },
    "PLOC": {
        "__old": 127,
        "__new": 61
    },
    "LLOC": {
        "__old": 163,
        "__new": 62
    },
    "CLOC": {
        "__old": 38,
        "__new": 4
    },
    "BLANK": {
        "__old": 17,
        "__new": 9
    },
    "CC": {
        "__old": 45,
        "__new": 25
    },
    "NARGS_SUM": {
        "__old": 17,
        "__new": 8
    },
    "NARGS_AVG": {
        "__old": 1.7,
        "__new": 2
    },
    "NEXITS": {
        "__old": 4,
        "__new": 1
    },
    "NOM": {
        "functions": {
            "__old": 8,
            "__new": 4
        },
        "closures": {
            "__old": 2,
            "__new": 0
        },
        "total": {
            "__old": 10,
            "__new": 4
        }
    },
    "HALSTEAD": {
        "n1": {
            "__old": 30,
            "__new": 24
        },
        "n2": {
            "__old": 96,
            "__new": 73
        },
        "N1": {
            "__old": 452,
            "__new": 135
        },
        "N2": {
            "__old": 307,
            "__new": 199
        },
        "Vocabulary": {
            "__old": 126,
            "__new": 97
        },
        "Length": {
            "__old": 759,
            "__new": 334
        },
        "Volume": {
            "__old": 5295.755461936436,
            "__new": 2204.3708892905006
        },
        "Difficulty": {
            "__old": 47.96875,
            "__new": 32.71232876712329
        },
        "Level": {
            "__old": 0.020846905537459284,
            "__new": 0.030569514237855946
        },
        "Effort": {
            "__old": 254030.76981476342,
            "__new": 72110.10525514679
        },
        "Programming time": {
            "__old": 14112.820545264634,
            "__new": 4006.116958619266
        },
        "Bugs": {
            "__old": 1.3370150466930253,
            "__new": 0.5774878237182266
        },
        "Estimated program length": {
            "__old": 779.3631179374865,
            "__new": 561.896292815549
        },
        "Purity ratio": {
            "__old": 1.0268288773879928,
            "__new": 1.6823242299866739
        }
    },
    "MI": {
        "Original": {
            "__old": 31.75685487264124,
            "__new": 55.4935188218906
        },
        "Sei": {
            "__old": 7.207856703514615,
            "__new": 24.527009670842695
        },
        "Visual Studio": {
            "__old": 18.571260159439323,
            "__new": 32.45235018824012
        }
    },
    "files": [
        [
            "~",
            {
                "filename": {
                    "__old": "Assets/Rust/revcomp.rs",
                    "__new": "Assets/Python/revcomp.py"
                },
                "SLOC": {
                    "__old": 182,
                    "__new": 74
                },
                "PLOC": {
                    "__old": 127,
                    "__new": 61
                },
                "LLOC": {
                    "__old": 163,
                    "__new": 62
                },
                "CLOC": {
                    "__old": 38,
                    "__new": 4
                },
                "BLANK": {
                    "__old": 17,
                    "__new": 9
                },
                "CC": {
                    "__old": 45,
                    "__new": 25
                },
                "COGNITIVE": {
                    "__old": 18,
                    "__new": 38
                },
                "NARGS_SUM": {
                    "__old": 17,
                    "__new": 8
                },
                "NARGS_AVG": {
                    "__old": 1.7,
                    "__new": 2
                },
                "NEXITS": {
                    "__old": 4,
                    "__new": 1
                },
                "NOM": {
                    "functions": {
                        "__old": 8,
                        "__new": 4
                    },
                    "closures": {
                        "__old": 2,
                        "__new": 0
                    },
                    "total": {
                        "__old": 10,
                        "__new": 4
                    }
                },
                "Halstead": {
                    "n1": {
                        "__old": 30,
                        "__new": 24
                    },
                    "n2": {
                        "__old": 96,
                        "__new": 73
                    },
                    "N1": {
                        "__old": 452,
                        "__new": 135
                    },
                    "N2": {
                        "__old": 307,
                        "__new": 199
                    },
                    "Vocabulary": {
                        "__old": 126,
                        "__new": 97
                    },
                    "Length": {
                        "__old": 759,
                        "__new": 334
                    },
                    "Volume": {
                        "__old": 5295.755461936436,
                        "__new": 2204.3708892905006
                    },
                    "Difficulty": {
                        "__old": 47.96875,
                        "__new": 32.71232876712329
                    },
                    "Level": {
                        "__old": 0.020846905537459284,
                        "__new": 0.030569514237855946
                    },
                    "Effort": {
                        "__old": 254030.76981476342,
                        "__new": 72110.10525514679
                    },
                    "Programming time": {
                        "__old": 14112.820545264634,
                        "__new": 4006.116958619266
                    },
                    "Bugs": {
                        "__old": 1.3370150466930253,
                        "__new": 0.5774878237182266
                    },
                    "Estimated program length": {
                        "__old": 779.3631179374865,
                        "__new": 561.896292815549
                    },
                    "Purity ratio": {
                        "__old": 1.0268288773879928,
                        "__new": 1.6823242299866739
                    }
                },
                "Mi": {
                    "Original": {
                        "__old": 31.75685487264124,
                        "__new": 55.4935188218906
                    },
                    "Sei": {
                        "__old": 7.207856703514615,
                        "__new": 24.527009670842695
                    },
                    "Visual Studio": {
                        "__old": 18.571260159439323,
                        "__new": 32.45235018824012
                    }
                }
            }
        ]
    ]
}