{
    "SLOC": {
        "__old": 93,
        "__new": 62
    },
    "PLOC": {
        "__old": 60,
        "__new": 39
    },
    "LLOC": {
        "__old": 128,
        "__new": 32
    },
    "CLOC": {
        "__old": 19,
        "__new": 8
    },
    "BLANK": {
        "__old": 14,
        "__new": 15
    },
    "NEXITS": {
        "__old": 3,
        "__new": 6
    },
    "NOM": {
        "closures": {
            "__old": 5,
            "__new": 0
        },
        "total": {
            "__old": 12,
            "__new": 7
        }
    },
    "HALSTEAD": {
        "n1": {
            "__old": 21,
            "__new": 17
        },
        "n2": {
            "__old": 49,
            "__new": 46
        },
        "N1": {
            "__old": 348,
            "__new": 114
        },
        "N2": {
            "__old": 241,
            "__new": 126
        },
        "Vocabulary": {
            "__old": 70,
            "__new": 63
        },
        "Length": {
            "__old": 589,
            "__new": 240
        },
        "Volume": {
            "__old": 3610.1476969805854,
            "__new": 1434.54718163998
        },
        "Difficulty": {
            "__old": 51.642857142857146,
            "__new": 23.282608695652176
        },
        "Level": {
            "__old": 0.01936376210235131,
            "__new": 0.04295051353874883
        },
        "Effort": {
            "__old": 186438.3417797831,
            "__new": 33400.00068557432
        },
        "Programming time": {
            "__old": 10357.685654432395,
            "__new": 1855.5555936430178
        },
        "Bugs": {
            "__old": 1.0878497084026046,
            "__new": 0.34570823838208525
        },
        "Estimated program length": {
            "__old": 367.35944823999915,
            "__new": 323.57071827987835
        },
        "Purity ratio": {
            "__old": 0.6237002516808136,
            "__new": 1.3482113261661597
        }
    },
    "MI": {
        "Original": {
            "__old": 51.52606759925594,
            "__new": 62.89367942950149
        },
        "Sei": {
            "__old": 32.382541704237,
            "__new": 42.97315746899319
        },
        "Visual Studio": {
            "__old": 30.13220327441868,
            "__new": 36.779929490936546
        }
    },
    "files": [
        [
            "~",
            {
                "filename": {
                    "__old": "Assets/Rust/spectralnorm.rs",
                    "__new": "Assets/Python/spectralnorm.py"
                },
                "SLOC": {
                    "__old": 93,
                    "__new": 62
                },
                "PLOC": {
                    "__old": 60,
                    "__new": 39
                },
                "LLOC": {
                    "__old": 128,
                    "__new": 32
                },
                "CLOC": {
                    "__old": 19,
                    "__new": 8
                },
                "BLANK": {
                    "__old": 14,
                    "__new": 15
                },
                "NEXITS": {
                    "__old": 3,
                    "__new": 6
                },
                "NOM": {
                    "closures": {
                        "__old": 5,
                        "__new": 0
                    },
                    "total": {
                        "__old": 12,
                        "__new": 7
                    }
                },
                "Halstead": {
                    "n1": {
                        "__old": 21,
                        "__new": 17
                    },
                    "n2": {
                        "__old": 49,
                        "__new": 46
                    },
                    "N1": {
                        "__old": 348,
                        "__new": 114
                    },
                    "N2": {
                        "__old": 241,
                        "__new": 126
                    },
                    "Vocabulary": {
                        "__old": 70,
                        "__new": 63
                    },
                    "Length": {
                        "__old": 589,
                        "__new": 240
                    },
                    "Volume": {
                        "__old": 3610.1476969805854,
                        "__new": 1434.54718163998
                    },
                    "Difficulty": {
                        "__old": 51.642857142857146,
                        "__new": 23.282608695652176
                    },
                    "Level": {
                        "__old": 0.01936376210235131,
                        "__new": 0.04295051353874883
                    },
                    "Effort": {
                        "__old": 186438.3417797831,
                        "__new": 33400.00068557432
                    },
                    "Programming time": {
                        "__old": 10357.685654432395,
                        "__new": 1855.5555936430178
                    },
                    "Bugs": {
                        "__old": 1.0878497084026046,
                        "__new": 0.34570823838208525
                    },
                    "Estimated program length": {
                        "__old": 367.35944823999915,
                        "__new": 323.57071827987835
                    },
                    "Purity ratio": {
                        "__old": 0.6237002516808136,
                        "__new": 1.3482113261661597
                    }
                },
                "Mi": {
                    "Original": {
                        "__old": 51.52606759925594,
                        "__new": 62.89367942950149
                    },
                    "Sei": {
                        "__old": 32.382541704237,
                        "__new": 42.97315746899319
                    },
                    "Visual Studio": {
                        "__old": 30.13220327441868,
                        "__new": 36.779929490936546
                    }
                }
            }
        ]
    ]
}