{
    "SLOC": {
        "__old": 93,
        "__new": 62
    },
    "PLOC": {
        "__old": 60,
        "__new": 39
    },
    "LLOC": {
        "__old": 128,
        "__new": 32
    },
    "CLOC": {
        "__old": 19,
        "__new": 8
    },
    "BLANK": {
        "__old": 14,
        "__new": 15
    },
    "NARGS_SUM": {
        "__old": 33,
        "__new": 7
    },
    "NARGS_AVG": {
        "__old": 2.75,
        "__new": 1
    },
    "NEXITS": {
        "__old": 3,
        "__new": 6
    },
    "NOM": {
        "closures": {
            "__old": 5,
            "__new": 0
        },
        "total": {
            "__old": 12,
            "__new": 7
        }
    },
    "HALSTEAD": {
        "n1": {
            "__old": 21,
            "__new": 16
        },
        "n2": {
            "__old": 49,
            "__new": 46
        },
        "N1": {
            "__old": 348,
            "__new": 81
        },
        "N2": {
            "__old": 241,
            "__new": 126
        },
        "Vocabulary": {
            "__old": 70,
            "__new": 62
        },
        "Length": {
            "__old": 589,
            "__new": 207
        },
        "Volume": {
            "__old": 3610.1476969805854,
            "__new": 1232.518636250083
        },
        "Difficulty": {
            "__old": 51.642857142857146,
            "__new": 21.91304347826087
        },
        "Level": {
            "__old": 0.01936376210235131,
            "__new": 0.04563492063492063
        },
        "Effort": {
            "__old": 186438.3417797831,
            "__new": 27008.234463914865
        },
        "Programming time": {
            "__old": 10357.685654432395,
            "__new": 1500.4574702174925
        },
        "Bugs": {
            "__old": 1.0878497084026046,
            "__new": 0.3000609929289894
        },
        "Estimated program length": {
            "__old": 367.35944823999915,
            "__new": 318.0838499786226
        },
        "Purity ratio": {
            "__old": 0.6237002516808136,
            "__new": 1.5366369564184665
        }
    },
    "MI": {
        "Original": {
            "__old": 51.52606759925594,
            "__new": 63.6829848245098
        },
        "Sei": {
            "__old": 32.382541704237,
            "__new": 44.111884448118616
        },
        "Visual Studio": {
            "__old": 30.13220327441868,
            "__new": 37.241511593280585
        }
    },
    "files": [
        [
            "~",
            {
                "filename": {
                    "__old": "Assets/Rust/spectralnorm.rs",
                    "__new": "Assets/Python/spectralnorm.py"
                },
                "SLOC": {
                    "__old": 93,
                    "__new": 62
                },
                "PLOC": {
                    "__old": 60,
                    "__new": 39
                },
                "LLOC": {
                    "__old": 128,
                    "__new": 32
                },
                "CLOC": {
                    "__old": 19,
                    "__new": 8
                },
                "BLANK": {
                    "__old": 14,
                    "__new": 15
                },
                "COGNITIVE": {
                    "__old": 3,
                    "__new": 5
                },
                "NARGS_SUM": {
                    "__old": 33,
                    "__new": 7
                },
                "NARGS_AVG": {
                    "__old": 2.75,
                    "__new": 1
                },
                "NEXITS": {
                    "__old": 3,
                    "__new": 6
                },
                "NOM": {
                    "closures": {
                        "__old": 5,
                        "__new": 0
                    },
                    "total": {
                        "__old": 12,
                        "__new": 7
                    }
                },
                "Halstead": {
                    "n1": {
                        "__old": 21,
                        "__new": 16
                    },
                    "n2": {
                        "__old": 49,
                        "__new": 46
                    },
                    "N1": {
                        "__old": 348,
                        "__new": 81
                    },
                    "N2": {
                        "__old": 241,
                        "__new": 126
                    },
                    "Vocabulary": {
                        "__old": 70,
                        "__new": 62
                    },
                    "Length": {
                        "__old": 589,
                        "__new": 207
                    },
                    "Volume": {
                        "__old": 3610.1476969805854,
                        "__new": 1232.518636250083
                    },
                    "Difficulty": {
                        "__old": 51.642857142857146,
                        "__new": 21.91304347826087
                    },
                    "Level": {
                        "__old": 0.01936376210235131,
                        "__new": 0.04563492063492063
                    },
                    "Effort": {
                        "__old": 186438.3417797831,
                        "__new": 27008.234463914865
                    },
                    "Programming time": {
                        "__old": 10357.685654432395,
                        "__new": 1500.4574702174925
                    },
                    "Bugs": {
                        "__old": 1.0878497084026046,
                        "__new": 0.3000609929289894
                    },
                    "Estimated program length": {
                        "__old": 367.35944823999915,
                        "__new": 318.0838499786226
                    },
                    "Purity ratio": {
                        "__old": 0.6237002516808136,
                        "__new": 1.5366369564184665
                    }
                },
                "Mi": {
                    "Original": {
                        "__old": 51.52606759925594,
                        "__new": 63.6829848245098
                    },
                    "Sei": {
                        "__old": 32.382541704237,
                        "__new": 44.111884448118616
                    },
                    "Visual Studio": {
                        "__old": 30.13220327441868,
                        "__new": 37.241511593280585
                    }
                }
            }
        ]
    ]
}