{
    "PLOC": {
        "__old": 74,
        "__new": 98
    },
    "LLOC": {
        "__old": 28,
        "__new": 25
    },
    "CLOC": {
        "__old": 39,
        "__new": 15
    },
    "CC": {
        "__old": 12,
        "__new": 19
    },
    "COGNITIVE": {
        "__old": 9,
        "__new": 8
    },
    "NEXITS": {
        "__old": 4,
        "__new": 5
    },
    "NOM": {
        "functions": {
            "__old": 3,
            "__new": 9
        },
        "total": {
            "__old": 3,
            "__new": 9
        }
    },
    "HALSTEAD": {
        "n1": {
            "__old": 23,
            "__new": 28
        },
        "n2": {
            "__old": 45,
            "__new": 56
        },
        "N1": {
            "__old": 204,
            "__new": 251
        },
        "N2": {
            "__old": 166,
            "__new": 173
        },
        "Vocabulary": {
            "__old": 68,
            "__new": 84
        },
        "Length": {
            "__old": 370,
            "__new": 424
        },
        "Volume": {
            "__old": 2252.3612512626255,
            "__new": 2710.3425872581947
        },
        "Difficulty": {
            "__old": 42.422222222222224,
            "__new": 43.25
        },
        "Level": {
            "__old": 0.023572551073860658,
            "__new": 0.023121387283236993
        },
        "Effort": {
            "__old": 95550.1695257856,
            "__new": 117222.31689891692
        },
        "Programming time": {
            "__old": 5308.342751432534,
            "__new": 6512.3509388287175
        },
        "Bugs": {
            "__old": 0.6966795348870725,
            "__new": 0.7983970910222301
        },
        "Estimated program length": {
            "__old": 351.17531432414665,
            "__new": 459.81781345283866
        },
        "Purity ratio": {
            "__old": 0.9491224711463423,
            "__new": 1.0844759751246196
        }
    },
    "MI": {
        "Original": {
            "__old": 48.15890345569035,
            "__new": 45.586404609681736
        },
        "Sei": {
            "__old": 31.577285388498545,
            "__new": 16.3624350913677
        },
        "Visual Studio": {
            "__old": 28.16310143607623,
            "__new": 26.658716146012715
        }
    },
    "files": [
        [
            "~",
            {
                "filename": {
                    "__old": "Assets/C/binarytrees.c",
                    "__new": "Assets/C++/binarytrees.cpp"
                },
                "PLOC": {
                    "__old": 74,
                    "__new": 98
                },
                "LLOC": {
                    "__old": 28,
                    "__new": 25
                },
                "CLOC": {
                    "__old": 39,
                    "__new": 15
                },
                "CC": {
                    "__old": 12,
                    "__new": 19
                },
                "COGNITIVE": {
                    "__old": 9,
                    "__new": 8
                },
                "NEXITS": {
                    "__old": 4,
                    "__new": 5
                },
                "NOM": {
                    "functions": {
                        "__old": 3,
                        "__new": 9
                    },
                    "total": {
                        "__old": 3,
                        "__new": 9
                    }
                },
                "Halstead": {
                    "n1": {
                        "__old": 23,
                        "__new": 28
                    },
                    "n2": {
                        "__old": 45,
                        "__new": 56
                    },
                    "N1": {
                        "__old": 204,
                        "__new": 251
                    },
                    "N2": {
                        "__old": 166,
                        "__new": 173
                    },
                    "Vocabulary": {
                        "__old": 68,
                        "__new": 84
                    },
                    "Length": {
                        "__old": 370,
                        "__new": 424
                    },
                    "Volume": {
                        "__old": 2252.3612512626255,
                        "__new": 2710.3425872581947
                    },
                    "Difficulty": {
                        "__old": 42.422222222222224,
                        "__new": 43.25
                    },
                    "Level": {
                        "__old": 0.023572551073860658,
                        "__new": 0.023121387283236993
                    },
                    "Effort": {
                        "__old": 95550.1695257856,
                        "__new": 117222.31689891692
                    },
                    "Programming time": {
                        "__old": 5308.342751432534,
                        "__new": 6512.3509388287175
                    },
                    "Bugs": {
                        "__old": 0.6966795348870725,
                        "__new": 0.7983970910222301
                    },
                    "Estimated program length": {
                        "__old": 351.17531432414665,
                        "__new": 459.81781345283866
                    },
                    "Purity ratio": {
                        "__old": 0.9491224711463423,
                        "__new": 1.0844759751246196
                    }
                },
                "Mi": {
                    "Original": {
                        "__old": 48.15890345569035,
                        "__new": 45.586404609681736
                    },
                    "Sei": {
                        "__old": 31.577285388498545,
                        "__new": 16.3624350913677
                    },
                    "Visual Studio": {
                        "__old": 28.16310143607623,
                        "__new": 26.658716146012715
                    }
                }
            }
        ]
    ]
}