{
    "SLOC": {
        "__old": 43,
        "__new": 31
    },
    "PLOC": {
        "__old": 37,
        "__new": 26
    },
    "LLOC": {
        "__old": 20,
        "__new": 13
    },
    "CLOC": {
        "__old": 1,
        "__new": 0
    },
    "CC": {
        "__old": 8,
        "__new": 7
    },
    "COGNITIVE": {
        "__old": 8,
        "__new": 7
    },
    "HALSTEAD": {
        "n1": {
            "__old": 14,
            "__new": 20
        },
        "n2": {
            "__old": 22,
            "__new": 28
        },
        "N1": {
            "__old": 105,
            "__new": 110
        },
        "N2": {
            "__old": 77,
            "__new": 70
        },
        "Vocabulary": {
            "__old": 36,
            "__new": 48
        },
        "Length": {
            "__old": 182,
            "__new": 180
        },
        "Volume": {
            "__old": 940.9263502625008,
            "__new": 1005.2932501298081
        },
        "Difficulty": {
            "__old": 24.5,
            "__new": 25
        },
        "Level": {
            "__old": 0.04081632653061224,
            "__new": 0.04
        },
        "Effort": {
            "__old": 23052.69558143127,
            "__new": 25132.331253245204
        },
        "Programming time": {
            "__old": 1280.7053100795151,
            "__new": 1396.240625180289
        },
        "Bugs": {
            "__old": 0.2699975907201127,
            "__new": 0.28600080933168737
        },
        "Estimated program length": {
            "__old": 151.41046451882698,
            "__new": 221.04449971536013
        },
        "Purity ratio": {
            "__old": 0.8319256292243241,
            "__new": 1.2280249984186673
        }
    },
    "MI": {
        "Original": {
            "__old": 72.62486080695876,
            "__new": 77.81162752799801
        },
        "Sei": {
            "__old": 41.592144510173725,
            "__new": 37.27033618196039
        },
        "Visual Studio": {
            "__old": 42.47067883447881,
            "__new": 45.50387574736726
        }
    },
    "files": [
        [
            "~",
            {
                "filename": {
                    "__old": "Assets/C/bubble_sort.c",
                    "__new": "Assets/C++/bubble_sort.cpp"
                },
                "SLOC": {
                    "__old": 43,
                    "__new": 31
                },
                "PLOC": {
                    "__old": 37,
                    "__new": 26
                },
                "LLOC": {
                    "__old": 20,
                    "__new": 13
                },
                "CLOC": {
                    "__old": 1,
                    "__new": 0
                },
                "CC": {
                    "__old": 8,
                    "__new": 7
                },
                "COGNITIVE": {
                    "__old": 8,
                    "__new": 7
                },
                "Halstead": {
                    "n1": {
                        "__old": 14,
                        "__new": 20
                    },
                    "n2": {
                        "__old": 22,
                        "__new": 28
                    },
                    "N1": {
                        "__old": 105,
                        "__new": 110
                    },
                    "N2": {
                        "__old": 77,
                        "__new": 70
                    },
                    "Vocabulary": {
                        "__old": 36,
                        "__new": 48
                    },
                    "Length": {
                        "__old": 182,
                        "__new": 180
                    },
                    "Volume": {
                        "__old": 940.9263502625008,
                        "__new": 1005.2932501298081
                    },
                    "Difficulty": {
                        "__old": 24.5,
                        "__new": 25
                    },
                    "Level": {
                        "__old": 0.04081632653061224,
                        "__new": 0.04
                    },
                    "Effort": {
                        "__old": 23052.69558143127,
                        "__new": 25132.331253245204
                    },
                    "Programming time": {
                        "__old": 1280.7053100795151,
                        "__new": 1396.240625180289
                    },
                    "Bugs": {
                        "__old": 0.2699975907201127,
                        "__new": 0.28600080933168737
                    },
                    "Estimated program length": {
                        "__old": 151.41046451882698,
                        "__new": 221.04449971536013
                    },
                    "Purity ratio": {
                        "__old": 0.8319256292243241,
                        "__new": 1.2280249984186673
                    }
                },
                "Mi": {
                    "Original": {
                        "__old": 72.62486080695876,
                        "__new": 77.81162752799801
                    },
                    "Sei": {
                        "__old": 41.592144510173725,
                        "__new": 37.27033618196039
                    },
                    "Visual Studio": {
                        "__old": 42.47067883447881,
                        "__new": 45.50387574736726
                    }
                }
            }
        ]
    ]
}