{
    "SLOC": {
        "__old": 174,
        "__new": 198
    },
    "PLOC": {
        "__old": 86,
        "__new": 124
    },
    "LLOC": {
        "__old": 41,
        "__new": 51
    },
    "CLOC": {
        "__old": 54,
        "__new": 41
    },
    "BLANK": {
        "__old": 34,
        "__new": 33
    },
    "CC": {
        "__old": 22,
        "__new": 28
    },
    "COGNITIVE_SUM": {
        "__old": 56,
        "__new": 46
    },
    "COGNITIVE_AVG": {
        "__old": 56,
        "__new": 9.2
    },
    "NARGS_SUM": {
        "__old": 2,
        "__new": 5
    },
    "NARGS_AVG": {
        "__old": 2,
        "__new": 1
    },
    "NEXITS": {
        "__old": 1,
        "__new": 2
    },
    "NOM": {
        "functions": {
            "__old": 1,
            "__new": 5
        },
        "total": {
            "__old": 1,
            "__new": 5
        }
    },
    "HALSTEAD": {
        "n1": {
            "__old": 30,
            "__new": 33
        },
        "n2": {
            "__old": 33,
            "__new": 48
        },
        "N1": {
            "__old": 285,
            "__new": 332
        },
        "N2": {
            "__old": 240,
            "__new": 235
        },
        "Vocabulary": {
            "__old": 63,
            "__new": 81
        },
        "Length": {
            "__old": 525,
            "__new": 567
        },
        "Volume": {
            "__old": 3138.0719598374562,
            "__new": 3594.694951635582
        },
        "Difficulty": {
            "__old": 109.0909090909091,
            "__new": 80.78125
        },
        "Level": {
            "__old": 0.009166666666666667,
            "__new": 0.012379110251450677
        },
        "Effort": {
            "__old": 342335.12289135886,
            "__new": 290383.95156181185
        },
        "Programming time": {
            "__old": 19018.617938408825,
            "__new": 16132.441753433992
        },
        "Bugs": {
            "__old": 1.6312219298557251,
            "__new": 1.4617075354179188
        },
        "Estimated program length": {
            "__old": 313.6717238070845,
            "__new": 434.5432059734445
        },
        "Purity ratio": {
            "__old": 0.5974699501087324,
            "__new": 0.7663901339919656
        }
    },
    "MI": {
        "Original": {
            "__old": 40.49621205585848,
            "__new": 36.31655915490933
        },
        "Sei": {
            "__old": 22.95379571466426,
            "__new": 11.94402167986491
        },
        "Visual Studio": {
            "__old": 23.681995354303204,
            "__new": 21.23775389175984
        }
    },
    "files": [
        [
            "~",
            {
                "filename": {
                    "__old": "Assets/C/fannkuchredux.c",
                    "__new": "Assets/C++/fannkuchredux.cpp"
                },
                "SLOC": {
                    "__old": 174,
                    "__new": 198
                },
                "PLOC": {
                    "__old": 86,
                    "__new": 124
                },
                "LLOC": {
                    "__old": 41,
                    "__new": 51
                },
                "CLOC": {
                    "__old": 54,
                    "__new": 41
                },
                "BLANK": {
                    "__old": 34,
                    "__new": 33
                },
                "CC": {
                    "__old": 22,
                    "__new": 28
                },
                "COGNITIVE_SUM": {
                    "__old": 56,
                    "__new": 46
                },
                "COGNITIVE_AVG": {
                    "__old": 56,
                    "__new": 9.2
                },
                "NARGS_SUM": {
                    "__old": 2,
                    "__new": 5
                },
                "NARGS_AVG": {
                    "__old": 2,
                    "__new": 1
                },
                "NEXITS": {
                    "__old": 1,
                    "__new": 2
                },
                "NOM": {
                    "functions": {
                        "__old": 1,
                        "__new": 5
                    },
                    "total": {
                        "__old": 1,
                        "__new": 5
                    }
                },
                "Halstead": {
                    "n1": {
                        "__old": 30,
                        "__new": 33
                    },
                    "n2": {
                        "__old": 33,
                        "__new": 48
                    },
                    "N1": {
                        "__old": 285,
                        "__new": 332
                    },
                    "N2": {
                        "__old": 240,
                        "__new": 235
                    },
                    "Vocabulary": {
                        "__old": 63,
                        "__new": 81
                    },
                    "Length": {
                        "__old": 525,
                        "__new": 567
                    },
                    "Volume": {
                        "__old": 3138.0719598374562,
                        "__new": 3594.694951635582
                    },
                    "Difficulty": {
                        "__old": 109.0909090909091,
                        "__new": 80.78125
                    },
                    "Level": {
                        "__old": 0.009166666666666667,
                        "__new": 0.012379110251450677
                    },
                    "Effort": {
                        "__old": 342335.12289135886,
                        "__new": 290383.95156181185
                    },
                    "Programming time": {
                        "__old": 19018.617938408825,
                        "__new": 16132.441753433992
                    },
                    "Bugs": {
                        "__old": 1.6312219298557251,
                        "__new": 1.4617075354179188
                    },
                    "Estimated program length": {
                        "__old": 313.6717238070845,
                        "__new": 434.5432059734445
                    },
                    "Purity ratio": {
                        "__old": 0.5974699501087324,
                        "__new": 0.7663901339919656
                    }
                },
                "Mi": {
                    "Original": {
                        "__old": 40.49621205585848,
                        "__new": 36.31655915490933
                    },
                    "Sei": {
                        "__old": 22.95379571466426,
                        "__new": 11.94402167986491
                    },
                    "Visual Studio": {
                        "__old": 23.681995354303204,
                        "__new": 21.23775389175984
                    }
                }
            }
        ]
    ]
}