{
    "SLOC": {
        "__old": 344,
        "__new": 314
    },
    "PLOC": {
        "__old": 255,
        "__new": 251
    },
    "LLOC": {
        "__old": 90,
        "__new": 64
    },
    "CLOC": {
        "__old": 49,
        "__new": 19
    },
    "BLANK": {
        "__old": 40,
        "__new": 44
    },
    "CC_SUM": {
        "__old": 35,
        "__new": 40
    },
    "CC_AVG": {
        "__old": 3.5,
        "__new": 1.8181818181818181
    },
    "COGNITIVE_SUM": {
        "__old": 42,
        "__new": 27
    },
    "COGNITIVE_AVG": {
        "__old": 5.25,
        "__new": 1.35
    },
    "NARGS_SUM": {
        "__old": 15,
        "__new": 35
    },
    "NARGS_AVG": {
        "__old": 1.875,
        "__new": 1.75
    },
    "NEXITS": {
        "__old": 4,
        "__new": 16
    },
    "NEXITS_AVG": {
        "__old": 0.5,
        "__new": 0.8
    },
    "NOM": {
        "functions": {
            "__old": 8,
            "__new": 18
        },
        "closures": {
            "__old": 0,
            "__new": 2
        },
        "total": {
            "__old": 8,
            "__new": 20
        }
    },
    "HALSTEAD": {
        "n1": {
            "__old": 31,
            "__new": 32
        },
        "n2": {
            "__old": 115,
            "__new": 130
        },
        "N1": {
            "__old": 570,
            "__new": 676
        },
        "N2": {
            "__old": 415,
            "__new": 460
        },
        "Vocabulary": {
            "__old": 146,
            "__new": 162
        },
        "Length": {
            "__old": 985,
            "__new": 1136
        },
        "Volume": {
            "__old": 7081.9771904968175,
            "__new": 8338.069603276934
        },
        "Difficulty": {
            "__old": 55.93478260869565,
            "__new": 56.61538461538461
        },
        "Level": {
            "__old": 0.017877963466770307,
            "__new": 0.01766304347826087
        },
        "Effort": {
            "__old": 396128.8545901807,
            "__new": 472063.017539371
        },
        "Programming time": {
            "__old": 22007.158588343373,
            "__new": 26225.72319663172
        },
        "Bugs": {
            "__old": 1.7979173803681505,
            "__new": 2.0209026686719946
        },
        "Estimated program length": {
            "__old": 940.8114414805963,
            "__new": 1072.907815693699
        },
        "Purity ratio": {
            "__old": 0.9551385192696409,
            "__new": 0.9444611053641716
        }
    },
    "MI": {
        "Original": {
            "__old": 22.23200140869568,
            "__new": 21.71118119643937
        },
        "Sei": {
            "__old": -12.466182327989948,
            "__new": -21.709224960453916
        },
        "Visual Studio": {
            "__old": 13.001170414441917,
            "__new": 12.696597190900217
        }
    },
    "files": [
        [
            "~",
            {
                "filename": {
                    "__old": "Assets/C/fasta.c",
                    "__new": "Assets/C++/fasta.cpp"
                },
                "SLOC": {
                    "__old": 344,
                    "__new": 314
                },
                "PLOC": {
                    "__old": 255,
                    "__new": 251
                },
                "LLOC": {
                    "__old": 90,
                    "__new": 64
                },
                "CLOC": {
                    "__old": 49,
                    "__new": 19
                },
                "BLANK": {
                    "__old": 40,
                    "__new": 44
                },
                "CC_SUM": {
                    "__old": 35,
                    "__new": 40
                },
                "CC_AVG": {
                    "__old": 3.5,
                    "__new": 1.8181818181818181
                },
                "COGNITIVE_SUM": {
                    "__old": 42,
                    "__new": 27
                },
                "COGNITIVE_AVG": {
                    "__old": 5.25,
                    "__new": 1.35
                },
                "NARGS_SUM": {
                    "__old": 15,
                    "__new": 35
                },
                "NARGS_AVG": {
                    "__old": 1.875,
                    "__new": 1.75
                },
                "NEXITS": {
                    "__old": 4,
                    "__new": 16
                },
                "NEXITS_AVG": {
                    "__old": 0.5,
                    "__new": 0.8
                },
                "NOM": {
                    "functions": {
                        "__old": 8,
                        "__new": 18
                    },
                    "closures": {
                        "__old": 0,
                        "__new": 2
                    },
                    "total": {
                        "__old": 8,
                        "__new": 20
                    }
                },
                "Halstead": {
                    "n1": {
                        "__old": 31,
                        "__new": 32
                    },
                    "n2": {
                        "__old": 115,
                        "__new": 130
                    },
                    "N1": {
                        "__old": 570,
                        "__new": 676
                    },
                    "N2": {
                        "__old": 415,
                        "__new": 460
                    },
                    "Vocabulary": {
                        "__old": 146,
                        "__new": 162
                    },
                    "Length": {
                        "__old": 985,
                        "__new": 1136
                    },
                    "Volume": {
                        "__old": 7081.9771904968175,
                        "__new": 8338.069603276934
                    },
                    "Difficulty": {
                        "__old": 55.93478260869565,
                        "__new": 56.61538461538461
                    },
                    "Level": {
                        "__old": 0.017877963466770307,
                        "__new": 0.01766304347826087
                    },
                    "Effort": {
                        "__old": 396128.8545901807,
                        "__new": 472063.017539371
                    },
                    "Programming time": {
                        "__old": 22007.158588343373,
                        "__new": 26225.72319663172
                    },
                    "Bugs": {
                        "__old": 1.7979173803681505,
                        "__new": 2.0209026686719946
                    },
                    "Estimated program length": {
                        "__old": 940.8114414805963,
                        "__new": 1072.907815693699
                    },
                    "Purity ratio": {
                        "__old": 0.9551385192696409,
                        "__new": 0.9444611053641716
                    }
                },
                "Mi": {
                    "Original": {
                        "__old": 22.23200140869568,
                        "__new": 21.71118119643937
                    },
                    "Sei": {
                        "__old": -12.466182327989948,
                        "__new": -21.709224960453916
                    },
                    "Visual Studio": {
                        "__old": 13.001170414441917,
                        "__new": 12.696597190900217
                    }
                }
            }
        ]
    ]
}