{
    "SLOC": {
        "__old": 247,
        "__new": 154
    },
    "PLOC": {
        "__old": 135,
        "__new": 134
    },
    "LLOC": {
        "__old": 56,
        "__new": 50
    },
    "CLOC": {
        "__old": 56,
        "__new": 6
    },
    "BLANK": {
        "__old": 56,
        "__new": 14
    },
    "CC": {
        "__old": 27,
        "__new": 29
    },
    "COGNITIVE_SUM": {
        "__old": 28,
        "__new": 11
    },
    "COGNITIVE_AVG": {
        "__old": 7,
        "__new": 0.9166666666666666
    },
    "NARGS_SUM": {
        "__old": 10,
        "__new": 17
    },
    "NARGS_AVG": {
        "__old": 2.5,
        "__new": 1.4166666666666667
    },
    "NEXITS": {
        "__old": 4,
        "__new": 6
    },
    "NOM": {
        "functions": {
            "__old": 4,
            "__new": 12
        },
        "total": {
            "__old": 4,
            "__new": 12
        }
    },
    "HALSTEAD": {
        "n1": {
            "__old": 34,
            "__new": 31
        },
        "n2": {
            "__old": 79,
            "__new": 74
        },
        "N1": {
            "__old": 482,
            "__new": 431
        },
        "N2": {
            "__old": 385,
            "__new": 301
        },
        "Vocabulary": {
            "__old": 113,
            "__new": 105
        },
        "Length": {
            "__old": 867,
            "__new": 732
        },
        "Volume": {
            "__old": 5913.095160413968,
            "__new": 4914.827718931601
        },
        "Difficulty": {
            "__old": 82.84810126582279,
            "__new": 63.0472972972973
        },
        "Level": {
            "__old": 0.012070282658517952,
            "__new": 0.0158611081341764
        },
        "Effort": {
            "__old": 489888.7066444231,
            "__new": 309866.6043604782
        },
        "Programming time": {
            "__old": 27216.039258023506,
            "__new": 17214.8113533599
        },
        "Bugs": {
            "__old": 2.0714622848378177,
            "__new": 1.526377400588348
        },
        "Estimated program length": {
            "__old": 670.9724157085027,
            "__new": 613.0796346785355
        },
        "Purity ratio": {
            "__old": 0.7739012868610181,
            "__new": 0.8375404845335185
        }
    },
    "MI": {
        "Original": {
            "__old": 30.376300563228924,
            "__new": 38.5313055455879
        },
        "Sei": {
            "__old": 4.499605876006868,
            "__new": -2.1069019620075977
        },
        "Visual Studio": {
            "__old": 17.76391845802861,
            "__new": 22.532927219642044
        }
    },
    "files": [
        [
            "~",
            {
                "filename": {
                    "__old": "Assets/C/knucleotide.c",
                    "__new": "Assets/C++/knucleotide.cpp"
                },
                "SLOC": {
                    "__old": 247,
                    "__new": 154
                },
                "PLOC": {
                    "__old": 135,
                    "__new": 134
                },
                "LLOC": {
                    "__old": 56,
                    "__new": 50
                },
                "CLOC": {
                    "__old": 56,
                    "__new": 6
                },
                "BLANK": {
                    "__old": 56,
                    "__new": 14
                },
                "CC": {
                    "__old": 27,
                    "__new": 29
                },
                "COGNITIVE_SUM": {
                    "__old": 28,
                    "__new": 11
                },
                "COGNITIVE_AVG": {
                    "__old": 7,
                    "__new": 0.9166666666666666
                },
                "NARGS_SUM": {
                    "__old": 10,
                    "__new": 17
                },
                "NARGS_AVG": {
                    "__old": 2.5,
                    "__new": 1.4166666666666667
                },
                "NEXITS": {
                    "__old": 4,
                    "__new": 6
                },
                "NOM": {
                    "functions": {
                        "__old": 4,
                        "__new": 12
                    },
                    "total": {
                        "__old": 4,
                        "__new": 12
                    }
                },
                "Halstead": {
                    "n1": {
                        "__old": 34,
                        "__new": 31
                    },
                    "n2": {
                        "__old": 79,
                        "__new": 74
                    },
                    "N1": {
                        "__old": 482,
                        "__new": 431
                    },
                    "N2": {
                        "__old": 385,
                        "__new": 301
                    },
                    "Vocabulary": {
                        "__old": 113,
                        "__new": 105
                    },
                    "Length": {
                        "__old": 867,
                        "__new": 732
                    },
                    "Volume": {
                        "__old": 5913.095160413968,
                        "__new": 4914.827718931601
                    },
                    "Difficulty": {
                        "__old": 82.84810126582279,
                        "__new": 63.0472972972973
                    },
                    "Level": {
                        "__old": 0.012070282658517952,
                        "__new": 0.0158611081341764
                    },
                    "Effort": {
                        "__old": 489888.7066444231,
                        "__new": 309866.6043604782
                    },
                    "Programming time": {
                        "__old": 27216.039258023506,
                        "__new": 17214.8113533599
                    },
                    "Bugs": {
                        "__old": 2.0714622848378177,
                        "__new": 1.526377400588348
                    },
                    "Estimated program length": {
                        "__old": 670.9724157085027,
                        "__new": 613.0796346785355
                    },
                    "Purity ratio": {
                        "__old": 0.7739012868610181,
                        "__new": 0.8375404845335185
                    }
                },
                "Mi": {
                    "Original": {
                        "__old": 30.376300563228924,
                        "__new": 38.5313055455879
                    },
                    "Sei": {
                        "__old": 4.499605876006868,
                        "__new": -2.1069019620075977
                    },
                    "Visual Studio": {
                        "__old": 17.76391845802861,
                        "__new": 22.532927219642044
                    }
                }
            }
        ]
    ]
}