{
    "SLOC": {
        "__old": 201,
        "__new": 177
    },
    "PLOC": {
        "__old": 140,
        "__new": 120
    },
    "LLOC": {
        "__old": 60,
        "__new": 50
    },
    "CLOC": {
        "__old": 22,
        "__new": 31
    },
    "BLANK": {
        "__old": 39,
        "__new": 26
    },
    "CC": {
        "__old": 39,
        "__new": 33
    },
    "COGNITIVE": {
        "__old": 33,
        "__new": 23
    },
    "NOM": {
        "functions": {
            "__old": 7,
            "__new": 6
        },
        "total": {
            "__old": 7,
            "__new": 6
        }
    },
    "HALSTEAD": {
        "n1": {
            "__old": 33,
            "__new": 31
        },
        "n2": {
            "__old": 78,
            "__new": 76
        },
        "N1": {
            "__old": 500,
            "__new": 357
        },
        "N2": {
            "__old": 395,
            "__new": 277
        },
        "Vocabulary": {
            "__old": 111,
            "__new": 107
        },
        "Length": {
            "__old": 895,
            "__new": 634
        },
        "Volume": {
            "__old": 6081.002200383345,
            "__new": 4274.090069378328
        },
        "Difficulty": {
            "__old": 83.5576923076923,
            "__new": 56.49342105263158
        },
        "Level": {
            "__old": 0.011967779056386652,
            "__new": 0.01770117619657622
        },
        "Effort": {
            "__old": 508114.5107820314,
            "__new": 241457.96990626122
        },
        "Programming time": {
            "__old": 28228.583932335077,
            "__new": 13414.331661458957
        },
        "Bugs": {
            "__old": 2.122526610378524,
            "__new": 1.2925274501455593
        },
        "Estimated program length": {
            "__old": 656.7263790100843,
            "__new": 628.4225766437056
        },
        "Purity ratio": {
            "__old": 0.7337724905140607,
            "__new": 0.9912028022771382
        }
    },
    "MI": {
        "Original": {
            "__old": 30.8092515452214,
            "__new": 36.0826764831795
        },
        "Sei": {
            "__old": -2.7623552082978513,
            "__new": 9.908528038966214
        },
        "Visual Studio": {
            "__old": 18.01710616679614,
            "__new": 21.100980399520175
        }
    },
    "files": [
        [
            "~",
            {
                "filename": {
                    "__old": "Assets/C/mandelbrot.c",
                    "__new": "Assets/C++/mandelbrot.cpp"
                },
                "SLOC": {
                    "__old": 201,
                    "__new": 177
                },
                "PLOC": {
                    "__old": 140,
                    "__new": 120
                },
                "LLOC": {
                    "__old": 60,
                    "__new": 50
                },
                "CLOC": {
                    "__old": 22,
                    "__new": 31
                },
                "BLANK": {
                    "__old": 39,
                    "__new": 26
                },
                "CC": {
                    "__old": 39,
                    "__new": 33
                },
                "COGNITIVE": {
                    "__old": 33,
                    "__new": 23
                },
                "NOM": {
                    "functions": {
                        "__old": 7,
                        "__new": 6
                    },
                    "total": {
                        "__old": 7,
                        "__new": 6
                    }
                },
                "Halstead": {
                    "n1": {
                        "__old": 33,
                        "__new": 31
                    },
                    "n2": {
                        "__old": 78,
                        "__new": 76
                    },
                    "N1": {
                        "__old": 500,
                        "__new": 357
                    },
                    "N2": {
                        "__old": 395,
                        "__new": 277
                    },
                    "Vocabulary": {
                        "__old": 111,
                        "__new": 107
                    },
                    "Length": {
                        "__old": 895,
                        "__new": 634
                    },
                    "Volume": {
                        "__old": 6081.002200383345,
                        "__new": 4274.090069378328
                    },
                    "Difficulty": {
                        "__old": 83.5576923076923,
                        "__new": 56.49342105263158
                    },
                    "Level": {
                        "__old": 0.011967779056386652,
                        "__new": 0.01770117619657622
                    },
                    "Effort": {
                        "__old": 508114.5107820314,
                        "__new": 241457.96990626122
                    },
                    "Programming time": {
                        "__old": 28228.583932335077,
                        "__new": 13414.331661458957
                    },
                    "Bugs": {
                        "__old": 2.122526610378524,
                        "__new": 1.2925274501455593
                    },
                    "Estimated program length": {
                        "__old": 656.7263790100843,
                        "__new": 628.4225766437056
                    },
                    "Purity ratio": {
                        "__old": 0.7337724905140607,
                        "__new": 0.9912028022771382
                    }
                },
                "Mi": {
                    "Original": {
                        "__old": 30.8092515452214,
                        "__new": 36.0826764831795
                    },
                    "Sei": {
                        "__old": -2.7623552082978513,
                        "__new": 9.908528038966214
                    },
                    "Visual Studio": {
                        "__old": 18.01710616679614,
                        "__new": 21.100980399520175
                    }
                }
            }
        ]
    ]
}