{
    "SLOC": {
        "__old": 160,
        "__new": 184
    },
    "PLOC": {
        "__old": 128,
        "__new": 146
    },
    "LLOC": {
        "__old": 39,
        "__new": 38
    },
    "CLOC": {
        "__old": 13,
        "__new": 15
    },
    "BLANK": {
        "__old": 19,
        "__new": 23
    },
    "CC_SUM": {
        "__old": 28,
        "__new": 26
    },
    "CC_AVG": {
        "__old": 2.5454545454545454,
        "__new": 2.888888888888889
    },
    "COGNITIVE_SUM": {
        "__old": 30,
        "__new": 26
    },
    "COGNITIVE_AVG": {
        "__old": 7.5,
        "__new": 4.333333333333333
    },
    "NARGS_SUM": {
        "__old": 9,
        "__new": 10
    },
    "NARGS_AVG": {
        "__old": 2.25,
        "__new": 1.6666666666666667
    },
    "NEXITS_AVG": {
        "__old": 0.5,
        "__new": 0.3333333333333333
    },
    "NOM": {
        "functions": {
            "__old": 4,
            "__new": 6
        },
        "total": {
            "__old": 4,
            "__new": 6
        }
    },
    "HALSTEAD": {
        "n1": {
            "__old": 19,
            "__new": 23
        },
        "n2": {
            "__old": 85,
            "__new": 98
        },
        "N1": {
            "__old": 534,
            "__new": 498
        },
        "N2": {
            "__old": 429,
            "__new": 388
        },
        "Vocabulary": {
            "__old": 104,
            "__new": 121
        },
        "Length": {
            "__old": 963,
            "__new": 886
        },
        "Volume": {
            "__old": 6452.523448569871,
            "__new": 6130.112828225291
        },
        "Difficulty": {
            "__old": 47.94705882352941,
            "__new": 45.53061224489796
        },
        "Level": {
            "__old": 0.020856336645810332,
            "__new": 0.021963245181532944
        },
        "Effort": {
            "__old": 309379.52134878247,
            "__new": 279107.7901994005
        },
        "Programming time": {
            "__old": 17187.75118604347,
            "__new": 15505.98834441114
        },
        "Bugs": {
            "__old": 1.5247774273398966,
            "__new": 1.42361771684647
        },
        "Estimated program length": {
            "__old": 625.5088523271327,
            "__new": 752.2834897126016
        },
        "Purity ratio": {
            "__old": 0.6495419027280713,
            "__new": 0.8490784308268642
        }
    },
    "MI": {
        "Original": {
            "__old": 36.72660605201497,
            "__new": 35.18900486644846
        },
        "Sei": {
            "__old": 1.5041821017136954,
            "__new": -0.8844006110354101
        },
        "Visual Studio": {
            "__old": 21.477547398839164,
            "__new": 20.578365418975707
        }
    },
    "files": [
        [
            "~",
            {
                "filename": {
                    "__old": "Assets/C/nbody.c",
                    "__new": "Assets/C++/nbody.cpp"
                },
                "SLOC": {
                    "__old": 160,
                    "__new": 184
                },
                "PLOC": {
                    "__old": 128,
                    "__new": 146
                },
                "LLOC": {
                    "__old": 39,
                    "__new": 38
                },
                "CLOC": {
                    "__old": 13,
                    "__new": 15
                },
                "BLANK": {
                    "__old": 19,
                    "__new": 23
                },
                "CC_SUM": {
                    "__old": 28,
                    "__new": 26
                },
                "CC_AVG": {
                    "__old": 2.5454545454545454,
                    "__new": 2.888888888888889
                },
                "COGNITIVE_SUM": {
                    "__old": 30,
                    "__new": 26
                },
                "COGNITIVE_AVG": {
                    "__old": 7.5,
                    "__new": 4.333333333333333
                },
                "NARGS_SUM": {
                    "__old": 9,
                    "__new": 10
                },
                "NARGS_AVG": {
                    "__old": 2.25,
                    "__new": 1.6666666666666667
                },
                "NEXITS_AVG": {
                    "__old": 0.5,
                    "__new": 0.3333333333333333
                },
                "NOM": {
                    "functions": {
                        "__old": 4,
                        "__new": 6
                    },
                    "total": {
                        "__old": 4,
                        "__new": 6
                    }
                },
                "Halstead": {
                    "n1": {
                        "__old": 19,
                        "__new": 23
                    },
                    "n2": {
                        "__old": 85,
                        "__new": 98
                    },
                    "N1": {
                        "__old": 534,
                        "__new": 498
                    },
                    "N2": {
                        "__old": 429,
                        "__new": 388
                    },
                    "Vocabulary": {
                        "__old": 104,
                        "__new": 121
                    },
                    "Length": {
                        "__old": 963,
                        "__new": 886
                    },
                    "Volume": {
                        "__old": 6452.523448569871,
                        "__new": 6130.112828225291
                    },
                    "Difficulty": {
                        "__old": 47.94705882352941,
                        "__new": 45.53061224489796
                    },
                    "Level": {
                        "__old": 0.020856336645810332,
                        "__new": 0.021963245181532944
                    },
                    "Effort": {
                        "__old": 309379.52134878247,
                        "__new": 279107.7901994005
                    },
                    "Programming time": {
                        "__old": 17187.75118604347,
                        "__new": 15505.98834441114
                    },
                    "Bugs": {
                        "__old": 1.5247774273398966,
                        "__new": 1.42361771684647
                    },
                    "Estimated program length": {
                        "__old": 625.5088523271327,
                        "__new": 752.2834897126016
                    },
                    "Purity ratio": {
                        "__old": 0.6495419027280713,
                        "__new": 0.8490784308268642
                    }
                },
                "Mi": {
                    "Original": {
                        "__old": 36.72660605201497,
                        "__new": 35.18900486644846
                    },
                    "Sei": {
                        "__old": 1.5041821017136954,
                        "__new": -0.8844006110354101
                    },
                    "Visual Studio": {
                        "__old": 21.477547398839164,
                        "__new": 20.578365418975707
                    }
                }
            }
        ]
    ]
}