{
    "SLOC": {
        "__old": 65,
        "__new": 29
    },
    "PLOC": {
        "__old": 45,
        "__new": 47
    },
    "LLOC": {
        "__old": 28,
        "__new": 10
    },
    "CLOC": {
        "__old": 6,
        "__new": 2
    },
    "BLANK": {
        "__old": 14,
        "__new": 0
    },
    "CC": {
        "__old": 9,
        "__new": 10
    },
    "NARGS_SUM": {
        "__old": 5,
        "__new": 2
    },
    "NARGS_AVG": {
        "__old": 1.25,
        "__new": 0.5
    },
    "NEXITS": {
        "__old": 2,
        "__new": 1
    },
    "HALSTEAD": {
        "n1": {
            "__old": 19,
            "__new": 24
        },
        "n2": {
            "__old": 39,
            "__new": 34
        },
        "N1": {
            "__old": 133,
            "__new": 147
        },
        "N2": {
            "__old": 116,
            "__new": 110
        },
        "Length": {
            "__old": 249,
            "__new": 257
        },
        "Volume": {
            "__old": 1458.6372677867655,
            "__new": 1505.501115747786
        },
        "Difficulty": {
            "__old": 28.256410256410255,
            "__new": 38.8235294117647
        },
        "Level": {
            "__old": 0.0353901996370236,
            "__new": 0.02575757575757576
        },
        "Effort": {
            "__old": 41215.85305387219,
            "__new": 58448.86684667874
        },
        "Programming time": {
            "__old": 2289.7696141040105,
            "__new": 3247.15926925993
        },
        "Bugs": {
            "__old": 0.3977299301367299,
            "__new": 0.5020297753264329
        },
        "Estimated program length": {
            "__old": 286.84130929105584,
            "__new": 283.01283661981927
        },
        "Purity ratio": {
            "__old": 1.1519731296829552,
            "__new": 1.1012172631121373
        }
    },
    "MI": {
        "Original": {
            "__old": 63.42158514454242,
            "__new": 76.10202589123216
        },
        "Sei": {
            "__old": 39.38809862139142,
            "__new": 54.89473685255974
        },
        "Visual Studio": {
            "__old": 37.088646283358145,
            "__new": 44.5041087083229
        }
    },
    "files": [
        [
            "~",
            {
                "filename": {
                    "__old": "Assets/C/pidigits.c",
                    "__new": "Assets/C++/pidigits.cpp"
                },
                "SLOC": {
                    "__old": 65,
                    "__new": 29
                },
                "PLOC": {
                    "__old": 45,
                    "__new": 47
                },
                "LLOC": {
                    "__old": 28,
                    "__new": 10
                },
                "CLOC": {
                    "__old": 6,
                    "__new": 2
                },
                "BLANK": {
                    "__old": 14,
                    "__new": 0
                },
                "CC": {
                    "__old": 9,
                    "__new": 10
                },
                "COGNITIVE": {
                    "__old": 7,
                    "__new": 0
                },
                "NARGS_SUM": {
                    "__old": 5,
                    "__new": 2
                },
                "NARGS_AVG": {
                    "__old": 1.25,
                    "__new": 0.5
                },
                "NEXITS": {
                    "__old": 2,
                    "__new": 1
                },
                "Halstead": {
                    "n1": {
                        "__old": 19,
                        "__new": 24
                    },
                    "n2": {
                        "__old": 39,
                        "__new": 34
                    },
                    "N1": {
                        "__old": 133,
                        "__new": 147
                    },
                    "N2": {
                        "__old": 116,
                        "__new": 110
                    },
                    "Length": {
                        "__old": 249,
                        "__new": 257
                    },
                    "Volume": {
                        "__old": 1458.6372677867655,
                        "__new": 1505.501115747786
                    },
                    "Difficulty": {
                        "__old": 28.256410256410255,
                        "__new": 38.8235294117647
                    },
                    "Level": {
                        "__old": 0.0353901996370236,
                        "__new": 0.02575757575757576
                    },
                    "Effort": {
                        "__old": 41215.85305387219,
                        "__new": 58448.86684667874
                    },
                    "Programming time": {
                        "__old": 2289.7696141040105,
                        "__new": 3247.15926925993
                    },
                    "Bugs": {
                        "__old": 0.3977299301367299,
                        "__new": 0.5020297753264329
                    },
                    "Estimated program length": {
                        "__old": 286.84130929105584,
                        "__new": 283.01283661981927
                    },
                    "Purity ratio": {
                        "__old": 1.1519731296829552,
                        "__new": 1.1012172631121373
                    }
                },
                "Mi": {
                    "Original": {
                        "__old": 63.42158514454242,
                        "__new": 76.10202589123216
                    },
                    "Sei": {
                        "__old": 39.38809862139142,
                        "__new": 54.89473685255974
                    },
                    "Visual Studio": {
                        "__old": 37.088646283358145,
                        "__new": 44.5041087083229
                    }
                }
            }
        ]
    ]
}