{
    "SLOC": {
        "__old": 208,
        "__new": 94
    },
    "PLOC": {
        "__old": 111,
        "__new": 71
    },
    "LLOC": {
        "__old": 38,
        "__new": 23
    },
    "CLOC": {
        "__old": 51,
        "__new": 7
    },
    "BLANK": {
        "__old": 46,
        "__new": 16
    },
    "CC": {
        "__old": 12,
        "__new": 6
    },
    "NEXITS": {
        "__old": 1,
        "__new": 0
    },
    "NOM": {
        "functions": {
            "__old": 2,
            "__new": 1
        },
        "total": {
            "__old": 2,
            "__new": 1
        }
    },
    "HALSTEAD": {
        "n1": {
            "__old": 26,
            "__new": 22
        },
        "n2": {
            "__old": 77,
            "__new": 71
        },
        "N1": {
            "__old": 410,
            "__new": 218
        },
        "N2": {
            "__old": 328,
            "__new": 161
        },
        "Vocabulary": {
            "__old": 103,
            "__new": 93
        },
        "Length": {
            "__old": 738,
            "__new": 379
        },
        "Volume": {
            "__old": 4934.637389061215,
            "__new": 2478.3411894099436
        },
        "Difficulty": {
            "__old": 55.37662337662338,
            "__new": 24.943661971830984
        },
        "Level": {
            "__old": 0.018058161350844277,
            "__new": 0.04009034443817053
        },
        "Effort": {
            "__old": 273263.55619424704,
            "__new": 61818.90487950718
        },
        "Programming time": {
            "__old": 15181.308677458168,
            "__new": 3434.3836044170657
        },
        "Bugs": {
            "__old": 1.4036749703370608,
            "__new": 0.5211462496741232
        },
        "Estimated program length": {
            "__old": 604.7539963051757,
            "__new": 534.7395410948529
        },
        "Purity ratio": {
            "__old": 0.819449859492108,
            "__new": 1.4109222720180816
        }
    },
    "MI": {
        "Original": {
            "__old": 37.550903855613285,
            "__new": 55.37883187857979
        },
        "Sei": {
            "__old": 14.398456559195303,
            "__new": 25.31864346324061
        },
        "Visual Studio": {
            "__old": 21.959592898019466,
            "__new": 32.38528180033906
        }
    },
    "files": [
        [
            "~",
            {
                "filename": {
                    "__old": "Assets/C/regexredux.c",
                    "__new": "Assets/C++/regexredux.cpp"
                },
                "SLOC": {
                    "__old": 208,
                    "__new": 94
                },
                "PLOC": {
                    "__old": 111,
                    "__new": 71
                },
                "LLOC": {
                    "__old": 38,
                    "__new": 23
                },
                "CLOC": {
                    "__old": 51,
                    "__new": 7
                },
                "BLANK": {
                    "__old": 46,
                    "__new": 16
                },
                "CC": {
                    "__old": 12,
                    "__new": 6
                },
                "COGNITIVE": {
                    "__old": 11,
                    "__new": 5
                },
                "NEXITS": {
                    "__old": 1,
                    "__new": 0
                },
                "NOM": {
                    "functions": {
                        "__old": 2,
                        "__new": 1
                    },
                    "total": {
                        "__old": 2,
                        "__new": 1
                    }
                },
                "Halstead": {
                    "n1": {
                        "__old": 26,
                        "__new": 22
                    },
                    "n2": {
                        "__old": 77,
                        "__new": 71
                    },
                    "N1": {
                        "__old": 410,
                        "__new": 218
                    },
                    "N2": {
                        "__old": 328,
                        "__new": 161
                    },
                    "Vocabulary": {
                        "__old": 103,
                        "__new": 93
                    },
                    "Length": {
                        "__old": 738,
                        "__new": 379
                    },
                    "Volume": {
                        "__old": 4934.637389061215,
                        "__new": 2478.3411894099436
                    },
                    "Difficulty": {
                        "__old": 55.37662337662338,
                        "__new": 24.943661971830984
                    },
                    "Level": {
                        "__old": 0.018058161350844277,
                        "__new": 0.04009034443817053
                    },
                    "Effort": {
                        "__old": 273263.55619424704,
                        "__new": 61818.90487950718
                    },
                    "Programming time": {
                        "__old": 15181.308677458168,
                        "__new": 3434.3836044170657
                    },
                    "Bugs": {
                        "__old": 1.4036749703370608,
                        "__new": 0.5211462496741232
                    },
                    "Estimated program length": {
                        "__old": 604.7539963051757,
                        "__new": 534.7395410948529
                    },
                    "Purity ratio": {
                        "__old": 0.819449859492108,
                        "__new": 1.4109222720180816
                    }
                },
                "Mi": {
                    "Original": {
                        "__old": 37.550903855613285,
                        "__new": 55.37883187857979
                    },
                    "Sei": {
                        "__old": 14.398456559195303,
                        "__new": 25.31864346324061
                    },
                    "Visual Studio": {
                        "__old": 21.959592898019466,
                        "__new": 32.38528180033906
                    }
                }
            }
        ]
    ]
}