{
    "SLOC": {
        "__old": 151,
        "__new": 282
    },
    "PLOC": {
        "__old": 77,
        "__new": 222
    },
    "LLOC": {
        "__old": 37,
        "__new": 113
    },
    "CLOC": {
        "__old": 41,
        "__new": 14
    },
    "BLANK": {
        "__old": 33,
        "__new": 46
    },
    "CC": {
        "__old": 17,
        "__new": 70
    },
    "COGNITIVE_SUM": {
        "__old": 21,
        "__new": 38
    },
    "COGNITIVE_AVG": {
        "__old": 10.5,
        "__new": 1.3571428571428572
    },
    "NARGS_SUM": {
        "__old": 3,
        "__new": 15
    },
    "NARGS_AVG": {
        "__old": 1.5,
        "__new": 0.5357142857142857
    },
    "NEXITS": {
        "__old": 1,
        "__new": 11
    },
    "NOM": {
        "functions": {
            "__old": 2,
            "__new": 28
        },
        "total": {
            "__old": 2,
            "__new": 28
        }
    },
    "HALSTEAD": {
        "n1": {
            "__old": 25,
            "__new": 38
        },
        "n2": {
            "__old": 29,
            "__new": 123
        },
        "N1": {
            "__old": 194,
            "__new": 819
        },
        "N2": {
            "__old": 128,
            "__new": 535
        },
        "Vocabulary": {
            "__old": 54,
            "__new": 161
        },
        "Length": {
            "__old": 322,
            "__new": 1354
        },
        "Volume": {
            "__old": 1853.0737756966369,
            "__new": 9926.061452967191
        },
        "Difficulty": {
            "__old": 55.172413793103445,
            "__new": 82.64227642276423
        },
        "Level": {
            "__old": 0.018125000000000002,
            "__new": 0.012100344318740778
        },
        "Effort": {
            "__old": 102238.5531418834,
            "__new": 820312.3143854593
        },
        "Programming time": {
            "__old": 5679.919618993522,
            "__new": 45572.90635474774
        },
        "Bugs": {
            "__old": 0.7288226738088915,
            "__new": 2.9210000610399707
        },
        "Estimated program length": {
            "__old": 256.9778536030677,
            "__new": 1053.3505296675826
        },
        "Purity ratio": {
            "__old": 0.7980678683325083,
            "__new": 0.7779546009361762
        }
    },
    "MI": {
        "Original": {
            "__old": 46.68214123724049,
            "__new": 15.645926405158932
        },
        "Sei": {
            "__old": 29.49766081859525,
            "__new": -29.082878320616135
        },
        "Visual Studio": {
            "__old": 27.29949779955584,
            "__new": 9.149664564420428
        }
    },
    "files": [
        [
            "~",
            {
                "filename": {
                    "__old": "Assets/C/revcomp.c",
                    "__new": "Assets/C++/revcomp.cpp"
                },
                "SLOC": {
                    "__old": 151,
                    "__new": 282
                },
                "PLOC": {
                    "__old": 77,
                    "__new": 222
                },
                "LLOC": {
                    "__old": 37,
                    "__new": 113
                },
                "CLOC": {
                    "__old": 41,
                    "__new": 14
                },
                "BLANK": {
                    "__old": 33,
                    "__new": 46
                },
                "CC": {
                    "__old": 17,
                    "__new": 70
                },
                "COGNITIVE_SUM": {
                    "__old": 21,
                    "__new": 38
                },
                "COGNITIVE_AVG": {
                    "__old": 10.5,
                    "__new": 1.3571428571428572
                },
                "NARGS_SUM": {
                    "__old": 3,
                    "__new": 15
                },
                "NARGS_AVG": {
                    "__old": 1.5,
                    "__new": 0.5357142857142857
                },
                "NEXITS": {
                    "__old": 1,
                    "__new": 11
                },
                "NOM": {
                    "functions": {
                        "__old": 2,
                        "__new": 28
                    },
                    "total": {
                        "__old": 2,
                        "__new": 28
                    }
                },
                "Halstead": {
                    "n1": {
                        "__old": 25,
                        "__new": 38
                    },
                    "n2": {
                        "__old": 29,
                        "__new": 123
                    },
                    "N1": {
                        "__old": 194,
                        "__new": 819
                    },
                    "N2": {
                        "__old": 128,
                        "__new": 535
                    },
                    "Vocabulary": {
                        "__old": 54,
                        "__new": 161
                    },
                    "Length": {
                        "__old": 322,
                        "__new": 1354
                    },
                    "Volume": {
                        "__old": 1853.0737756966369,
                        "__new": 9926.061452967191
                    },
                    "Difficulty": {
                        "__old": 55.172413793103445,
                        "__new": 82.64227642276423
                    },
                    "Level": {
                        "__old": 0.018125000000000002,
                        "__new": 0.012100344318740778
                    },
                    "Effort": {
                        "__old": 102238.5531418834,
                        "__new": 820312.3143854593
                    },
                    "Programming time": {
                        "__old": 5679.919618993522,
                        "__new": 45572.90635474774
                    },
                    "Bugs": {
                        "__old": 0.7288226738088915,
                        "__new": 2.9210000610399707
                    },
                    "Estimated program length": {
                        "__old": 256.9778536030677,
                        "__new": 1053.3505296675826
                    },
                    "Purity ratio": {
                        "__old": 0.7980678683325083,
                        "__new": 0.7779546009361762
                    }
                },
                "Mi": {
                    "Original": {
                        "__old": 46.68214123724049,
                        "__new": 15.645926405158932
                    },
                    "Sei": {
                        "__old": 29.49766081859525,
                        "__new": -29.082878320616135
                    },
                    "Visual Studio": {
                        "__old": 27.29949779955584,
                        "__new": 9.149664564420428
                    }
                }
            }
        ]
    ]
}