{
    "SLOC": {
        "__old": 255,
        "__new": 135
    },
    "PLOC": {
        "__old": 156,
        "__new": 97
    },
    "LLOC": {
        "__old": 44,
        "__new": 33
    },
    "CLOC": {
        "__old": 63,
        "__new": 13
    },
    "BLANK": {
        "__old": 36,
        "__new": 25
    },
    "CC_SUM": {
        "__old": 28,
        "__new": 22
    },
    "CC_AVG": {
        "__old": 1.8666666666666667,
        "__new": 2.4444444444444446
    },
    "COGNITIVE_SUM": {
        "__old": 16,
        "__new": 12
    },
    "COGNITIVE_AVG": {
        "__old": 1.7777777777777777,
        "__new": 1.5
    },
    "NARGS_SUM": {
        "__old": 12,
        "__new": 28
    },
    "NARGS_AVG": {
        "__old": 1.3333333333333333,
        "__new": 3.5
    },
    "NEXITS": {
        "__old": 6,
        "__new": 4
    },
    "NOM": {
        "functions": {
            "__old": 9,
            "__new": 8
        },
        "total": {
            "__old": 9,
            "__new": 8
        }
    },
    "HALSTEAD": {
        "n1": {
            "__old": 25,
            "__new": 24
        },
        "n2": {
            "__old": 67,
            "__new": 61
        },
        "N1": {
            "__old": 506,
            "__new": 409
        },
        "N2": {
            "__old": 363,
            "__new": 284
        },
        "Vocabulary": {
            "__old": 92,
            "__new": 85
        },
        "Length": {
            "__old": 869,
            "__new": 693
        },
        "Volume": {
            "__old": 5668.975339813544,
            "__new": 4441.707918743427
        },
        "Difficulty": {
            "__old": 67.72388059701493,
            "__new": 55.868852459016395
        },
        "Level": {
            "__old": 0.014765840220385676,
            "__new": 0.017899061032863848
        },
        "Effort": {
            "__old": 383925.0090209546,
            "__new": 248153.1243783213
        },
        "Programming time": {
            "__old": 21329.167167830812,
            "__new": 13786.284687684518
        },
        "Bugs": {
            "__old": 1.7607985856908024,
            "__new": 1.3163112012968532
        },
        "Estimated program length": {
            "__old": 522.5243805050388,
            "__new": 471.81407760864386
        },
        "Purity ratio": {
            "__old": 0.6012938786018859,
            "__new": 0.6808283948176679
        }
    },
    "MI": {
        "Original": {
            "__old": 29.84915951402978,
            "__new": 42.800818500504576
        },
        "Sei": {
            "__old": 5.021060152791847,
            "__new": 11.409492315309578
        },
        "Visual Studio": {
            "__old": 17.455648838613907,
            "__new": 25.029718421347706
        }
    },
    "files": [
        [
            "~",
            {
                "filename": {
                    "__old": "Assets/C/spectralnorm.c",
                    "__new": "Assets/C++/spectralnorm.cpp"
                },
                "SLOC": {
                    "__old": 255,
                    "__new": 135
                },
                "PLOC": {
                    "__old": 156,
                    "__new": 97
                },
                "LLOC": {
                    "__old": 44,
                    "__new": 33
                },
                "CLOC": {
                    "__old": 63,
                    "__new": 13
                },
                "BLANK": {
                    "__old": 36,
                    "__new": 25
                },
                "CC_SUM": {
                    "__old": 28,
                    "__new": 22
                },
                "CC_AVG": {
                    "__old": 1.8666666666666667,
                    "__new": 2.4444444444444446
                },
                "COGNITIVE_SUM": {
                    "__old": 16,
                    "__new": 12
                },
                "COGNITIVE_AVG": {
                    "__old": 1.7777777777777777,
                    "__new": 1.5
                },
                "NARGS_SUM": {
                    "__old": 12,
                    "__new": 28
                },
                "NARGS_AVG": {
                    "__old": 1.3333333333333333,
                    "__new": 3.5
                },
                "NEXITS": {
                    "__old": 6,
                    "__new": 4
                },
                "NOM": {
                    "functions": {
                        "__old": 9,
                        "__new": 8
                    },
                    "total": {
                        "__old": 9,
                        "__new": 8
                    }
                },
                "Halstead": {
                    "n1": {
                        "__old": 25,
                        "__new": 24
                    },
                    "n2": {
                        "__old": 67,
                        "__new": 61
                    },
                    "N1": {
                        "__old": 506,
                        "__new": 409
                    },
                    "N2": {
                        "__old": 363,
                        "__new": 284
                    },
                    "Vocabulary": {
                        "__old": 92,
                        "__new": 85
                    },
                    "Length": {
                        "__old": 869,
                        "__new": 693
                    },
                    "Volume": {
                        "__old": 5668.975339813544,
                        "__new": 4441.707918743427
                    },
                    "Difficulty": {
                        "__old": 67.72388059701493,
                        "__new": 55.868852459016395
                    },
                    "Level": {
                        "__old": 0.014765840220385676,
                        "__new": 0.017899061032863848
                    },
                    "Effort": {
                        "__old": 383925.0090209546,
                        "__new": 248153.1243783213
                    },
                    "Programming time": {
                        "__old": 21329.167167830812,
                        "__new": 13786.284687684518
                    },
                    "Bugs": {
                        "__old": 1.7607985856908024,
                        "__new": 1.3163112012968532
                    },
                    "Estimated program length": {
                        "__old": 522.5243805050388,
                        "__new": 471.81407760864386
                    },
                    "Purity ratio": {
                        "__old": 0.6012938786018859,
                        "__new": 0.6808283948176679
                    }
                },
                "Mi": {
                    "Original": {
                        "__old": 29.84915951402978,
                        "__new": 42.800818500504576
                    },
                    "Sei": {
                        "__old": 5.021060152791847,
                        "__new": 11.409492315309578
                    },
                    "Visual Studio": {
                        "__old": 17.455648838613907,
                        "__new": 25.029718421347706
                    }
                }
            }
        ]
    ]
}