{
    "SLOC": {
        "__old": 139,
        "__new": 50
    },
    "PLOC": {
        "__old": 74,
        "__new": 36
    },
    "LLOC": {
        "__old": 28,
        "__new": 25
    },
    "CLOC": {
        "__old": 39,
        "__new": 5
    },
    "BLANK": {
        "__old": 26,
        "__new": 9
    },
    "CC": {
        "__old": 12,
        "__new": 8
    },
    "HALSTEAD": {
        "n1": {
            "__old": 23,
            "__new": 20
        },
        "n2": {
            "__old": 45,
            "__new": 27
        },
        "N1": {
            "__old": 204,
            "__new": 115
        },
        "N2": {
            "__old": 166,
            "__new": 85
        },
        "Vocabulary": {
            "__old": 68,
            "__new": 47
        },
        "Length": {
            "__old": 370,
            "__new": 200
        },
        "Volume": {
            "__old": 2252.3612512626255,
            "__new": 1110.9177703355276
        },
        "Difficulty": {
            "__old": 42.422222222222224,
            "__new": 31.48148148148148
        },
        "Level": {
            "__old": 0.023572551073860658,
            "__new": 0.031764705882352945
        },
        "Effort": {
            "__old": 95550.1695257856,
            "__new": 34973.33721426661
        },
        "Programming time": {
            "__old": 5308.342751432534,
            "__new": 1942.9631785703673
        },
        "Bugs": {
            "__old": 0.6966795348870725,
            "__new": 0.35648133497983825
        },
        "Estimated program length": {
            "__old": 351.17531432414665,
            "__new": 214.8205244561609
        },
        "Purity ratio": {
            "__old": 0.9491224711463423,
            "__new": 1.0741026222808046
        }
    },
    "MI": {
        "Original": {
            "__old": 48.15890345569035,
            "__new": 69.31793009349876
        },
        "Sei": {
            "__old": 31.577285388498545,
            "__new": 48.64513299274641
        },
        "Visual Studio": {
            "__old": 28.16310143607623,
            "__new": 40.53680122426828
        }
    },
    "files": [
        [
            "~",
            {
                "filename": {
                    "__old": "Assets/C/binarytrees.c",
                    "__new": "Assets/JavaScript/binarytrees.js"
                },
                "SLOC": {
                    "__old": 139,
                    "__new": 50
                },
                "PLOC": {
                    "__old": 74,
                    "__new": 36
                },
                "LLOC": {
                    "__old": 28,
                    "__new": 25
                },
                "CLOC": {
                    "__old": 39,
                    "__new": 5
                },
                "BLANK": {
                    "__old": 26,
                    "__new": 9
                },
                "CC": {
                    "__old": 12,
                    "__new": 8
                },
                "COGNITIVE": {
                    "__old": 9,
                    "__new": 7
                },
                "Halstead": {
                    "n1": {
                        "__old": 23,
                        "__new": 20
                    },
                    "n2": {
                        "__old": 45,
                        "__new": 27
                    },
                    "N1": {
                        "__old": 204,
                        "__new": 115
                    },
                    "N2": {
                        "__old": 166,
                        "__new": 85
                    },
                    "Vocabulary": {
                        "__old": 68,
                        "__new": 47
                    },
                    "Length": {
                        "__old": 370,
                        "__new": 200
                    },
                    "Volume": {
                        "__old": 2252.3612512626255,
                        "__new": 1110.9177703355276
                    },
                    "Difficulty": {
                        "__old": 42.422222222222224,
                        "__new": 31.48148148148148
                    },
                    "Level": {
                        "__old": 0.023572551073860658,
                        "__new": 0.031764705882352945
                    },
                    "Effort": {
                        "__old": 95550.1695257856,
                        "__new": 34973.33721426661
                    },
                    "Programming time": {
                        "__old": 5308.342751432534,
                        "__new": 1942.9631785703673
                    },
                    "Bugs": {
                        "__old": 0.6966795348870725,
                        "__new": 0.35648133497983825
                    },
                    "Estimated program length": {
                        "__old": 351.17531432414665,
                        "__new": 214.8205244561609
                    },
                    "Purity ratio": {
                        "__old": 0.9491224711463423,
                        "__new": 1.0741026222808046
                    }
                },
                "Mi": {
                    "Original": {
                        "__old": 48.15890345569035,
                        "__new": 69.31793009349876
                    },
                    "Sei": {
                        "__old": 31.577285388498545,
                        "__new": 48.64513299274641
                    },
                    "Visual Studio": {
                        "__old": 28.16310143607623,
                        "__new": 40.53680122426828
                    }
                }
            }
        ]
    ]
}