{
    "SLOC": {
        "__old": 174,
        "__new": 52
    },
    "PLOC": {
        "__old": 86,
        "__new": 41
    },
    "LLOC": {
        "__old": 41,
        "__new": 60
    },
    "CLOC": {
        "__old": 54,
        "__new": 16
    },
    "BLANK": {
        "__old": 34,
        "__new": 0
    },
    "CC": {
        "__old": 22,
        "__new": 16
    },
    "COGNITIVE_SUM": {
        "__old": 56,
        "__new": 46
    },
    "COGNITIVE_AVG": {
        "__old": 56,
        "__new": 46
    },
    "NARGS_SUM": {
        "__old": 2,
        "__new": 1
    },
    "NARGS_AVG": {
        "__old": 2,
        "__new": 1
    },
    "HALSTEAD": {
        "n1": {
            "__old": 30,
            "__new": 25
        },
        "n2": {
            "__old": 33,
            "__new": 27
        },
        "N1": {
            "__old": 285,
            "__new": 182
        },
        "N2": {
            "__old": 240,
            "__new": 162
        },
        "Vocabulary": {
            "__old": 63,
            "__new": 52
        },
        "Length": {
            "__old": 525,
            "__new": 344
        },
        "Volume": {
            "__old": 3138.0719598374562,
            "__new": 1960.9512630405357
        },
        "Difficulty": {
            "__old": 109.0909090909091,
            "__new": 75
        },
        "Level": {
            "__old": 0.009166666666666667,
            "__new": 0.013333333333333334
        },
        "Effort": {
            "__old": 342335.12289135886,
            "__new": 147071.34472804016
        },
        "Programming time": {
            "__old": 19018.617938408825,
            "__new": 8170.630262668898
        },
        "Bugs": {
            "__old": 1.6312219298557251,
            "__new": 0.9287470646953468
        },
        "Estimated program length": {
            "__old": 313.6717238070845,
            "__new": 244.47836730278175
        },
        "Purity ratio": {
            "__old": 0.5974699501087324,
            "__new": 0.7106929282057609
        }
    },
    "MI": {
        "Original": {
            "__old": 40.49621205585848,
            "__new": 63.887689900566386
        },
        "Sei": {
            "__old": 22.95379571466426,
            "__new": 55.96923838032948
        },
        "Visual Studio": {
            "__old": 23.681995354303204,
            "__new": 37.36122216407391
        }
    },
    "files": [
        [
            "~",
            {
                "filename": {
                    "__old": "Assets/C/fannkuchredux.c",
                    "__new": "Assets/JavaScript/fannkuchredux.js"
                },
                "SLOC": {
                    "__old": 174,
                    "__new": 52
                },
                "PLOC": {
                    "__old": 86,
                    "__new": 41
                },
                "LLOC": {
                    "__old": 41,
                    "__new": 60
                },
                "CLOC": {
                    "__old": 54,
                    "__new": 16
                },
                "BLANK": {
                    "__old": 34,
                    "__new": 0
                },
                "CC": {
                    "__old": 22,
                    "__new": 16
                },
                "COGNITIVE_SUM": {
                    "__old": 56,
                    "__new": 46
                },
                "COGNITIVE_AVG": {
                    "__old": 56,
                    "__new": 46
                },
                "NARGS_SUM": {
                    "__old": 2,
                    "__new": 1
                },
                "NARGS_AVG": {
                    "__old": 2,
                    "__new": 1
                },
                "Halstead": {
                    "n1": {
                        "__old": 30,
                        "__new": 25
                    },
                    "n2": {
                        "__old": 33,
                        "__new": 27
                    },
                    "N1": {
                        "__old": 285,
                        "__new": 182
                    },
                    "N2": {
                        "__old": 240,
                        "__new": 162
                    },
                    "Vocabulary": {
                        "__old": 63,
                        "__new": 52
                    },
                    "Length": {
                        "__old": 525,
                        "__new": 344
                    },
                    "Volume": {
                        "__old": 3138.0719598374562,
                        "__new": 1960.9512630405357
                    },
                    "Difficulty": {
                        "__old": 109.0909090909091,
                        "__new": 75
                    },
                    "Level": {
                        "__old": 0.009166666666666667,
                        "__new": 0.013333333333333334
                    },
                    "Effort": {
                        "__old": 342335.12289135886,
                        "__new": 147071.34472804016
                    },
                    "Programming time": {
                        "__old": 19018.617938408825,
                        "__new": 8170.630262668898
                    },
                    "Bugs": {
                        "__old": 1.6312219298557251,
                        "__new": 0.9287470646953468
                    },
                    "Estimated program length": {
                        "__old": 313.6717238070845,
                        "__new": 244.47836730278175
                    },
                    "Purity ratio": {
                        "__old": 0.5974699501087324,
                        "__new": 0.7106929282057609
                    }
                },
                "Mi": {
                    "Original": {
                        "__old": 40.49621205585848,
                        "__new": 63.887689900566386
                    },
                    "Sei": {
                        "__old": 22.95379571466426,
                        "__new": 55.96923838032948
                    },
                    "Visual Studio": {
                        "__old": 23.681995354303204,
                        "__new": 37.36122216407391
                    }
                }
            }
        ]
    ]
}