{
    "SLOC": {
        "__old": 344,
        "__new": 242
    },
    "PLOC": {
        "__old": 255,
        "__new": 177
    },
    "LLOC": {
        "__old": 90,
        "__new": 97
    },
    "CLOC": {
        "__old": 49,
        "__new": 5
    },
    "BLANK": {
        "__old": 40,
        "__new": 60
    },
    "COGNITIVE_SUM": {
        "__old": 42,
        "__new": 23
    },
    "COGNITIVE_AVG": {
        "__old": 5.25,
        "__new": 1.3529411764705883
    },
    "NARGS_SUM": {
        "__old": 15,
        "__new": 22
    },
    "NARGS_AVG": {
        "__old": 1.875,
        "__new": 1.2941176470588236
    },
    "NEXITS": {
        "__old": 4,
        "__new": 17
    },
    "NOM": {
        "functions": {
            "__old": 8,
            "__new": 13
        },
        "closures": {
            "__old": 0,
            "__new": 4
        },
        "total": {
            "__old": 8,
            "__new": 17
        }
    },
    "HALSTEAD": {
        "n2": {
            "__old": 115,
            "__new": 105
        },
        "N1": {
            "__old": 570,
            "__new": 549
        },
        "N2": {
            "__old": 415,
            "__new": 330
        },
        "Vocabulary": {
            "__old": 146,
            "__new": 136
        },
        "Length": {
            "__old": 985,
            "__new": 879
        },
        "Volume": {
            "__old": 7081.9771904968175,
            "__new": 6229.879837459048
        },
        "Difficulty": {
            "__old": 55.93478260869565,
            "__new": 48.714285714285715
        },
        "Level": {
            "__old": 0.017877963466770307,
            "__new": 0.020527859237536656
        },
        "Effort": {
            "__old": 396128.8545901807,
            "__new": 303484.1463676479
        },
        "Programming time": {
            "__old": 22007.158588343373,
            "__new": 16860.23035375822
        },
        "Bugs": {
            "__old": 1.7979173803681505,
            "__new": 1.5053451393999506
        },
        "Estimated program length": {
            "__old": 940.8114414805963,
            "__new": 858.575864976936
        },
        "Purity ratio": {
            "__old": 0.9551385192696409,
            "__new": 0.9767643515095973
        }
    },
    "MI": {
        "Original": {
            "__old": 22.23200140869568,
            "__new": 28.59622475214701
        },
        "Sei": {
            "__old": -12.466182327989948,
            "__new": -19.839270012434973
        },
        "Visual Studio": {
            "__old": 13.001170414441917,
            "__new": 16.722938451547957
        }
    },
    "files": [
        [
            "~",
            {
                "filename": {
                    "__old": "Assets/C/fasta.c",
                    "__new": "Assets/JavaScript/fasta.js"
                },
                "SLOC": {
                    "__old": 344,
                    "__new": 242
                },
                "PLOC": {
                    "__old": 255,
                    "__new": 177
                },
                "LLOC": {
                    "__old": 90,
                    "__new": 97
                },
                "CLOC": {
                    "__old": 49,
                    "__new": 5
                },
                "BLANK": {
                    "__old": 40,
                    "__new": 60
                },
                "COGNITIVE_SUM": {
                    "__old": 42,
                    "__new": 23
                },
                "COGNITIVE_AVG": {
                    "__old": 5.25,
                    "__new": 1.3529411764705883
                },
                "NARGS_SUM": {
                    "__old": 15,
                    "__new": 22
                },
                "NARGS_AVG": {
                    "__old": 1.875,
                    "__new": 1.2941176470588236
                },
                "NEXITS": {
                    "__old": 4,
                    "__new": 17
                },
                "NOM": {
                    "functions": {
                        "__old": 8,
                        "__new": 13
                    },
                    "closures": {
                        "__old": 0,
                        "__new": 4
                    },
                    "total": {
                        "__old": 8,
                        "__new": 17
                    }
                },
                "Halstead": {
                    "n2": {
                        "__old": 115,
                        "__new": 105
                    },
                    "N1": {
                        "__old": 570,
                        "__new": 549
                    },
                    "N2": {
                        "__old": 415,
                        "__new": 330
                    },
                    "Vocabulary": {
                        "__old": 146,
                        "__new": 136
                    },
                    "Length": {
                        "__old": 985,
                        "__new": 879
                    },
                    "Volume": {
                        "__old": 7081.9771904968175,
                        "__new": 6229.879837459048
                    },
                    "Difficulty": {
                        "__old": 55.93478260869565,
                        "__new": 48.714285714285715
                    },
                    "Level": {
                        "__old": 0.017877963466770307,
                        "__new": 0.020527859237536656
                    },
                    "Effort": {
                        "__old": 396128.8545901807,
                        "__new": 303484.1463676479
                    },
                    "Programming time": {
                        "__old": 22007.158588343373,
                        "__new": 16860.23035375822
                    },
                    "Bugs": {
                        "__old": 1.7979173803681505,
                        "__new": 1.5053451393999506
                    },
                    "Estimated program length": {
                        "__old": 940.8114414805963,
                        "__new": 858.575864976936
                    },
                    "Purity ratio": {
                        "__old": 0.9551385192696409,
                        "__new": 0.9767643515095973
                    }
                },
                "Mi": {
                    "Original": {
                        "__old": 22.23200140869568,
                        "__new": 28.59622475214701
                    },
                    "Sei": {
                        "__old": -12.466182327989948,
                        "__new": -19.839270012434973
                    },
                    "Visual Studio": {
                        "__old": 13.001170414441917,
                        "__new": 16.722938451547957
                    }
                }
            }
        ]
    ]
}