{
    "SLOC": {
        "__old": 247,
        "__new": 92
    },
    "PLOC": {
        "__old": 135,
        "__new": 76
    },
    "LLOC": {
        "__old": 56,
        "__new": 64
    },
    "CLOC": {
        "__old": 56,
        "__new": 7
    },
    "BLANK": {
        "__old": 56,
        "__new": 9
    },
    "CC": {
        "__old": 27,
        "__new": 28
    },
    "NEXITS": {
        "__old": 4,
        "__new": 5
    },
    "NOM": {
        "functions": {
            "__old": 4,
            "__new": 11
        },
        "closures": {
            "__old": 0,
            "__new": 1
        },
        "total": {
            "__old": 4,
            "__new": 12
        }
    },
    "HALSTEAD": {
        "n1": {
            "__old": 34,
            "__new": 30
        },
        "n2": {
            "__old": 79,
            "__new": 68
        },
        "N1": {
            "__old": 482,
            "__new": 283
        },
        "N2": {
            "__old": 385,
            "__new": 200
        },
        "Vocabulary": {
            "__old": 113,
            "__new": 98
        },
        "Length": {
            "__old": 867,
            "__new": 483
        },
        "Volume": {
            "__old": 5913.095160413968,
            "__new": 3194.9048547076454
        },
        "Difficulty": {
            "__old": 82.84810126582279,
            "__new": 44.11764705882353
        },
        "Level": {
            "__old": 0.012070282658517952,
            "__new": 0.02266666666666667
        },
        "Effort": {
            "__old": 489888.7066444231,
            "__new": 140951.68476651376
        },
        "Programming time": {
            "__old": 27216.039258023506,
            "__new": 7830.649153695209
        },
        "Bugs": {
            "__old": 2.0714622848378177,
            "__new": 0.9028014739671906
        },
        "Estimated program length": {
            "__old": 670.9724157085027,
            "__new": 561.1541910732786
        },
        "Purity ratio": {
            "__old": 0.7739012868610181,
            "__new": 1.161809919406374
        }
    },
    "MI": {
        "Original": {
            "__old": 30.376300563228924,
            "__new": 49.346599599748785
        },
        "Sei": {
            "__old": 4.499605876006868,
            "__new": 19.06419873801134
        },
        "Visual Studio": {
            "__old": 17.76391845802861,
            "__new": 28.857660584648414
        }
    },
    "files": [
        [
            "~",
            {
                "filename": {
                    "__old": "Assets/C/knucleotide.c",
                    "__new": "Assets/JavaScript/knucleotide.js"
                },
                "SLOC": {
                    "__old": 247,
                    "__new": 92
                },
                "PLOC": {
                    "__old": 135,
                    "__new": 76
                },
                "LLOC": {
                    "__old": 56,
                    "__new": 64
                },
                "CLOC": {
                    "__old": 56,
                    "__new": 7
                },
                "BLANK": {
                    "__old": 56,
                    "__new": 9
                },
                "CC": {
                    "__old": 27,
                    "__new": 28
                },
                "NEXITS": {
                    "__old": 4,
                    "__new": 5
                },
                "NOM": {
                    "functions": {
                        "__old": 4,
                        "__new": 11
                    },
                    "closures": {
                        "__old": 0,
                        "__new": 1
                    },
                    "total": {
                        "__old": 4,
                        "__new": 12
                    }
                },
                "Halstead": {
                    "n1": {
                        "__old": 34,
                        "__new": 30
                    },
                    "n2": {
                        "__old": 79,
                        "__new": 68
                    },
                    "N1": {
                        "__old": 482,
                        "__new": 283
                    },
                    "N2": {
                        "__old": 385,
                        "__new": 200
                    },
                    "Vocabulary": {
                        "__old": 113,
                        "__new": 98
                    },
                    "Length": {
                        "__old": 867,
                        "__new": 483
                    },
                    "Volume": {
                        "__old": 5913.095160413968,
                        "__new": 3194.9048547076454
                    },
                    "Difficulty": {
                        "__old": 82.84810126582279,
                        "__new": 44.11764705882353
                    },
                    "Level": {
                        "__old": 0.012070282658517952,
                        "__new": 0.02266666666666667
                    },
                    "Effort": {
                        "__old": 489888.7066444231,
                        "__new": 140951.68476651376
                    },
                    "Programming time": {
                        "__old": 27216.039258023506,
                        "__new": 7830.649153695209
                    },
                    "Bugs": {
                        "__old": 2.0714622848378177,
                        "__new": 0.9028014739671906
                    },
                    "Estimated program length": {
                        "__old": 670.9724157085027,
                        "__new": 561.1541910732786
                    },
                    "Purity ratio": {
                        "__old": 0.7739012868610181,
                        "__new": 1.161809919406374
                    }
                },
                "Mi": {
                    "Original": {
                        "__old": 30.376300563228924,
                        "__new": 49.346599599748785
                    },
                    "Sei": {
                        "__old": 4.499605876006868,
                        "__new": 19.06419873801134
                    },
                    "Visual Studio": {
                        "__old": 17.76391845802861,
                        "__new": 28.857660584648414
                    }
                }
            }
        ]
    ]
}