{
    "SLOC": {
        "__old": 201,
        "__new": 99
    },
    "PLOC": {
        "__old": 140,
        "__new": 76
    },
    "LLOC": {
        "__old": 60,
        "__new": 51
    },
    "CLOC": {
        "__old": 22,
        "__new": 11
    },
    "BLANK": {
        "__old": 39,
        "__new": 12
    },
    "CC": {
        "__old": 39,
        "__new": 17
    },
    "NEXITS": {
        "__old": 5,
        "__new": 1
    },
    "NOM": {
        "functions": {
            "__old": 7,
            "__new": 3
        },
        "total": {
            "__old": 7,
            "__new": 3
        }
    },
    "HALSTEAD": {
        "n1": {
            "__old": 33,
            "__new": 29
        },
        "n2": {
            "__old": 78,
            "__new": 56
        },
        "N1": {
            "__old": 500,
            "__new": 229
        },
        "N2": {
            "__old": 395,
            "__new": 179
        },
        "Vocabulary": {
            "__old": 111,
            "__new": 85
        },
        "Length": {
            "__old": 895,
            "__new": 408
        },
        "Volume": {
            "__old": 6081.002200383345,
            "__new": 2615.0315019441823
        },
        "Difficulty": {
            "__old": 83.5576923076923,
            "__new": 46.348214285714285
        },
        "Level": {
            "__old": 0.011967779056386652,
            "__new": 0.021575804276632634
        },
        "Effort": {
            "__old": 508114.5107820314,
            "__new": 121202.04041600223
        },
        "Programming time": {
            "__old": 28228.583932335077,
            "__new": 6733.446689777902
        },
        "Bugs": {
            "__old": 2.122526610378524,
            "__new": 0.8163668592877504
        },
        "Estimated program length": {
            "__old": 656.7263790100843,
            "__new": 466.09332449392537
        },
        "Purity ratio": {
            "__old": 0.7337724905140607,
            "__new": 1.142385599249817
        }
    },
    "MI": {
        "Original": {
            "__old": 30.8092515452214,
            "__new": 51.730095027912654
        },
        "Sei": {
            "__old": -2.7623552082978513,
            "__new": 25.34837941970405
        },
        "Visual Studio": {
            "__old": 18.01710616679614,
            "__new": 30.25151756018284
        }
    },
    "files": [
        [
            "~",
            {
                "filename": {
                    "__old": "Assets/C/mandelbrot.c",
                    "__new": "Assets/Javascript/mandelbrot.js"
                },
                "SLOC": {
                    "__old": 201,
                    "__new": 99
                },
                "PLOC": {
                    "__old": 140,
                    "__new": 76
                },
                "LLOC": {
                    "__old": 60,
                    "__new": 51
                },
                "CLOC": {
                    "__old": 22,
                    "__new": 11
                },
                "BLANK": {
                    "__old": 39,
                    "__new": 12
                },
                "CC": {
                    "__old": 39,
                    "__new": 17
                },
                "NEXITS": {
                    "__old": 5,
                    "__new": 1
                },
                "NOM": {
                    "functions": {
                        "__old": 7,
                        "__new": 3
                    },
                    "total": {
                        "__old": 7,
                        "__new": 3
                    }
                },
                "Halstead": {
                    "n1": {
                        "__old": 33,
                        "__new": 29
                    },
                    "n2": {
                        "__old": 78,
                        "__new": 56
                    },
                    "N1": {
                        "__old": 500,
                        "__new": 229
                    },
                    "N2": {
                        "__old": 395,
                        "__new": 179
                    },
                    "Vocabulary": {
                        "__old": 111,
                        "__new": 85
                    },
                    "Length": {
                        "__old": 895,
                        "__new": 408
                    },
                    "Volume": {
                        "__old": 6081.002200383345,
                        "__new": 2615.0315019441823
                    },
                    "Difficulty": {
                        "__old": 83.5576923076923,
                        "__new": 46.348214285714285
                    },
                    "Level": {
                        "__old": 0.011967779056386652,
                        "__new": 0.021575804276632634
                    },
                    "Effort": {
                        "__old": 508114.5107820314,
                        "__new": 121202.04041600223
                    },
                    "Programming time": {
                        "__old": 28228.583932335077,
                        "__new": 6733.446689777902
                    },
                    "Bugs": {
                        "__old": 2.122526610378524,
                        "__new": 0.8163668592877504
                    },
                    "Estimated program length": {
                        "__old": 656.7263790100843,
                        "__new": 466.09332449392537
                    },
                    "Purity ratio": {
                        "__old": 0.7337724905140607,
                        "__new": 1.142385599249817
                    }
                },
                "Mi": {
                    "Original": {
                        "__old": 30.8092515452214,
                        "__new": 51.730095027912654
                    },
                    "Sei": {
                        "__old": -2.7623552082978513,
                        "__new": 25.34837941970405
                    },
                    "Visual Studio": {
                        "__old": 18.01710616679614,
                        "__new": 30.25151756018284
                    }
                }
            }
        ]
    ]
}