{
    "SLOC": {
        "__old": 160,
        "__new": 162
    },
    "PLOC": {
        "__old": 128,
        "__new": 135
    },
    "LLOC": {
        "__old": 39,
        "__new": 79
    },
    "CLOC": {
        "__old": 13,
        "__new": 3
    },
    "BLANK": {
        "__old": 19,
        "__new": 24
    },
    "CC_SUM": {
        "__old": 28,
        "__new": 18
    },
    "CC_AVG": {
        "__old": 2.5454545454545454,
        "__new": 1.6363636363636365
    },
    "COGNITIVE_SUM": {
        "__old": 30,
        "__new": 9
    },
    "COGNITIVE_AVG": {
        "__old": 7.5,
        "__new": 0.9
    },
    "NARGS_SUM": {
        "__old": 9,
        "__new": 12
    },
    "NARGS_AVG": {
        "__old": 2.25,
        "__new": 1.2
    },
    "NEXITS": {
        "__old": 2,
        "__new": 7
    },
    "NOM": {
        "functions": {
            "__old": 4,
            "__new": 10
        },
        "total": {
            "__old": 4,
            "__new": 10
        }
    },
    "HALSTEAD": {
        "n1": {
            "__old": 19,
            "__new": 18
        },
        "n2": {
            "__old": 85,
            "__new": 80
        },
        "N1": {
            "__old": 534,
            "__new": 410
        },
        "N2": {
            "__old": 429,
            "__new": 311
        },
        "Vocabulary": {
            "__old": 104,
            "__new": 98
        },
        "Length": {
            "__old": 963,
            "__new": 721
        },
        "Volume": {
            "__old": 6452.523448569871,
            "__new": 4769.2057976070655
        },
        "Difficulty": {
            "__old": 47.94705882352941,
            "__new": 34.9875
        },
        "Level": {
            "__old": 0.020856336645810332,
            "__new": 0.0285816362986781
        },
        "Effort": {
            "__old": 309379.52134878247,
            "__new": 166862.5878437772
        },
        "Programming time": {
            "__old": 17187.75118604347,
            "__new": 9270.143769098733
        },
        "Bugs": {
            "__old": 1.5247774273398966,
            "__new": 1.0103024242212915
        },
        "Estimated program length": {
            "__old": 625.5088523271327,
            "__new": 580.8128976169506
        },
        "Purity ratio": {
            "__old": 0.6495419027280713,
            "__new": 0.8055657387197651
        }
    },
    "MI": {
        "Original": {
            "__old": 36.72660605201497,
            "__new": 40.39727700229028
        },
        "Sei": {
            "__old": 1.5041821017136954,
            "__new": -5.12412539241763
        },
        "Visual Studio": {
            "__old": 21.477547398839164,
            "__new": 23.624138597830573
        }
    },
    "files": [
        [
            "~",
            {
                "filename": {
                    "__old": "Assets/C/nbody.c",
                    "__new": "Assets/JavaScript/nbody.js"
                },
                "SLOC": {
                    "__old": 160,
                    "__new": 162
                },
                "PLOC": {
                    "__old": 128,
                    "__new": 135
                },
                "LLOC": {
                    "__old": 39,
                    "__new": 79
                },
                "CLOC": {
                    "__old": 13,
                    "__new": 3
                },
                "BLANK": {
                    "__old": 19,
                    "__new": 24
                },
                "CC_SUM": {
                    "__old": 28,
                    "__new": 18
                },
                "CC_AVG": {
                    "__old": 2.5454545454545454,
                    "__new": 1.6363636363636365
                },
                "COGNITIVE_SUM": {
                    "__old": 30,
                    "__new": 9
                },
                "COGNITIVE_AVG": {
                    "__old": 7.5,
                    "__new": 0.9
                },
                "NARGS_SUM": {
                    "__old": 9,
                    "__new": 12
                },
                "NARGS_AVG": {
                    "__old": 2.25,
                    "__new": 1.2
                },
                "NEXITS": {
                    "__old": 2,
                    "__new": 7
                },
                "NOM": {
                    "functions": {
                        "__old": 4,
                        "__new": 10
                    },
                    "total": {
                        "__old": 4,
                        "__new": 10
                    }
                },
                "Halstead": {
                    "n1": {
                        "__old": 19,
                        "__new": 18
                    },
                    "n2": {
                        "__old": 85,
                        "__new": 80
                    },
                    "N1": {
                        "__old": 534,
                        "__new": 410
                    },
                    "N2": {
                        "__old": 429,
                        "__new": 311
                    },
                    "Vocabulary": {
                        "__old": 104,
                        "__new": 98
                    },
                    "Length": {
                        "__old": 963,
                        "__new": 721
                    },
                    "Volume": {
                        "__old": 6452.523448569871,
                        "__new": 4769.2057976070655
                    },
                    "Difficulty": {
                        "__old": 47.94705882352941,
                        "__new": 34.9875
                    },
                    "Level": {
                        "__old": 0.020856336645810332,
                        "__new": 0.0285816362986781
                    },
                    "Effort": {
                        "__old": 309379.52134878247,
                        "__new": 166862.5878437772
                    },
                    "Programming time": {
                        "__old": 17187.75118604347,
                        "__new": 9270.143769098733
                    },
                    "Bugs": {
                        "__old": 1.5247774273398966,
                        "__new": 1.0103024242212915
                    },
                    "Estimated program length": {
                        "__old": 625.5088523271327,
                        "__new": 580.8128976169506
                    },
                    "Purity ratio": {
                        "__old": 0.6495419027280713,
                        "__new": 0.8055657387197651
                    }
                },
                "Mi": {
                    "Original": {
                        "__old": 36.72660605201497,
                        "__new": 40.39727700229028
                    },
                    "Sei": {
                        "__old": 1.5041821017136954,
                        "__new": -5.12412539241763
                    },
                    "Visual Studio": {
                        "__old": 21.477547398839164,
                        "__new": 23.624138597830573
                    }
                }
            }
        ]
    ]
}