{
    "SLOC": {
        "__old": 208,
        "__new": 33
    },
    "PLOC": {
        "__old": 111,
        "__new": 22
    },
    "LLOC": {
        "__old": 38,
        "__new": 10
    },
    "CLOC": {
        "__old": 51,
        "__new": 8
    },
    "BLANK": {
        "__old": 46,
        "__new": 3
    },
    "CC": {
        "__old": 12,
        "__new": 4
    },
    "NEXITS": {
        "__old": 1,
        "__new": 0
    },
    "NOM": {
        "functions": {
            "__old": 2,
            "__new": 0
        },
        "total": {
            "__old": 2,
            "__new": 0
        }
    },
    "HALSTEAD": {
        "n1": {
            "__old": 26,
            "__new": 14
        },
        "n2": {
            "__old": 77,
            "__new": 23
        },
        "N1": {
            "__old": 410,
            "__new": 113
        },
        "N2": {
            "__old": 328,
            "__new": 50
        },
        "Vocabulary": {
            "__old": 103,
            "__new": 37
        },
        "Length": {
            "__old": 738,
            "__new": 163
        },
        "Volume": {
            "__old": 4934.637389061215,
            "__new": 849.1408985975189
        },
        "Difficulty": {
            "__old": 55.37662337662338,
            "__new": 15.217391304347826
        },
        "Level": {
            "__old": 0.018058161350844277,
            "__new": 0.06571428571428571
        },
        "Effort": {
            "__old": 273263.55619424704,
            "__new": 12921.709326483984
        },
        "Programming time": {
            "__old": 15181.308677458168,
            "__new": 717.8727403602213
        },
        "Bugs": {
            "__old": 1.4036749703370608,
            "__new": 0.18355183201932318
        },
        "Estimated program length": {
            "__old": 604.7539963051757,
            "__new": 157.34489389811776
        },
        "Purity ratio": {
            "__old": 0.819449859492108,
            "__new": 0.9653060975344648
        }
    },
    "MI": {
        "Original": {
            "__old": 37.550903855613285,
            "__new": 78.36660682386069
        },
        "Sei": {
            "__old": 14.398456559195303,
            "__new": 72.31187482648421
        },
        "Visual Studio": {
            "__old": 21.959592898019466,
            "__new": 45.82842504319339
        }
    },
    "files": [
        [
            "~",
            {
                "filename": {
                    "__old": "Assets/C/regexredux.c",
                    "__new": "Assets/Javascript/regexredux.js"
                },
                "SLOC": {
                    "__old": 208,
                    "__new": 33
                },
                "PLOC": {
                    "__old": 111,
                    "__new": 22
                },
                "LLOC": {
                    "__old": 38,
                    "__new": 10
                },
                "CLOC": {
                    "__old": 51,
                    "__new": 8
                },
                "BLANK": {
                    "__old": 46,
                    "__new": 3
                },
                "CC": {
                    "__old": 12,
                    "__new": 4
                },
                "NEXITS": {
                    "__old": 1,
                    "__new": 0
                },
                "NOM": {
                    "functions": {
                        "__old": 2,
                        "__new": 0
                    },
                    "total": {
                        "__old": 2,
                        "__new": 0
                    }
                },
                "Halstead": {
                    "n1": {
                        "__old": 26,
                        "__new": 14
                    },
                    "n2": {
                        "__old": 77,
                        "__new": 23
                    },
                    "N1": {
                        "__old": 410,
                        "__new": 113
                    },
                    "N2": {
                        "__old": 328,
                        "__new": 50
                    },
                    "Vocabulary": {
                        "__old": 103,
                        "__new": 37
                    },
                    "Length": {
                        "__old": 738,
                        "__new": 163
                    },
                    "Volume": {
                        "__old": 4934.637389061215,
                        "__new": 849.1408985975189
                    },
                    "Difficulty": {
                        "__old": 55.37662337662338,
                        "__new": 15.217391304347826
                    },
                    "Level": {
                        "__old": 0.018058161350844277,
                        "__new": 0.06571428571428571
                    },
                    "Effort": {
                        "__old": 273263.55619424704,
                        "__new": 12921.709326483984
                    },
                    "Programming time": {
                        "__old": 15181.308677458168,
                        "__new": 717.8727403602213
                    },
                    "Bugs": {
                        "__old": 1.4036749703370608,
                        "__new": 0.18355183201932318
                    },
                    "Estimated program length": {
                        "__old": 604.7539963051757,
                        "__new": 157.34489389811776
                    },
                    "Purity ratio": {
                        "__old": 0.819449859492108,
                        "__new": 0.9653060975344648
                    }
                },
                "Mi": {
                    "Original": {
                        "__old": 37.550903855613285,
                        "__new": 78.36660682386069
                    },
                    "Sei": {
                        "__old": 14.398456559195303,
                        "__new": 72.31187482648421
                    },
                    "Visual Studio": {
                        "__old": 21.959592898019466,
                        "__new": 45.82842504319339
                    }
                }
            }
        ]
    ]
}