{
    "SLOC": {
        "__old": 151,
        "__new": 186
    },
    "PLOC": {
        "__old": 77,
        "__new": 148
    },
    "LLOC": {
        "__old": 37,
        "__new": 110
    },
    "CLOC": {
        "__old": 41,
        "__new": 20
    },
    "BLANK": {
        "__old": 33,
        "__new": 18
    },
    "CC_SUM": {
        "__old": 17,
        "__new": 24
    },
    "CC_AVG": {
        "__old": 5.666666666666667,
        "__new": 4.8
    },
    "COGNITIVE_SUM": {
        "__old": 21,
        "__new": 40
    },
    "COGNITIVE_AVG": {
        "__old": 10.5,
        "__new": 10
    },
    "NARGS_AVG": {
        "__old": 1.5,
        "__new": 0.75
    },
    "NEXITS": {
        "__old": 1,
        "__new": 2
    },
    "NOM": {
        "functions": {
            "__old": 2,
            "__new": 4
        },
        "total": {
            "__old": 2,
            "__new": 4
        }
    },
    "HALSTEAD": {
        "n1": {
            "__old": 25,
            "__new": 29
        },
        "n2": {
            "__old": 29,
            "__new": 69
        },
        "N1": {
            "__old": 194,
            "__new": 439
        },
        "N2": {
            "__old": 128,
            "__new": 290
        },
        "Vocabulary": {
            "__old": 54,
            "__new": 98
        },
        "Length": {
            "__old": 322,
            "__new": 729
        },
        "Volume": {
            "__old": 1853.0737756966369,
            "__new": 4822.123476359987
        },
        "Difficulty": {
            "__old": 55.172413793103445,
            "__new": 60.94202898550725
        },
        "Level": {
            "__old": 0.018125000000000002,
            "__new": 0.016409036860879904
        },
        "Effort": {
            "__old": 102238.5531418834,
            "__new": 293869.9886680253
        },
        "Programming time": {
            "__old": 5679.919618993522,
            "__new": 16326.110481556962
        },
        "Bugs": {
            "__old": 0.7288226738088915,
            "__new": 1.4733827109553517
        },
        "Estimated program length": {
            "__old": 256.9778536030677,
            "__new": 562.3696363763933
        },
        "Purity ratio": {
            "__old": 0.7980678683325083,
            "__new": 0.7714261129991677
        }
    },
    "MI": {
        "Original": {
            "__old": 46.68214123724049,
            "__new": 36.72186162633774
        },
        "Sei": {
            "__old": 29.49766081859525,
            "__new": 4.042833620573553
        },
        "Visual Studio": {
            "__old": 27.29949779955584,
            "__new": 21.474772880899263
        }
    },
    "files": [
        [
            "~",
            {
                "filename": {
                    "__old": "Assets/C/revcomp.c",
                    "__new": "Assets/JavaScript/revcomp.js"
                },
                "SLOC": {
                    "__old": 151,
                    "__new": 186
                },
                "PLOC": {
                    "__old": 77,
                    "__new": 148
                },
                "LLOC": {
                    "__old": 37,
                    "__new": 110
                },
                "CLOC": {
                    "__old": 41,
                    "__new": 20
                },
                "BLANK": {
                    "__old": 33,
                    "__new": 18
                },
                "CC_SUM": {
                    "__old": 17,
                    "__new": 24
                },
                "CC_AVG": {
                    "__old": 5.666666666666667,
                    "__new": 4.8
                },
                "COGNITIVE_SUM": {
                    "__old": 21,
                    "__new": 40
                },
                "COGNITIVE_AVG": {
                    "__old": 10.5,
                    "__new": 10
                },
                "NARGS_AVG": {
                    "__old": 1.5,
                    "__new": 0.75
                },
                "NEXITS": {
                    "__old": 1,
                    "__new": 2
                },
                "NOM": {
                    "functions": {
                        "__old": 2,
                        "__new": 4
                    },
                    "total": {
                        "__old": 2,
                        "__new": 4
                    }
                },
                "Halstead": {
                    "n1": {
                        "__old": 25,
                        "__new": 29
                    },
                    "n2": {
                        "__old": 29,
                        "__new": 69
                    },
                    "N1": {
                        "__old": 194,
                        "__new": 439
                    },
                    "N2": {
                        "__old": 128,
                        "__new": 290
                    },
                    "Vocabulary": {
                        "__old": 54,
                        "__new": 98
                    },
                    "Length": {
                        "__old": 322,
                        "__new": 729
                    },
                    "Volume": {
                        "__old": 1853.0737756966369,
                        "__new": 4822.123476359987
                    },
                    "Difficulty": {
                        "__old": 55.172413793103445,
                        "__new": 60.94202898550725
                    },
                    "Level": {
                        "__old": 0.018125000000000002,
                        "__new": 0.016409036860879904
                    },
                    "Effort": {
                        "__old": 102238.5531418834,
                        "__new": 293869.9886680253
                    },
                    "Programming time": {
                        "__old": 5679.919618993522,
                        "__new": 16326.110481556962
                    },
                    "Bugs": {
                        "__old": 0.7288226738088915,
                        "__new": 1.4733827109553517
                    },
                    "Estimated program length": {
                        "__old": 256.9778536030677,
                        "__new": 562.3696363763933
                    },
                    "Purity ratio": {
                        "__old": 0.7980678683325083,
                        "__new": 0.7714261129991677
                    }
                },
                "Mi": {
                    "Original": {
                        "__old": 46.68214123724049,
                        "__new": 36.72186162633774
                    },
                    "Sei": {
                        "__old": 29.49766081859525,
                        "__new": 4.042833620573553
                    },
                    "Visual Studio": {
                        "__old": 27.29949779955584,
                        "__new": 21.474772880899263
                    }
                }
            }
        ]
    ]
}