{
    "SLOC": {
        "__old": 255,
        "__new": 50
    },
    "PLOC": {
        "__old": 156,
        "__new": 39
    },
    "LLOC": {
        "__old": 44,
        "__new": 42
    },
    "CLOC": {
        "__old": 63,
        "__new": 5
    },
    "BLANK": {
        "__old": 36,
        "__new": 6
    },
    "CC": {
        "__old": 28,
        "__new": 13
    },
    "NEXITS": {
        "__old": 6,
        "__new": 2
    },
    "NOM": {
        "functions": {
            "__old": 9,
            "__new": 5
        },
        "total": {
            "__old": 9,
            "__new": 5
        }
    },
    "HALSTEAD": {
        "n1": {
            "__old": 25,
            "__new": 16
        },
        "n2": {
            "__old": 67,
            "__new": 23
        },
        "N1": {
            "__old": 506,
            "__new": 146
        },
        "N2": {
            "__old": 363,
            "__new": 135
        },
        "Vocabulary": {
            "__old": 92,
            "__new": 39
        },
        "Length": {
            "__old": 869,
            "__new": 281
        },
        "Volume": {
            "__old": 5668.975339813544,
            "__new": 1485.1980235002918
        },
        "Difficulty": {
            "__old": 67.72388059701493,
            "__new": 46.95652173913044
        },
        "Level": {
            "__old": 0.014765840220385676,
            "__new": 0.021296296296296296
        },
        "Effort": {
            "__old": 383925.0090209546,
            "__new": 69739.73327740502
        },
        "Programming time": {
            "__old": 21329.167167830812,
            "__new": 3874.4296265225007
        },
        "Bugs": {
            "__old": 1.7607985856908024,
            "__new": 0.5647621722518612
        },
        "Estimated program length": {
            "__old": 522.5243805050388,
            "__new": 168.0419249893113
        },
        "Purity ratio": {
            "__old": 0.6012938786018859,
            "__new": 0.5980139679334922
        }
    },
    "MI": {
        "Original": {
            "__old": 29.84915951402978,
            "__new": 66.65804967623784
        },
        "Sei": {
            "__old": 5.021060152791847,
            "__new": 45.316836002428744
        },
        "Visual Studio": {
            "__old": 17.455648838613907,
            "__new": 38.981315600139084
        }
    },
    "files": [
        [
            "~",
            {
                "filename": {
                    "__old": "Assets/C/spectralnorm.c",
                    "__new": "Assets/JavaScript/spectralnorm.js"
                },
                "SLOC": {
                    "__old": 255,
                    "__new": 50
                },
                "PLOC": {
                    "__old": 156,
                    "__new": 39
                },
                "LLOC": {
                    "__old": 44,
                    "__new": 42
                },
                "CLOC": {
                    "__old": 63,
                    "__new": 5
                },
                "BLANK": {
                    "__old": 36,
                    "__new": 6
                },
                "CC": {
                    "__old": 28,
                    "__new": 13
                },
                "COGNITIVE": {
                    "__old": 16,
                    "__new": 9
                },
                "NEXITS": {
                    "__old": 6,
                    "__new": 2
                },
                "NOM": {
                    "functions": {
                        "__old": 9,
                        "__new": 5
                    },
                    "total": {
                        "__old": 9,
                        "__new": 5
                    }
                },
                "Halstead": {
                    "n1": {
                        "__old": 25,
                        "__new": 16
                    },
                    "n2": {
                        "__old": 67,
                        "__new": 23
                    },
                    "N1": {
                        "__old": 506,
                        "__new": 146
                    },
                    "N2": {
                        "__old": 363,
                        "__new": 135
                    },
                    "Vocabulary": {
                        "__old": 92,
                        "__new": 39
                    },
                    "Length": {
                        "__old": 869,
                        "__new": 281
                    },
                    "Volume": {
                        "__old": 5668.975339813544,
                        "__new": 1485.1980235002918
                    },
                    "Difficulty": {
                        "__old": 67.72388059701493,
                        "__new": 46.95652173913044
                    },
                    "Level": {
                        "__old": 0.014765840220385676,
                        "__new": 0.021296296296296296
                    },
                    "Effort": {
                        "__old": 383925.0090209546,
                        "__new": 69739.73327740502
                    },
                    "Programming time": {
                        "__old": 21329.167167830812,
                        "__new": 3874.4296265225007
                    },
                    "Bugs": {
                        "__old": 1.7607985856908024,
                        "__new": 0.5647621722518612
                    },
                    "Estimated program length": {
                        "__old": 522.5243805050388,
                        "__new": 168.0419249893113
                    },
                    "Purity ratio": {
                        "__old": 0.6012938786018859,
                        "__new": 0.5980139679334922
                    }
                },
                "Mi": {
                    "Original": {
                        "__old": 29.84915951402978,
                        "__new": 66.65804967623784
                    },
                    "Sei": {
                        "__old": 5.021060152791847,
                        "__new": 45.316836002428744
                    },
                    "Visual Studio": {
                        "__old": 17.455648838613907,
                        "__new": 38.981315600139084
                    }
                }
            }
        ]
    ]
}