{
    "SLOC": {
        "__old": 50,
        "__new": 58
    },
    "PLOC": {
        "__old": 36,
        "__new": 41
    },
    "LLOC": {
        "__old": 25,
        "__new": 24
    },
    "CLOC": {
        "__old": 5,
        "__new": 7
    },
    "BLANK": {
        "__old": 9,
        "__new": 10
    },
    "CC": {
        "__old": 8,
        "__new": 9
    },
    "HALSTEAD": {
        "n1": {
            "__old": 20,
            "__new": 21
        },
        "n2": {
            "__old": 27,
            "__new": 26
        },
        "N2": {
            "__old": 85,
            "__new": 77
        },
        "Length": {
            "__old": 200,
            "__new": 192
        },
        "Volume": {
            "__old": 1110.9177703355276,
            "__new": 1066.4810595221065
        },
        "Difficulty": {
            "__old": 31.48148148148148,
            "__new": 31.096153846153847
        },
        "Level": {
            "__old": 0.031764705882352945,
            "__new": 0.032158317872603585
        },
        "Effort": {
            "__old": 34973.33721426661,
            "__new": 33163.459100908585
        },
        "Programming time": {
            "__old": 1942.9631785703673,
            "__new": 1842.4143944949215
        },
        "Bugs": {
            "__old": 0.35648133497983825,
            "__new": 0.3440740826917404
        },
        "Estimated program length": {
            "__old": 214.8205244561609,
            "__new": 214.45009855002235
        },
        "Purity ratio": {
            "__old": 1.0741026222808046,
            "__new": 1.1169275966146996
        }
    },
    "MI": {
        "Original": {
            "__old": 69.31793009349876,
            "__new": 66.89580038208805
        },
        "Sei": {
            "__old": 48.64513299274641,
            "__new": 47.35516817393005
        },
        "Visual Studio": {
            "__old": 40.53680122426828,
            "__new": 39.12035110063629
        }
    },
    "files": [
        [
            "~",
            {
                "filename": {
                    "__old": "Assets/JavaScript/binarytrees.js",
                    "__new": "Assets/TypeScript/binarytrees.ts"
                },
                "SLOC": {
                    "__old": 50,
                    "__new": 58
                },
                "PLOC": {
                    "__old": 36,
                    "__new": 41
                },
                "LLOC": {
                    "__old": 25,
                    "__new": 24
                },
                "CLOC": {
                    "__old": 5,
                    "__new": 7
                },
                "BLANK": {
                    "__old": 9,
                    "__new": 10
                },
                "CC": {
                    "__old": 8,
                    "__new": 9
                },
                "Halstead": {
                    "n1": {
                        "__old": 20,
                        "__new": 21
                    },
                    "n2": {
                        "__old": 27,
                        "__new": 26
                    },
                    "N2": {
                        "__old": 85,
                        "__new": 77
                    },
                    "Length": {
                        "__old": 200,
                        "__new": 192
                    },
                    "Volume": {
                        "__old": 1110.9177703355276,
                        "__new": 1066.4810595221065
                    },
                    "Difficulty": {
                        "__old": 31.48148148148148,
                        "__new": 31.096153846153847
                    },
                    "Level": {
                        "__old": 0.031764705882352945,
                        "__new": 0.032158317872603585
                    },
                    "Effort": {
                        "__old": 34973.33721426661,
                        "__new": 33163.459100908585
                    },
                    "Programming time": {
                        "__old": 1942.9631785703673,
                        "__new": 1842.4143944949215
                    },
                    "Bugs": {
                        "__old": 0.35648133497983825,
                        "__new": 0.3440740826917404
                    },
                    "Estimated program length": {
                        "__old": 214.8205244561609,
                        "__new": 214.45009855002235
                    },
                    "Purity ratio": {
                        "__old": 1.0741026222808046,
                        "__new": 1.1169275966146996
                    }
                },
                "Mi": {
                    "Original": {
                        "__old": 69.31793009349876,
                        "__new": 66.89580038208805
                    },
                    "Sei": {
                        "__old": 48.64513299274641,
                        "__new": 47.35516817393005
                    },
                    "Visual Studio": {
                        "__old": 40.53680122426828,
                        "__new": 39.12035110063629
                    }
                }
            }
        ]
    ]
}