{
    "SLOC": {
        "__old": 52,
        "__new": 64
    },
    "PLOC": {
        "__old": 41,
        "__new": 46
    },
    "LLOC": {
        "__old": 60,
        "__new": 58
    },
    "CLOC": {
        "__old": 16,
        "__new": 7
    },
    "BLANK": {
        "__old": 0,
        "__new": 11
    },
    "CC": {
        "__old": 16,
        "__new": 14
    },
    "NEXITS": {
        "__old": 1,
        "__new": 2
    },
    "HALSTEAD": {
        "n1": {
            "__old": 25,
            "__new": 26
        },
        "N1": {
            "__old": 182,
            "__new": 156
        },
        "N2": {
            "__old": 162,
            "__new": 146
        },
        "Vocabulary": {
            "__old": 52,
            "__new": 53
        },
        "Length": {
            "__old": 344,
            "__new": 302
        },
        "Volume": {
            "__old": 1960.9512630405357,
            "__new": 1729.831977278086
        },
        "Difficulty": {
            "__old": 75,
            "__new": 70.29629629629629
        },
        "Level": {
            "__old": 0.013333333333333334,
            "__new": 0.014225500526870391
        },
        "Effort": {
            "__old": 147071.34472804016,
            "__new": 121600.78121754841
        },
        "Programming time": {
            "__old": 8170.630262668898,
            "__new": 6755.598956530467
        },
        "Bugs": {
            "__old": 0.9287470646953468,
            "__new": 0.8181563811397001
        },
        "Estimated program length": {
            "__old": 244.47836730278175,
            "__new": 250.59339523008202
        },
        "Purity ratio": {
            "__old": 0.7106929282057609,
            "__new": 0.8297794544042452
        }
    },
    "MI": {
        "Original": {
            "__old": 63.887689900566386,
            "__new": 61.63604033853822
        },
        "Sei": {
            "__old": 55.96923838032948,
            "__new": 39.15787082613978
        },
        "Visual Studio": {
            "__old": 37.36122216407391,
            "__new": 36.04446803423288
        }
    },
    "files": [
        [
            "~",
            {
                "filename": {
                    "__old": "Assets/JavaScript/fannkuchredux.js",
                    "__new": "Assets/TypeScript/fannkuchredux.ts"
                },
                "SLOC": {
                    "__old": 52,
                    "__new": 64
                },
                "PLOC": {
                    "__old": 41,
                    "__new": 46
                },
                "LLOC": {
                    "__old": 60,
                    "__new": 58
                },
                "CLOC": {
                    "__old": 16,
                    "__new": 7
                },
                "BLANK": {
                    "__old": 0,
                    "__new": 11
                },
                "CC": {
                    "__old": 16,
                    "__new": 14
                },
                "NEXITS": {
                    "__old": 1,
                    "__new": 2
                },
                "Halstead": {
                    "n1": {
                        "__old": 25,
                        "__new": 26
                    },
                    "N1": {
                        "__old": 182,
                        "__new": 156
                    },
                    "N2": {
                        "__old": 162,
                        "__new": 146
                    },
                    "Vocabulary": {
                        "__old": 52,
                        "__new": 53
                    },
                    "Length": {
                        "__old": 344,
                        "__new": 302
                    },
                    "Volume": {
                        "__old": 1960.9512630405357,
                        "__new": 1729.831977278086
                    },
                    "Difficulty": {
                        "__old": 75,
                        "__new": 70.29629629629629
                    },
                    "Level": {
                        "__old": 0.013333333333333334,
                        "__new": 0.014225500526870391
                    },
                    "Effort": {
                        "__old": 147071.34472804016,
                        "__new": 121600.78121754841
                    },
                    "Programming time": {
                        "__old": 8170.630262668898,
                        "__new": 6755.598956530467
                    },
                    "Bugs": {
                        "__old": 0.9287470646953468,
                        "__new": 0.8181563811397001
                    },
                    "Estimated program length": {
                        "__old": 244.47836730278175,
                        "__new": 250.59339523008202
                    },
                    "Purity ratio": {
                        "__old": 0.7106929282057609,
                        "__new": 0.8297794544042452
                    }
                },
                "Mi": {
                    "Original": {
                        "__old": 63.887689900566386,
                        "__new": 61.63604033853822
                    },
                    "Sei": {
                        "__old": 55.96923838032948,
                        "__new": 39.15787082613978
                    },
                    "Visual Studio": {
                        "__old": 37.36122216407391,
                        "__new": 36.04446803423288
                    }
                }
            }
        ]
    ]
}