{
    "SLOC": {
        "__old": 242,
        "__new": 128
    },
    "PLOC": {
        "__old": 177,
        "__new": 105
    },
    "LLOC": {
        "__old": 97,
        "__new": 65
    },
    "CLOC": {
        "__old": 5,
        "__new": 8
    },
    "BLANK": {
        "__old": 60,
        "__new": 15
    },
    "CC": {
        "__old": 35,
        "__new": 23
    },
    "COGNITIVE_SUM": {
        "__old": 23,
        "__new": 28
    },
    "COGNITIVE_AVG": {
        "__old": 1.3529411764705883,
        "__new": 4.666666666666667
    },
    "NARGS_SUM": {
        "__old": 22,
        "__new": 8
    },
    "NARGS_AVG": {
        "__old": 1.2941176470588236,
        "__new": 1.3333333333333333
    },
    "NEXITS": {
        "__old": 17,
        "__new": 1
    },
    "NOM": {
        "functions": {
            "__old": 13,
            "__new": 6
        },
        "closures": {
            "__old": 4,
            "__new": 0
        },
        "total": {
            "__old": 17,
            "__new": 6
        }
    },
    "HALSTEAD": {
        "n1": {
            "__old": 31,
            "__new": 27
        },
        "n2": {
            "__old": 105,
            "__new": 82
        },
        "N1": {
            "__old": 549,
            "__new": 482
        },
        "N2": {
            "__old": 330,
            "__new": 302
        },
        "Vocabulary": {
            "__old": 136,
            "__new": 109
        },
        "Length": {
            "__old": 879,
            "__new": 784
        },
        "Volume": {
            "__old": 6229.879837459048,
            "__new": 5306.25651062511
        },
        "Difficulty": {
            "__old": 48.714285714285715,
            "__new": 49.71951219512195
        },
        "Level": {
            "__old": 0.020527859237536656,
            "__new": 0.020112828059847928
        },
        "Effort": {
            "__old": 303484.1463676479,
            "__new": 263824.4852904704
        },
        "Programming time": {
            "__old": 16860.23035375822,
            "__new": 14656.915849470579
        },
        "Bugs": {
            "__old": 1.5053451393999506,
            "__new": 1.3711621351267889
        },
        "Estimated program length": {
            "__old": 858.575864976936,
            "__new": 649.7012269370965
        },
        "Purity ratio": {
            "__old": 0.9767643515095973,
            "__new": 0.8287005445626231
        }
    },
    "MI": {
        "Original": {
            "__old": 28.59622475214701,
            "__new": 42.508571963936674
        },
        "Sei": {
            "__old": -19.839270012434973,
            "__new": 6.852322535981969
        },
        "Visual Studio": {
            "__old": 16.722938451547957,
            "__new": 24.858814013998057
        }
    },
    "files": [
        [
            "~",
            {
                "filename": {
                    "__old": "Assets/JavaScript/fasta.js",
                    "__new": "Assets/TypeScript/fasta.ts"
                },
                "SLOC": {
                    "__old": 242,
                    "__new": 128
                },
                "PLOC": {
                    "__old": 177,
                    "__new": 105
                },
                "LLOC": {
                    "__old": 97,
                    "__new": 65
                },
                "CLOC": {
                    "__old": 5,
                    "__new": 8
                },
                "BLANK": {
                    "__old": 60,
                    "__new": 15
                },
                "CC": {
                    "__old": 35,
                    "__new": 23
                },
                "COGNITIVE_SUM": {
                    "__old": 23,
                    "__new": 28
                },
                "COGNITIVE_AVG": {
                    "__old": 1.3529411764705883,
                    "__new": 4.666666666666667
                },
                "NARGS_SUM": {
                    "__old": 22,
                    "__new": 8
                },
                "NARGS_AVG": {
                    "__old": 1.2941176470588236,
                    "__new": 1.3333333333333333
                },
                "NEXITS": {
                    "__old": 17,
                    "__new": 1
                },
                "NOM": {
                    "functions": {
                        "__old": 13,
                        "__new": 6
                    },
                    "closures": {
                        "__old": 4,
                        "__new": 0
                    },
                    "total": {
                        "__old": 17,
                        "__new": 6
                    }
                },
                "Halstead": {
                    "n1": {
                        "__old": 31,
                        "__new": 27
                    },
                    "n2": {
                        "__old": 105,
                        "__new": 82
                    },
                    "N1": {
                        "__old": 549,
                        "__new": 482
                    },
                    "N2": {
                        "__old": 330,
                        "__new": 302
                    },
                    "Vocabulary": {
                        "__old": 136,
                        "__new": 109
                    },
                    "Length": {
                        "__old": 879,
                        "__new": 784
                    },
                    "Volume": {
                        "__old": 6229.879837459048,
                        "__new": 5306.25651062511
                    },
                    "Difficulty": {
                        "__old": 48.714285714285715,
                        "__new": 49.71951219512195
                    },
                    "Level": {
                        "__old": 0.020527859237536656,
                        "__new": 0.020112828059847928
                    },
                    "Effort": {
                        "__old": 303484.1463676479,
                        "__new": 263824.4852904704
                    },
                    "Programming time": {
                        "__old": 16860.23035375822,
                        "__new": 14656.915849470579
                    },
                    "Bugs": {
                        "__old": 1.5053451393999506,
                        "__new": 1.3711621351267889
                    },
                    "Estimated program length": {
                        "__old": 858.575864976936,
                        "__new": 649.7012269370965
                    },
                    "Purity ratio": {
                        "__old": 0.9767643515095973,
                        "__new": 0.8287005445626231
                    }
                },
                "Mi": {
                    "Original": {
                        "__old": 28.59622475214701,
                        "__new": 42.508571963936674
                    },
                    "Sei": {
                        "__old": -19.839270012434973,
                        "__new": 6.852322535981969
                    },
                    "Visual Studio": {
                        "__old": 16.722938451547957,
                        "__new": 24.858814013998057
                    }
                }
            }
        ]
    ]
}