{
    "SLOC": {
        "__old": 92,
        "__new": 78
    },
    "PLOC": {
        "__old": 76,
        "__new": 63
    },
    "LLOC": {
        "__old": 64,
        "__new": 42
    },
    "CLOC": {
        "__old": 7,
        "__new": 6
    },
    "CC_SUM": {
        "__old": 28,
        "__new": 17
    },
    "CC_AVG": {
        "__old": 2.1538461538461537,
        "__new": 1.5454545454545454
    },
    "COGNITIVE_SUM": {
        "__old": 15,
        "__new": 12
    },
    "COGNITIVE_AVG": {
        "__old": 1.25,
        "__new": 1.3333333333333333
    },
    "NARGS_SUM": {
        "__old": 12,
        "__new": 9
    },
    "NEXITS": {
        "__old": 5,
        "__new": 1
    },
    "NEXITS_AVG": {
        "__old": 0.4166666666666667,
        "__new": 0.1111111111111111
    },
    "NOM": {
        "functions": {
            "__old": 11,
            "__new": 5
        },
        "closures": {
            "__old": 1,
            "__new": 4
        },
        "total": {
            "__old": 12,
            "__new": 9
        }
    },
    "HALSTEAD": {
        "n1": {
            "__old": 30,
            "__new": 28
        },
        "n2": {
            "__old": 68,
            "__new": 51
        },
        "N1": {
            "__old": 283,
            "__new": 200
        },
        "N2": {
            "__old": 200,
            "__new": 140
        },
        "Vocabulary": {
            "__old": 98,
            "__new": 79
        },
        "Length": {
            "__old": 483,
            "__new": 340
        },
        "Volume": {
            "__old": 3194.9048547076454,
            "__new": 2143.285454380215
        },
        "Difficulty": {
            "__old": 44.11764705882353,
            "__new": 38.431372549019606
        },
        "Level": {
            "__old": 0.02266666666666667,
            "__new": 0.026020408163265306
        },
        "Effort": {
            "__old": 140951.68476651376,
            "__new": 82369.4017761808
        },
        "Programming time": {
            "__old": 7830.649153695209,
            "__new": 4576.077876454489
        },
        "Bugs": {
            "__old": 0.9028014739671906,
            "__new": 0.6310387372075408
        },
        "Estimated program length": {
            "__old": 561.1541910732786,
            "__new": 423.89963025815916
        },
        "Purity ratio": {
            "__old": 1.161809919406374,
            "__new": 1.2467636184063504
        }
    },
    "MI": {
        "Original": {
            "__old": 49.346599599748785,
            "__new": 56.626822020841715
        },
        "Sei": {
            "__old": 19.06419873801134,
            "__new": 28.553813090055428
        },
        "Visual Studio": {
            "__old": 28.857660584648414,
            "__new": 33.11510059698346
        }
    },
    "files": [
        [
            "~",
            {
                "filename": {
                    "__old": "Assets/JavaScript/knucleotide.js",
                    "__new": "Assets/TypeScript/knucleotide.ts"
                },
                "SLOC": {
                    "__old": 92,
                    "__new": 78
                },
                "PLOC": {
                    "__old": 76,
                    "__new": 63
                },
                "LLOC": {
                    "__old": 64,
                    "__new": 42
                },
                "CLOC": {
                    "__old": 7,
                    "__new": 6
                },
                "CC_SUM": {
                    "__old": 28,
                    "__new": 17
                },
                "CC_AVG": {
                    "__old": 2.1538461538461537,
                    "__new": 1.5454545454545454
                },
                "COGNITIVE_SUM": {
                    "__old": 15,
                    "__new": 12
                },
                "COGNITIVE_AVG": {
                    "__old": 1.25,
                    "__new": 1.3333333333333333
                },
                "NARGS_SUM": {
                    "__old": 12,
                    "__new": 9
                },
                "NEXITS": {
                    "__old": 5,
                    "__new": 1
                },
                "NEXITS_AVG": {
                    "__old": 0.4166666666666667,
                    "__new": 0.1111111111111111
                },
                "NOM": {
                    "functions": {
                        "__old": 11,
                        "__new": 5
                    },
                    "closures": {
                        "__old": 1,
                        "__new": 4
                    },
                    "total": {
                        "__old": 12,
                        "__new": 9
                    }
                },
                "Halstead": {
                    "n1": {
                        "__old": 30,
                        "__new": 28
                    },
                    "n2": {
                        "__old": 68,
                        "__new": 51
                    },
                    "N1": {
                        "__old": 283,
                        "__new": 200
                    },
                    "N2": {
                        "__old": 200,
                        "__new": 140
                    },
                    "Vocabulary": {
                        "__old": 98,
                        "__new": 79
                    },
                    "Length": {
                        "__old": 483,
                        "__new": 340
                    },
                    "Volume": {
                        "__old": 3194.9048547076454,
                        "__new": 2143.285454380215
                    },
                    "Difficulty": {
                        "__old": 44.11764705882353,
                        "__new": 38.431372549019606
                    },
                    "Level": {
                        "__old": 0.02266666666666667,
                        "__new": 0.026020408163265306
                    },
                    "Effort": {
                        "__old": 140951.68476651376,
                        "__new": 82369.4017761808
                    },
                    "Programming time": {
                        "__old": 7830.649153695209,
                        "__new": 4576.077876454489
                    },
                    "Bugs": {
                        "__old": 0.9028014739671906,
                        "__new": 0.6310387372075408
                    },
                    "Estimated program length": {
                        "__old": 561.1541910732786,
                        "__new": 423.89963025815916
                    },
                    "Purity ratio": {
                        "__old": 1.161809919406374,
                        "__new": 1.2467636184063504
                    }
                },
                "Mi": {
                    "Original": {
                        "__old": 49.346599599748785,
                        "__new": 56.626822020841715
                    },
                    "Sei": {
                        "__old": 19.06419873801134,
                        "__new": 28.553813090055428
                    },
                    "Visual Studio": {
                        "__old": 28.857660584648414,
                        "__new": 33.11510059698346
                    }
                }
            }
        ]
    ]
}