{
    "SLOC": {
        "__old": 99,
        "__new": 49
    },
    "PLOC": {
        "__old": 76,
        "__new": 32
    },
    "LLOC": {
        "__old": 51,
        "__new": 36
    },
    "CLOC": {
        "__old": 11,
        "__new": 7
    },
    "BLANK": {
        "__old": 12,
        "__new": 10
    },
    "CC_SUM": {
        "__old": 17,
        "__new": 8
    },
    "CC_AVG": {
        "__old": 4.25,
        "__new": 8
    },
    "COGNITIVE_SUM": {
        "__old": 26,
        "__new": 14
    },
    "COGNITIVE_AVG": {
        "__old": 8.666666666666666,
        "__new": 14
    },
    "NARGS_SUM": {
        "__old": 3,
        "__new": 0
    },
    "NARGS_AVG": {
        "__old": 1,
        "__new": 0
    },
    "NEXITS": {
        "__old": 1,
        "__new": 0
    },
    "NEXITS_AVG": {
        "__old": 0.3333333333333333,
        "__new": 0
    },
    "NOM": {
        "functions": {
            "__old": 3,
            "__new": 0
        },
        "total": {
            "__old": 3,
            "__new": 0
        }
    },
    "HALSTEAD": {
        "n1": {
            "__old": 29,
            "__new": 23
        },
        "n2": {
            "__old": 56,
            "__new": 31
        },
        "N1": {
            "__old": 229,
            "__new": 118
        },
        "N2": {
            "__old": 179,
            "__new": 113
        },
        "Vocabulary": {
            "__old": 85,
            "__new": 54
        },
        "Length": {
            "__old": 408,
            "__new": 231
        },
        "Volume": {
            "__old": 2615.0315019441823,
            "__new": 1329.3790129997612
        },
        "Difficulty": {
            "__old": 46.348214285714285,
            "__new": 41.91935483870968
        },
        "Level": {
            "__old": 0.021575804276632634,
            "__new": 0.023855328972681798
        },
        "Effort": {
            "__old": 121202.04041600223,
            "__new": 55726.71056107064
        },
        "Programming time": {
            "__old": 6733.446689777902,
            "__new": 3095.9283645039245
        },
        "Bugs": {
            "__old": 0.8163668592877504,
            "__new": 0.48631875375637595
        },
        "Estimated program length": {
            "__old": 466.09332449392537,
            "__new": 257.6220106113044
        },
        "Purity ratio": {
            "__old": 1.142385599249817,
            "__new": 1.1152467991831359
        }
    },
    "MI": {
        "Original": {
            "__old": 51.730095027912654,
            "__new": 68.71168170636773
        },
        "Sei": {
            "__old": 25.34837941970405,
            "__new": 51.8761864722328
        },
        "Visual Studio": {
            "__old": 30.25151756018284,
            "__new": 40.182270003723815
        }
    },
    "files": [
        [
            "~",
            {
                "filename": {
                    "__old": "Assets/JavaScript/mandelbrot.js",
                    "__new": "Assets/TypeScript/mandelbrot.ts"
                },
                "SLOC": {
                    "__old": 99,
                    "__new": 49
                },
                "PLOC": {
                    "__old": 76,
                    "__new": 32
                },
                "LLOC": {
                    "__old": 51,
                    "__new": 36
                },
                "CLOC": {
                    "__old": 11,
                    "__new": 7
                },
                "BLANK": {
                    "__old": 12,
                    "__new": 10
                },
                "CC_SUM": {
                    "__old": 17,
                    "__new": 8
                },
                "CC_AVG": {
                    "__old": 4.25,
                    "__new": 8
                },
                "COGNITIVE_SUM": {
                    "__old": 26,
                    "__new": 14
                },
                "COGNITIVE_AVG": {
                    "__old": 8.666666666666666,
                    "__new": 0
                },
                "NARGS_SUM": {
                    "__old": 3,
                    "__new": 0
                },
                "NARGS_AVG": {
                    "__old": 1,
                    "__new": 0
                },
                "NEXITS": {
                    "__old": 1,
                    "__new": 0
                },
                "NEXITS_AVG": {
                    "__old": 0.3333333333333333,
                    "__new": 0
                },
                "NOM": {
                    "functions": {
                        "__old": 3,
                        "__new": 0
                    },
                    "total": {
                        "__old": 3,
                        "__new": 0
                    }
                },
                "Halstead": {
                    "n1": {
                        "__old": 29,
                        "__new": 23
                    },
                    "n2": {
                        "__old": 56,
                        "__new": 31
                    },
                    "N1": {
                        "__old": 229,
                        "__new": 118
                    },
                    "N2": {
                        "__old": 179,
                        "__new": 113
                    },
                    "Vocabulary": {
                        "__old": 85,
                        "__new": 54
                    },
                    "Length": {
                        "__old": 408,
                        "__new": 231
                    },
                    "Volume": {
                        "__old": 2615.0315019441823,
                        "__new": 1329.3790129997612
                    },
                    "Difficulty": {
                        "__old": 46.348214285714285,
                        "__new": 41.91935483870968
                    },
                    "Level": {
                        "__old": 0.021575804276632634,
                        "__new": 0.023855328972681798
                    },
                    "Effort": {
                        "__old": 121202.04041600223,
                        "__new": 55726.71056107064
                    },
                    "Programming time": {
                        "__old": 6733.446689777902,
                        "__new": 3095.9283645039245
                    },
                    "Bugs": {
                        "__old": 0.8163668592877504,
                        "__new": 0.48631875375637595
                    },
                    "Estimated program length": {
                        "__old": 466.09332449392537,
                        "__new": 257.6220106113044
                    },
                    "Purity ratio": {
                        "__old": 1.142385599249817,
                        "__new": 1.1152467991831359
                    }
                },
                "Mi": {
                    "Original": {
                        "__old": 51.730095027912654,
                        "__new": 68.71168170636773
                    },
                    "Sei": {
                        "__old": 25.34837941970405,
                        "__new": 51.8761864722328
                    },
                    "Visual Studio": {
                        "__old": 30.25151756018284,
                        "__new": 40.182270003723815
                    }
                }
            }
        ]
    ]
}