{
    "SLOC": {
        "__old": 162,
        "__new": 183
    },
    "PLOC": {
        "__old": 135,
        "__new": 148
    },
    "LLOC": {
        "__old": 79,
        "__new": 69
    },
    "CLOC": {
        "__old": 3,
        "__new": 7
    },
    "BLANK": {
        "__old": 24,
        "__new": 28
    },
    "CC_SUM": {
        "__old": 18,
        "__new": 20
    },
    "CC_AVG": {
        "__old": 1.6363636363636365,
        "__new": 1.5384615384615385
    },
    "NARGS_SUM": {
        "__old": 12,
        "__new": 11
    },
    "NARGS_AVG": {
        "__old": 1.2,
        "__new": 1.1
    },
    "HALSTEAD": {
        "n1": {
            "__old": 18,
            "__new": 19
        },
        "n2": {
            "__old": 80,
            "__new": 70
        },
        "N1": {
            "__old": 410,
            "__new": 479
        },
        "N2": {
            "__old": 311,
            "__new": 303
        },
        "Vocabulary": {
            "__old": 98,
            "__new": 89
        },
        "Length": {
            "__old": 721,
            "__new": 782
        },
        "Volume": {
            "__old": 4769.2057976070655,
            "__new": 5064.023543015723
        },
        "Difficulty": {
            "__old": 34.9875,
            "__new": 41.121428571428574
        },
        "Level": {
            "__old": 0.0285816362986781,
            "__new": 0.02431822129581379
        },
        "Effort": {
            "__old": 166862.5878437772,
            "__new": 208239.8824081537
        },
        "Programming time": {
            "__old": 9270.143769098733,
            "__new": 11568.882356008538
        },
        "Bugs": {
            "__old": 1.0103024242212915,
            "__new": 1.171083922000504
        },
        "Estimated program length": {
            "__old": 580.8128976169506,
            "__new": 509.76043394157574
        },
        "Purity ratio": {
            "__old": 0.8055657387197651,
            "__new": 0.6518675625851352
        }
    },
    "MI": {
        "Original": {
            "__old": 40.39727700229028,
            "__new": 37.6507579368477
        },
        "Sei": {
            "__old": -5.12412539241763,
            "__new": -4.42709950213461
        },
        "Visual Studio": {
            "__old": 23.624138597830573,
            "__new": 22.01798709757175
        }
    },
    "files": [
        [
            "~",
            {
                "filename": {
                    "__old": "Assets/JavaScript/nbody.js",
                    "__new": "Assets/TypeScript/nbody.ts"
                },
                "SLOC": {
                    "__old": 162,
                    "__new": 183
                },
                "PLOC": {
                    "__old": 135,
                    "__new": 148
                },
                "LLOC": {
                    "__old": 79,
                    "__new": 69
                },
                "CLOC": {
                    "__old": 3,
                    "__new": 7
                },
                "BLANK": {
                    "__old": 24,
                    "__new": 28
                },
                "CC_SUM": {
                    "__old": 18,
                    "__new": 20
                },
                "CC_AVG": {
                    "__old": 1.6363636363636365,
                    "__new": 1.5384615384615385
                },
                "NARGS_SUM": {
                    "__old": 12,
                    "__new": 11
                },
                "NARGS_AVG": {
                    "__old": 1.2,
                    "__new": 1.1
                },
                "Halstead": {
                    "n1": {
                        "__old": 18,
                        "__new": 19
                    },
                    "n2": {
                        "__old": 80,
                        "__new": 70
                    },
                    "N1": {
                        "__old": 410,
                        "__new": 479
                    },
                    "N2": {
                        "__old": 311,
                        "__new": 303
                    },
                    "Vocabulary": {
                        "__old": 98,
                        "__new": 89
                    },
                    "Length": {
                        "__old": 721,
                        "__new": 782
                    },
                    "Volume": {
                        "__old": 4769.2057976070655,
                        "__new": 5064.023543015723
                    },
                    "Difficulty": {
                        "__old": 34.9875,
                        "__new": 41.121428571428574
                    },
                    "Level": {
                        "__old": 0.0285816362986781,
                        "__new": 0.02431822129581379
                    },
                    "Effort": {
                        "__old": 166862.5878437772,
                        "__new": 208239.8824081537
                    },
                    "Programming time": {
                        "__old": 9270.143769098733,
                        "__new": 11568.882356008538
                    },
                    "Bugs": {
                        "__old": 1.0103024242212915,
                        "__new": 1.171083922000504
                    },
                    "Estimated program length": {
                        "__old": 580.8128976169506,
                        "__new": 509.76043394157574
                    },
                    "Purity ratio": {
                        "__old": 0.8055657387197651,
                        "__new": 0.6518675625851352
                    }
                },
                "Mi": {
                    "Original": {
                        "__old": 40.39727700229028,
                        "__new": 37.6507579368477
                    },
                    "Sei": {
                        "__old": -5.12412539241763,
                        "__new": -4.42709950213461
                    },
                    "Visual Studio": {
                        "__old": 23.624138597830573,
                        "__new": 22.01798709757175
                    }
                }
            }
        ]
    ]
}