{
    "SLOC": {
        "__old": 33,
        "__new": 50
    },
    "PLOC": {
        "__old": 22,
        "__new": 33
    },
    "LLOC": {
        "__old": 10,
        "__new": 16
    },
    "CLOC": {
        "__old": 8,
        "__new": 7
    },
    "BLANK": {
        "__old": 3,
        "__new": 10
    },
    "CC": {
        "__old": 4,
        "__new": 8
    },
    "COGNITIVE": {
        "__old": 4,
        "__new": 6
    },
    "NOM": {
        "functions": {
            "__old": 0,
            "__new": 1
        },
        "closures": {
            "__old": 0,
            "__new": 3
        },
        "total": {
            "__old": 0,
            "__new": 4
        }
    },
    "HALSTEAD": {
        "n1": {
            "__old": 14,
            "__new": 19
        },
        "n2": {
            "__old": 23,
            "__new": 31
        },
        "N1": {
            "__old": 113,
            "__new": 172
        },
        "N2": {
            "__old": 50,
            "__new": 75
        },
        "Vocabulary": {
            "__old": 37,
            "__new": 50
        },
        "Length": {
            "__old": 163,
            "__new": 247
        },
        "Volume": {
            "__old": 849.1408985975189,
            "__new": 1394.032478874357
        },
        "Difficulty": {
            "__old": 15.217391304347826,
            "__new": 22.983870967741936
        },
        "Level": {
            "__old": 0.06571428571428571,
            "__new": 0.04350877192982456
        },
        "Effort": {
            "__old": 12921.709326483984,
            "__new": 32040.262619289657
        },
        "Programming time": {
            "__old": 717.8727403602213,
            "__new": 1780.0145899605366
        },
        "Bugs": {
            "__old": 0.18355183201932318,
            "__new": 0.33626070824891074
        },
        "Estimated program length": {
            "__old": 157.34489389811776,
            "__new": 234.29070837742125
        },
        "Purity ratio": {
            "__old": 0.9653060975344648,
            "__new": 0.9485453780462398
        }
    },
    "MI": {
        "Original": {
            "__old": 78.36660682386069,
            "__new": 68.13745668355399
        },
        "Sei": {
            "__old": 72.31187482648421,
            "__new": 50.802046889732566
        },
        "Visual Studio": {
            "__old": 45.82842504319339,
            "__new": 39.8464658968152
        }
    },
    "files": [
        [
            "~",
            {
                "filename": {
                    "__old": "Assets/JavaScript/regexredux.js",
                    "__new": "Assets/TypeScript/regexredux.ts"
                },
                "SLOC": {
                    "__old": 33,
                    "__new": 50
                },
                "PLOC": {
                    "__old": 22,
                    "__new": 33
                },
                "LLOC": {
                    "__old": 10,
                    "__new": 16
                },
                "CLOC": {
                    "__old": 8,
                    "__new": 7
                },
                "BLANK": {
                    "__old": 3,
                    "__new": 10
                },
                "CC": {
                    "__old": 4,
                    "__new": 8
                },
                "COGNITIVE": {
                    "__old": 4,
                    "__new": 6
                },
                "NOM": {
                    "functions": {
                        "__old": 0,
                        "__new": 1
                    },
                    "closures": {
                        "__old": 0,
                        "__new": 3
                    },
                    "total": {
                        "__old": 0,
                        "__new": 4
                    }
                },
                "Halstead": {
                    "n1": {
                        "__old": 14,
                        "__new": 19
                    },
                    "n2": {
                        "__old": 23,
                        "__new": 31
                    },
                    "N1": {
                        "__old": 113,
                        "__new": 172
                    },
                    "N2": {
                        "__old": 50,
                        "__new": 75
                    },
                    "Vocabulary": {
                        "__old": 37,
                        "__new": 50
                    },
                    "Length": {
                        "__old": 163,
                        "__new": 247
                    },
                    "Volume": {
                        "__old": 849.1408985975189,
                        "__new": 1394.032478874357
                    },
                    "Difficulty": {
                        "__old": 15.217391304347826,
                        "__new": 22.983870967741936
                    },
                    "Level": {
                        "__old": 0.06571428571428571,
                        "__new": 0.04350877192982456
                    },
                    "Effort": {
                        "__old": 12921.709326483984,
                        "__new": 32040.262619289657
                    },
                    "Programming time": {
                        "__old": 717.8727403602213,
                        "__new": 1780.0145899605366
                    },
                    "Bugs": {
                        "__old": 0.18355183201932318,
                        "__new": 0.33626070824891074
                    },
                    "Estimated program length": {
                        "__old": 157.34489389811776,
                        "__new": 234.29070837742125
                    },
                    "Purity ratio": {
                        "__old": 0.9653060975344648,
                        "__new": 0.9485453780462398
                    }
                },
                "Mi": {
                    "Original": {
                        "__old": 78.36660682386069,
                        "__new": 68.13745668355399
                    },
                    "Sei": {
                        "__old": 72.31187482648421,
                        "__new": 50.802046889732566
                    },
                    "Visual Studio": {
                        "__old": 45.82842504319339,
                        "__new": 39.8464658968152
                    }
                }
            }
        ]
    ]
}