{
    "SLOC": {
        "__old": 186,
        "__new": 187
    },
    "PLOC": {
        "__old": 148,
        "__new": 154
    },
    "CLOC": {
        "__old": 20,
        "__new": 19
    },
    "BLANK": {
        "__old": 18,
        "__new": 14
    },
    "CC_SUM": {
        "__old": 24,
        "__new": 25
    },
    "CC_AVG": {
        "__old": 4.8,
        "__new": 4.166666666666667
    },
    "HALSTEAD": {
        "n1": {
            "__old": 29,
            "__new": 31
        },
        "N1": {
            "__old": 439,
            "__new": 453
        },
        "N2": {
            "__old": 290,
            "__new": 289
        },
        "Vocabulary": {
            "__old": 98,
            "__new": 100
        },
        "Length": {
            "__old": 729,
            "__new": 742
        },
        "Volume": {
            "__old": 4822.123476359987,
            "__new": 4929.741292812845
        },
        "Difficulty": {
            "__old": 60.94202898550725,
            "__new": 64.92028985507247
        },
        "Level": {
            "__old": 0.016409036860879904,
            "__new": 0.015403504855452617
        },
        "Effort": {
            "__old": 293869.9886680253,
            "__new": 320040.23363992956
        },
        "Programming time": {
            "__old": 16326.110481556962,
            "__new": 17780.012979996085
        },
        "Bugs": {
            "__old": 1.4733827109553517,
            "__new": 1.5596068397265666
        },
        "Estimated program length": {
            "__old": 562.3696363763933,
            "__new": 575.0682731396869
        },
        "Purity ratio": {
            "__old": 0.7714261129991677,
            "__new": 0.7750246268728934
        }
    },
    "MI": {
        "Original": {
            "__old": 36.72186162633774,
            "__new": 36.29022310125957
        },
        "Sei": {
            "__old": 4.042833620573553,
            "__new": 2.8996639994044955
        },
        "Visual Studio": {
            "__old": 21.474772880899263,
            "__new": 21.22235269079507
        }
    },
    "files": [
        [
            "~",
            {
                "filename": {
                    "__old": "Assets/JavaScript/revcomp.js",
                    "__new": "Assets/TypeScript/revcomp.ts"
                },
                "SLOC": {
                    "__old": 186,
                    "__new": 187
                },
                "PLOC": {
                    "__old": 148,
                    "__new": 154
                },
                "CLOC": {
                    "__old": 20,
                    "__new": 19
                },
                "BLANK": {
                    "__old": 18,
                    "__new": 14
                },
                "CC_SUM": {
                    "__old": 24,
                    "__new": 25
                },
                "CC_AVG": {
                    "__old": 4.8,
                    "__new": 4.166666666666667
                },
                "Halstead": {
                    "n1": {
                        "__old": 29,
                        "__new": 31
                    },
                    "N1": {
                        "__old": 439,
                        "__new": 453
                    },
                    "N2": {
                        "__old": 290,
                        "__new": 289
                    },
                    "Vocabulary": {
                        "__old": 98,
                        "__new": 100
                    },
                    "Length": {
                        "__old": 729,
                        "__new": 742
                    },
                    "Volume": {
                        "__old": 4822.123476359987,
                        "__new": 4929.741292812845
                    },
                    "Difficulty": {
                        "__old": 60.94202898550725,
                        "__new": 64.92028985507247
                    },
                    "Level": {
                        "__old": 0.016409036860879904,
                        "__new": 0.015403504855452617
                    },
                    "Effort": {
                        "__old": 293869.9886680253,
                        "__new": 320040.23363992956
                    },
                    "Programming time": {
                        "__old": 16326.110481556962,
                        "__new": 17780.012979996085
                    },
                    "Bugs": {
                        "__old": 1.4733827109553517,
                        "__new": 1.5596068397265666
                    },
                    "Estimated program length": {
                        "__old": 562.3696363763933,
                        "__new": 575.0682731396869
                    },
                    "Purity ratio": {
                        "__old": 0.7714261129991677,
                        "__new": 0.7750246268728934
                    }
                },
                "Mi": {
                    "Original": {
                        "__old": 36.72186162633774,
                        "__new": 36.29022310125957
                    },
                    "Sei": {
                        "__old": 4.042833620573553,
                        "__new": 2.8996639994044955
                    },
                    "Visual Studio": {
                        "__old": 21.474772880899263,
                        "__new": 21.22235269079507
                    }
                }
            }
        ]
    ]
}