{
    "SLOC": {
        "__old": 50,
        "__new": 55
    },
    "PLOC": {
        "__old": 39,
        "__new": 41
    },
    "LLOC": {
        "__old": 42,
        "__new": 40
    },
    "BLANK": {
        "__old": 6,
        "__new": 9
    },
    "HALSTEAD": {
        "n1": {
            "__old": 16,
            "__new": 18
        },
        "n2": {
            "__old": 23,
            "__new": 26
        },
        "N1": {
            "__old": 146,
            "__new": 166
        },
        "Vocabulary": {
            "__old": 39,
            "__new": 44
        },
        "Length": {
            "__old": 281,
            "__new": 301
        },
        "Volume": {
            "__old": 1485.1980235002918,
            "__new": 1643.2889172098264
        },
        "Difficulty": {
            "__old": 46.95652173913044,
            "__new": 46.73076923076923
        },
        "Level": {
            "__old": 0.021296296296296296,
            "__new": 0.02139917695473251
        },
        "Effort": {
            "__old": 69739.73327740502,
            "__new": 76792.15516961305
        },
        "Programming time": {
            "__old": 3874.4296265225007,
            "__new": 4266.23084275628
        },
        "Bugs": {
            "__old": 0.5647621722518612,
            "__new": 0.6022220451854204
        },
        "Estimated program length": {
            "__old": 168.0419249893113,
            "__new": 197.27008269763002
        },
        "Purity ratio": {
            "__old": 0.5980139679334922,
            "__new": 0.6553823345436213
        }
    },
    "MI": {
        "Original": {
            "__old": 66.65804967623784,
            "__new": 64.58803665956509
        },
        "Sei": {
            "__old": 45.316836002428744,
            "__new": 41.31855991679847
        },
        "Visual Studio": {
            "__old": 38.981315600139084,
            "__new": 37.77078167226029
        }
    },
    "files": [
        [
            "~",
            {
                "filename": {
                    "__old": "Assets/JavaScript/spectralnorm.js",
                    "__new": "Assets/TypeScript/spectralnorm.ts"
                },
                "SLOC": {
                    "__old": 50,
                    "__new": 55
                },
                "PLOC": {
                    "__old": 39,
                    "__new": 41
                },
                "LLOC": {
                    "__old": 42,
                    "__new": 40
                },
                "BLANK": {
                    "__old": 6,
                    "__new": 9
                },
                "Halstead": {
                    "n1": {
                        "__old": 16,
                        "__new": 18
                    },
                    "n2": {
                        "__old": 23,
                        "__new": 26
                    },
                    "N1": {
                        "__old": 146,
                        "__new": 166
                    },
                    "Vocabulary": {
                        "__old": 39,
                        "__new": 44
                    },
                    "Length": {
                        "__old": 281,
                        "__new": 301
                    },
                    "Volume": {
                        "__old": 1485.1980235002918,
                        "__new": 1643.2889172098264
                    },
                    "Difficulty": {
                        "__old": 46.95652173913044,
                        "__new": 46.73076923076923
                    },
                    "Level": {
                        "__old": 0.021296296296296296,
                        "__new": 0.02139917695473251
                    },
                    "Effort": {
                        "__old": 69739.73327740502,
                        "__new": 76792.15516961305
                    },
                    "Programming time": {
                        "__old": 3874.4296265225007,
                        "__new": 4266.23084275628
                    },
                    "Bugs": {
                        "__old": 0.5647621722518612,
                        "__new": 0.6022220451854204
                    },
                    "Estimated program length": {
                        "__old": 168.0419249893113,
                        "__new": 197.27008269763002
                    },
                    "Purity ratio": {
                        "__old": 0.5980139679334922,
                        "__new": 0.6553823345436213
                    }
                },
                "Mi": {
                    "Original": {
                        "__old": 66.65804967623784,
                        "__new": 64.58803665956509
                    },
                    "Sei": {
                        "__old": 45.316836002428744,
                        "__new": 41.31855991679847
                    },
                    "Visual Studio": {
                        "__old": 38.981315600139084,
                        "__new": 37.77078167226029
                    }
                }
            }
        ]
    ]
}