{
    "SLOC": {
        "__old": 139,
        "__new": 76
    },
    "PLOC": {
        "__old": 98,
        "__new": 48
    },
    "LLOC": {
        "__old": 25,
        "__new": 39
    },
    "CLOC": {
        "__old": 15,
        "__new": 6
    },
    "BLANK": {
        "__old": 26,
        "__new": 22
    },
    "CC": {
        "__old": 19,
        "__new": 16
    },
    "NOM": {
        "functions": {
            "__old": 9,
            "__new": 5
        },
        "total": {
            "__old": 9,
            "__new": 5
        }
    },
    "HALSTEAD": {
        "n1": {
            "__old": 28,
            "__new": 23
        },
        "n2": {
            "__old": 56,
            "__new": 52
        },
        "N1": {
            "__old": 251,
            "__new": 132
        },
        "N2": {
            "__old": 173,
            "__new": 142
        },
        "Vocabulary": {
            "__old": 84,
            "__new": 75
        },
        "Length": {
            "__old": 424,
            "__new": 274
        },
        "Volume": {
            "__old": 2710.3425872581947,
            "__new": 1706.6963211958712
        },
        "Difficulty": {
            "__old": 43.25,
            "__new": 31.403846153846153
        },
        "Level": {
            "__old": 0.023121387283236993,
            "__new": 0.03184323331292101
        },
        "Effort": {
            "__old": 117222.31689891692,
            "__new": 53596.828702170336
        },
        "Programming time": {
            "__old": 6512.3509388287175,
            "__new": 2977.601594565019
        },
        "Bugs": {
            "__old": 0.7983970910222301,
            "__new": 0.473847006044388
        },
        "Estimated program length": {
            "__old": 459.81781345283866,
            "__new": 400.464790332648
        },
        "Purity ratio": {
            "__old": 1.0844759751246196,
            "__new": 1.4615503296811971
        }
    },
    "MI": {
        "Original": {
            "__old": 45.586404609681736,
            "__new": 58.46208290180243
        },
        "Sei": {
            "__old": 16.3624350913677,
            "__new": 31.354698957570236
        },
        "Visual Studio": {
            "__old": 26.658716146012715,
            "__new": 34.18835257415347
        }
    },
    "files": [
        [
            "~",
            {
                "filename": {
                    "__old": "Assets/C++/binarytrees.cpp",
                    "__new": "Assets/Python/binarytrees.py"
                },
                "SLOC": {
                    "__old": 139,
                    "__new": 76
                },
                "PLOC": {
                    "__old": 98,
                    "__new": 48
                },
                "LLOC": {
                    "__old": 25,
                    "__new": 39
                },
                "CLOC": {
                    "__old": 15,
                    "__new": 6
                },
                "BLANK": {
                    "__old": 26,
                    "__new": 22
                },
                "CC": {
                    "__old": 19,
                    "__new": 16
                },
                "NOM": {
                    "functions": {
                        "__old": 9,
                        "__new": 5
                    },
                    "total": {
                        "__old": 9,
                        "__new": 5
                    }
                },
                "Halstead": {
                    "n1": {
                        "__old": 28,
                        "__new": 23
                    },
                    "n2": {
                        "__old": 56,
                        "__new": 52
                    },
                    "N1": {
                        "__old": 251,
                        "__new": 132
                    },
                    "N2": {
                        "__old": 173,
                        "__new": 142
                    },
                    "Vocabulary": {
                        "__old": 84,
                        "__new": 75
                    },
                    "Length": {
                        "__old": 424,
                        "__new": 274
                    },
                    "Volume": {
                        "__old": 2710.3425872581947,
                        "__new": 1706.6963211958712
                    },
                    "Difficulty": {
                        "__old": 43.25,
                        "__new": 31.403846153846153
                    },
                    "Level": {
                        "__old": 0.023121387283236993,
                        "__new": 0.03184323331292101
                    },
                    "Effort": {
                        "__old": 117222.31689891692,
                        "__new": 53596.828702170336
                    },
                    "Programming time": {
                        "__old": 6512.3509388287175,
                        "__new": 2977.601594565019
                    },
                    "Bugs": {
                        "__old": 0.7983970910222301,
                        "__new": 0.473847006044388
                    },
                    "Estimated program length": {
                        "__old": 459.81781345283866,
                        "__new": 400.464790332648
                    },
                    "Purity ratio": {
                        "__old": 1.0844759751246196,
                        "__new": 1.4615503296811971
                    }
                },
                "Mi": {
                    "Original": {
                        "__old": 45.586404609681736,
                        "__new": 58.46208290180243
                    },
                    "Sei": {
                        "__old": 16.3624350913677,
                        "__new": 31.354698957570236
                    },
                    "Visual Studio": {
                        "__old": 26.658716146012715,
                        "__new": 34.18835257415347
                    }
                }
            }
        ]
    ]
}