{
    "SLOC": {
        "__old": 139,
        "__new": 76
    },
    "PLOC": {
        "__old": 98,
        "__new": 48
    },
    "LLOC": {
        "__old": 25,
        "__new": 39
    },
    "CLOC": {
        "__old": 15,
        "__new": 6
    },
    "BLANK": {
        "__old": 26,
        "__new": 22
    },
    "CC_SUM": {
        "__old": 19,
        "__new": 16
    },
    "CC_AVG": {
        "__old": 1.4615384615384615,
        "__new": 2.6666666666666665
    },
    "COGNITIVE_SUM": {
        "__old": 8,
        "__new": 13
    },
    "COGNITIVE_AVG": {
        "__old": 0.8888888888888888,
        "__new": 2.6
    },
    "NARGS_SUM": {
        "__old": 2,
        "__new": 10
    },
    "NARGS_AVG": {
        "__old": 0.2222222222222222,
        "__new": 2
    },
    "NEXITS_AVG": {
        "__old": 0.5555555555555556,
        "__new": 1
    },
    "NOM": {
        "functions": {
            "__old": 9,
            "__new": 5
        },
        "total": {
            "__old": 9,
            "__new": 5
        }
    },
    "HALSTEAD": {
        "n1": {
            "__old": 28,
            "__new": 22
        },
        "n2": {
            "__old": 56,
            "__new": 52
        },
        "N1": {
            "__old": 251,
            "__new": 94
        },
        "N2": {
            "__old": 173,
            "__new": 142
        },
        "Vocabulary": {
            "__old": 84,
            "__new": 74
        },
        "Length": {
            "__old": 424,
            "__new": 236
        },
        "Volume": {
            "__old": 2710.3425872581947,
            "__new": 1465.4309942884322
        },
        "Difficulty": {
            "__old": 43.25,
            "__new": 30.03846153846154
        },
        "Level": {
            "__old": 0.023121387283236993,
            "__new": 0.03329065300896287
        },
        "Effort": {
            "__old": 117222.31689891692,
            "__new": 44019.29255920252
        },
        "Programming time": {
            "__old": 6512.3509388287175,
            "__new": 2445.516253289029
        },
        "Bugs": {
            "__old": 0.7983970910222301,
            "__new": 0.4155667428621877
        },
        "Estimated program length": {
            "__old": 459.81781345283866,
            "__new": 394.5303609533573
        },
        "Purity ratio": {
            "__old": 1.0844759751246196,
            "__new": 1.6717388175989716
        }
    },
    "MI": {
        "Original": {
            "__old": 45.586404609681736,
            "__new": 59.254615591723194
        },
        "Sei": {
            "__old": 16.3624350913677,
            "__new": 32.498081939061336
        },
        "Visual Studio": {
            "__old": 26.658716146012715,
            "__new": 34.651821983463854
        }
    },
    "files": [
        [
            "~",
            {
                "filename": {
                    "__old": "Assets/C++/binarytrees.cpp",
                    "__new": "Assets/Python/binarytrees.py"
                },
                "SLOC": {
                    "__old": 139,
                    "__new": 76
                },
                "PLOC": {
                    "__old": 98,
                    "__new": 48
                },
                "LLOC": {
                    "__old": 25,
                    "__new": 39
                },
                "CLOC": {
                    "__old": 15,
                    "__new": 6
                },
                "BLANK": {
                    "__old": 26,
                    "__new": 22
                },
                "CC_SUM": {
                    "__old": 19,
                    "__new": 16
                },
                "CC_AVG": {
                    "__old": 1.4615384615384615,
                    "__new": 2.6666666666666665
                },
                "COGNITIVE_SUM": {
                    "__old": 8,
                    "__new": 13
                },
                "COGNITIVE_AVG": {
                    "__old": 0.8888888888888888,
                    "__new": 2.6
                },
                "NARGS_SUM": {
                    "__old": 2,
                    "__new": 10
                },
                "NARGS_AVG": {
                    "__old": 0.2222222222222222,
                    "__new": 2
                },
                "NEXITS_AVG": {
                    "__old": 0.5555555555555556,
                    "__new": 1
                },
                "NOM": {
                    "functions": {
                        "__old": 9,
                        "__new": 5
                    },
                    "total": {
                        "__old": 9,
                        "__new": 5
                    }
                },
                "Halstead": {
                    "n1": {
                        "__old": 28,
                        "__new": 22
                    },
                    "n2": {
                        "__old": 56,
                        "__new": 52
                    },
                    "N1": {
                        "__old": 251,
                        "__new": 94
                    },
                    "N2": {
                        "__old": 173,
                        "__new": 142
                    },
                    "Vocabulary": {
                        "__old": 84,
                        "__new": 74
                    },
                    "Length": {
                        "__old": 424,
                        "__new": 236
                    },
                    "Volume": {
                        "__old": 2710.3425872581947,
                        "__new": 1465.4309942884322
                    },
                    "Difficulty": {
                        "__old": 43.25,
                        "__new": 30.03846153846154
                    },
                    "Level": {
                        "__old": 0.023121387283236993,
                        "__new": 0.03329065300896287
                    },
                    "Effort": {
                        "__old": 117222.31689891692,
                        "__new": 44019.29255920252
                    },
                    "Programming time": {
                        "__old": 6512.3509388287175,
                        "__new": 2445.516253289029
                    },
                    "Bugs": {
                        "__old": 0.7983970910222301,
                        "__new": 0.4155667428621877
                    },
                    "Estimated program length": {
                        "__old": 459.81781345283866,
                        "__new": 394.5303609533573
                    },
                    "Purity ratio": {
                        "__old": 1.0844759751246196,
                        "__new": 1.6717388175989716
                    }
                },
                "Mi": {
                    "Original": {
                        "__old": 45.586404609681736,
                        "__new": 59.254615591723194
                    },
                    "Sei": {
                        "__old": 16.3624350913677,
                        "__new": 32.498081939061336
                    },
                    "Visual Studio": {
                        "__old": 26.658716146012715,
                        "__new": 34.651821983463854
                    }
                }
            }
        ]
    ]
}