{
    "SLOC": {
        "__old": 198,
        "__new": 106
    },
    "PLOC": {
        "__old": 124,
        "__new": 85
    },
    "LLOC": {
        "__old": 51,
        "__new": 77
    },
    "CLOC": {
        "__old": 41,
        "__new": 5
    },
    "BLANK": {
        "__old": 33,
        "__new": 16
    },
    "CC": {
        "__old": 28,
        "__new": 33
    },
    "NEXITS": {
        "__old": 2,
        "__new": 1
    },
    "NOM": {
        "functions": {
            "__old": 5,
            "__new": 4
        },
        "closures": {
            "__old": 0,
            "__new": 1
        }
    },
    "HALSTEAD": {
        "n1": {
            "__old": 33,
            "__new": 31
        },
        "n2": {
            "__old": 48,
            "__new": 72
        },
        "N1": {
            "__old": 332,
            "__new": 266
        },
        "N2": {
            "__old": 235,
            "__new": 281
        },
        "Vocabulary": {
            "__old": 81,
            "__new": 103
        },
        "Length": {
            "__old": 567,
            "__new": 547
        },
        "Volume": {
            "__old": 3594.694951635582,
            "__new": 3657.5157883692204
        },
        "Difficulty": {
            "__old": 80.78125,
            "__new": 60.49305555555556
        },
        "Level": {
            "__old": 0.012379110251450677,
            "__new": 0.01653082309723338
        },
        "Effort": {
            "__old": 290383.95156181185,
            "__new": 221254.30578114084
        },
        "Programming time": {
            "__old": 16132.441753433992,
            "__new": 12291.905876730047
        },
        "Bugs": {
            "__old": 1.4617075354179188,
            "__new": 1.2193823355953217
        },
        "Estimated program length": {
            "__old": 434.5432059734445,
            "__new": 597.8146857258396
        },
        "Purity ratio": {
            "__old": 0.7663901339919656,
            "__new": 1.092897048858939
        }
    },
    "MI": {
        "Original": {
            "__old": 36.31655915490933,
            "__new": 45.1986815374873
        },
        "Sei": {
            "__old": 11.94402167986491,
            "__new": 9.374655371045023
        },
        "Visual Studio": {
            "__old": 21.23775389175984,
            "__new": 26.431977507302516
        }
    },
    "files": [
        [
            "~",
            {
                "filename": {
                    "__old": "Assets/C++/fannkuchredux.cpp",
                    "__new": "Assets/Python/fannkuchredux.py"
                },
                "SLOC": {
                    "__old": 198,
                    "__new": 106
                },
                "PLOC": {
                    "__old": 124,
                    "__new": 85
                },
                "LLOC": {
                    "__old": 51,
                    "__new": 77
                },
                "CLOC": {
                    "__old": 41,
                    "__new": 5
                },
                "BLANK": {
                    "__old": 33,
                    "__new": 16
                },
                "CC": {
                    "__old": 28,
                    "__new": 33
                },
                "NEXITS": {
                    "__old": 2,
                    "__new": 1
                },
                "NOM": {
                    "functions": {
                        "__old": 5,
                        "__new": 4
                    },
                    "closures": {
                        "__old": 0,
                        "__new": 1
                    }
                },
                "Halstead": {
                    "n1": {
                        "__old": 33,
                        "__new": 31
                    },
                    "n2": {
                        "__old": 48,
                        "__new": 72
                    },
                    "N1": {
                        "__old": 332,
                        "__new": 266
                    },
                    "N2": {
                        "__old": 235,
                        "__new": 281
                    },
                    "Vocabulary": {
                        "__old": 81,
                        "__new": 103
                    },
                    "Length": {
                        "__old": 567,
                        "__new": 547
                    },
                    "Volume": {
                        "__old": 3594.694951635582,
                        "__new": 3657.5157883692204
                    },
                    "Difficulty": {
                        "__old": 80.78125,
                        "__new": 60.49305555555556
                    },
                    "Level": {
                        "__old": 0.012379110251450677,
                        "__new": 0.01653082309723338
                    },
                    "Effort": {
                        "__old": 290383.95156181185,
                        "__new": 221254.30578114084
                    },
                    "Programming time": {
                        "__old": 16132.441753433992,
                        "__new": 12291.905876730047
                    },
                    "Bugs": {
                        "__old": 1.4617075354179188,
                        "__new": 1.2193823355953217
                    },
                    "Estimated program length": {
                        "__old": 434.5432059734445,
                        "__new": 597.8146857258396
                    },
                    "Purity ratio": {
                        "__old": 0.7663901339919656,
                        "__new": 1.092897048858939
                    }
                },
                "Mi": {
                    "Original": {
                        "__old": 36.31655915490933,
                        "__new": 45.1986815374873
                    },
                    "Sei": {
                        "__old": 11.94402167986491,
                        "__new": 9.374655371045023
                    },
                    "Visual Studio": {
                        "__old": 21.23775389175984,
                        "__new": 26.431977507302516
                    }
                }
            }
        ]
    ]
}