{
    "SLOC": {
        "__old": 198,
        "__new": 106
    },
    "PLOC": {
        "__old": 124,
        "__new": 85
    },
    "LLOC": {
        "__old": 51,
        "__new": 77
    },
    "CLOC": {
        "__old": 41,
        "__new": 5
    },
    "BLANK": {
        "__old": 33,
        "__new": 16
    },
    "CC": {
        "__old": 28,
        "__new": 33
    },
    "NEXITS": {
        "__old": 2,
        "__new": 1
    },
    "NOM": {
        "functions": {
            "__old": 5,
            "__new": 4
        },
        "closures": {
            "__old": 0,
            "__new": 1
        }
    },
    "HALSTEAD": {
        "n1": {
            "__old": 33,
            "__new": 30
        },
        "n2": {
            "__old": 48,
            "__new": 72
        },
        "N1": {
            "__old": 332,
            "__new": 182
        },
        "N2": {
            "__old": 235,
            "__new": 281
        },
        "Vocabulary": {
            "__old": 81,
            "__new": 102
        },
        "Length": {
            "__old": 567,
            "__new": 463
        },
        "Volume": {
            "__old": 3594.694951635582,
            "__new": 3089.3329333328024
        },
        "Difficulty": {
            "__old": 80.78125,
            "__new": 58.541666666666664
        },
        "Level": {
            "__old": 0.012379110251450677,
            "__new": 0.01708185053380783
        },
        "Effort": {
            "__old": 290383.95156181185,
            "__new": 180854.69880552447
        },
        "Programming time": {
            "__old": 16132.441753433992,
            "__new": 10047.483266973582
        },
        "Bugs": {
            "__old": 1.4617075354179188,
            "__new": 1.066019812671971
        },
        "Estimated program length": {
            "__old": 434.5432059734445,
            "__new": 591.4413179721021
        },
        "Purity ratio": {
            "__old": 0.7663901339919656,
            "__new": 1.2774110539354255
        }
    },
    "MI": {
        "Original": {
            "__old": 36.31655915490933,
            "__new": 46.07659224487226
        },
        "Sei": {
            "__old": 11.94402167986491,
            "__new": 10.6412127949326
        },
        "Visual Studio": {
            "__old": 21.23775389175984,
            "__new": 26.945375581796647
        }
    },
    "files": [
        [
            "~",
            {
                "filename": {
                    "__old": "Assets/C++/fannkuchredux.cpp",
                    "__new": "Assets/Python/fannkuchredux.py"
                },
                "SLOC": {
                    "__old": 198,
                    "__new": 106
                },
                "PLOC": {
                    "__old": 124,
                    "__new": 85
                },
                "LLOC": {
                    "__old": 51,
                    "__new": 77
                },
                "CLOC": {
                    "__old": 41,
                    "__new": 5
                },
                "BLANK": {
                    "__old": 33,
                    "__new": 16
                },
                "CC": {
                    "__old": 28,
                    "__new": 33
                },
                "COGNITIVE": {
                    "__old": 46,
                    "__new": 52
                },
                "NEXITS": {
                    "__old": 2,
                    "__new": 1
                },
                "NOM": {
                    "functions": {
                        "__old": 5,
                        "__new": 4
                    },
                    "closures": {
                        "__old": 0,
                        "__new": 1
                    }
                },
                "Halstead": {
                    "n1": {
                        "__old": 33,
                        "__new": 30
                    },
                    "n2": {
                        "__old": 48,
                        "__new": 72
                    },
                    "N1": {
                        "__old": 332,
                        "__new": 182
                    },
                    "N2": {
                        "__old": 235,
                        "__new": 281
                    },
                    "Vocabulary": {
                        "__old": 81,
                        "__new": 102
                    },
                    "Length": {
                        "__old": 567,
                        "__new": 463
                    },
                    "Volume": {
                        "__old": 3594.694951635582,
                        "__new": 3089.3329333328024
                    },
                    "Difficulty": {
                        "__old": 80.78125,
                        "__new": 58.541666666666664
                    },
                    "Level": {
                        "__old": 0.012379110251450677,
                        "__new": 0.01708185053380783
                    },
                    "Effort": {
                        "__old": 290383.95156181185,
                        "__new": 180854.69880552447
                    },
                    "Programming time": {
                        "__old": 16132.441753433992,
                        "__new": 10047.483266973582
                    },
                    "Bugs": {
                        "__old": 1.4617075354179188,
                        "__new": 1.066019812671971
                    },
                    "Estimated program length": {
                        "__old": 434.5432059734445,
                        "__new": 591.4413179721021
                    },
                    "Purity ratio": {
                        "__old": 0.7663901339919656,
                        "__new": 1.2774110539354255
                    }
                },
                "Mi": {
                    "Original": {
                        "__old": 36.31655915490933,
                        "__new": 46.07659224487226
                    },
                    "Sei": {
                        "__old": 11.94402167986491,
                        "__new": 10.6412127949326
                    },
                    "Visual Studio": {
                        "__old": 21.23775389175984,
                        "__new": 26.945375581796647
                    }
                }
            }
        ]
    ]
}