{
    "SLOC": {
        "__old": 314,
        "__new": 138
    },
    "PLOC": {
        "__old": 251,
        "__new": 79
    },
    "LLOC": {
        "__old": 64,
        "__new": 68
    },
    "CLOC": {
        "__old": 19,
        "__new": 28
    },
    "BLANK": {
        "__old": 44,
        "__new": 31
    },
    "CC_SUM": {
        "__old": 40,
        "__new": 15
    },
    "CC_AVG": {
        "__old": 1.8181818181818181,
        "__new": 3
    },
    "COGNITIVE_SUM": {
        "__old": 27,
        "__new": 12
    },
    "COGNITIVE_AVG": {
        "__old": 1.35,
        "__new": 3
    },
    "NARGS_SUM": {
        "__old": 35,
        "__new": 6
    },
    "NARGS_AVG": {
        "__old": 1.75,
        "__new": 1.5
    },
    "NEXITS": {
        "__old": 16,
        "__new": 2
    },
    "NEXITS_AVG": {
        "__old": 0.8,
        "__new": 0.5
    },
    "NOM": {
        "functions": {
            "__old": 18,
            "__new": 4
        },
        "closures": {
            "__old": 2,
            "__new": 0
        },
        "total": {
            "__old": 20,
            "__new": 4
        }
    },
    "HALSTEAD": {
        "n1": {
            "__old": 32,
            "__new": 18
        },
        "n2": {
            "__old": 130,
            "__new": 91
        },
        "N1": {
            "__old": 676,
            "__new": 140
        },
        "N2": {
            "__old": 460,
            "__new": 234
        },
        "Vocabulary": {
            "__old": 162,
            "__new": 109
        },
        "Length": {
            "__old": 1136,
            "__new": 374
        },
        "Volume": {
            "__old": 8338.069603276934,
            "__new": 2531.3009374665703
        },
        "Difficulty": {
            "__old": 56.61538461538461,
            "__new": 23.142857142857142
        },
        "Level": {
            "__old": 0.01766304347826087,
            "__new": 0.043209876543209874
        },
        "Effort": {
            "__old": 472063.017539371,
            "__new": 58581.5359813692
        },
        "Programming time": {
            "__old": 26225.72319663172,
            "__new": 3254.5297767427332
        },
        "Bugs": {
            "__old": 2.0209026686719946,
            "__new": 0.5027891705409683
        },
        "Estimated program length": {
            "__old": 1072.907815693699,
            "__new": 667.2679622840429
        },
        "Purity ratio": {
            "__old": 0.9444611053641716,
            "__new": 1.7841389365883502
        }
    },
    "MI": {
        "Original": {
            "__old": 21.71118119643937,
            "__new": 46.97874929915429
        },
        "Sei": {
            "__old": -21.709224960453916,
            "__new": 25.729998103367933
        },
        "Visual Studio": {
            "__old": 12.696597190900217,
            "__new": 27.472952806522976
        }
    },
    "files": [
        [
            "~",
            {
                "filename": {
                    "__old": "Assets/C++/fasta.cpp",
                    "__new": "Assets/Python/fasta.py"
                },
                "SLOC": {
                    "__old": 314,
                    "__new": 138
                },
                "PLOC": {
                    "__old": 251,
                    "__new": 79
                },
                "LLOC": {
                    "__old": 64,
                    "__new": 68
                },
                "CLOC": {
                    "__old": 19,
                    "__new": 28
                },
                "BLANK": {
                    "__old": 44,
                    "__new": 31
                },
                "CC_SUM": {
                    "__old": 40,
                    "__new": 15
                },
                "CC_AVG": {
                    "__old": 1.8181818181818181,
                    "__new": 3
                },
                "COGNITIVE_SUM": {
                    "__old": 27,
                    "__new": 12
                },
                "COGNITIVE_AVG": {
                    "__old": 1.35,
                    "__new": 3
                },
                "NARGS_SUM": {
                    "__old": 35,
                    "__new": 6
                },
                "NARGS_AVG": {
                    "__old": 1.75,
                    "__new": 1.5
                },
                "NEXITS": {
                    "__old": 16,
                    "__new": 2
                },
                "NEXITS_AVG": {
                    "__old": 0.8,
                    "__new": 0.5
                },
                "NOM": {
                    "functions": {
                        "__old": 18,
                        "__new": 4
                    },
                    "closures": {
                        "__old": 2,
                        "__new": 0
                    },
                    "total": {
                        "__old": 20,
                        "__new": 4
                    }
                },
                "Halstead": {
                    "n1": {
                        "__old": 32,
                        "__new": 18
                    },
                    "n2": {
                        "__old": 130,
                        "__new": 91
                    },
                    "N1": {
                        "__old": 676,
                        "__new": 140
                    },
                    "N2": {
                        "__old": 460,
                        "__new": 234
                    },
                    "Vocabulary": {
                        "__old": 162,
                        "__new": 109
                    },
                    "Length": {
                        "__old": 1136,
                        "__new": 374
                    },
                    "Volume": {
                        "__old": 8338.069603276934,
                        "__new": 2531.3009374665703
                    },
                    "Difficulty": {
                        "__old": 56.61538461538461,
                        "__new": 23.142857142857142
                    },
                    "Level": {
                        "__old": 0.01766304347826087,
                        "__new": 0.043209876543209874
                    },
                    "Effort": {
                        "__old": 472063.017539371,
                        "__new": 58581.5359813692
                    },
                    "Programming time": {
                        "__old": 26225.72319663172,
                        "__new": 3254.5297767427332
                    },
                    "Bugs": {
                        "__old": 2.0209026686719946,
                        "__new": 0.5027891705409683
                    },
                    "Estimated program length": {
                        "__old": 1072.907815693699,
                        "__new": 667.2679622840429
                    },
                    "Purity ratio": {
                        "__old": 0.9444611053641716,
                        "__new": 1.7841389365883502
                    }
                },
                "Mi": {
                    "Original": {
                        "__old": 21.71118119643937,
                        "__new": 46.97874929915429
                    },
                    "Sei": {
                        "__old": -21.709224960453916,
                        "__new": 25.729998103367933
                    },
                    "Visual Studio": {
                        "__old": 12.696597190900217,
                        "__new": 27.472952806522976
                    }
                }
            }
        ]
    ]
}