{
    "SLOC": {
        "__old": 314,
        "__new": 138
    },
    "PLOC": {
        "__old": 251,
        "__new": 79
    },
    "LLOC": {
        "__old": 64,
        "__new": 68
    },
    "CLOC": {
        "__old": 19,
        "__new": 28
    },
    "BLANK": {
        "__old": 44,
        "__new": 31
    },
    "CC": {
        "__old": 40,
        "__new": 15
    },
    "NEXITS": {
        "__old": 16,
        "__new": 2
    },
    "NOM": {
        "functions": {
            "__old": 18,
            "__new": 4
        },
        "closures": {
            "__old": 2,
            "__new": 0
        },
        "total": {
            "__old": 20,
            "__new": 4
        }
    },
    "HALSTEAD": {
        "n1": {
            "__old": 32,
            "__new": 19
        },
        "n2": {
            "__old": 130,
            "__new": 91
        },
        "N1": {
            "__old": 676,
            "__new": 193
        },
        "N2": {
            "__old": 460,
            "__new": 234
        },
        "Vocabulary": {
            "__old": 162,
            "__new": 110
        },
        "Length": {
            "__old": 1136,
            "__new": 427
        },
        "Volume": {
            "__old": 8338.069603276934,
            "__new": 2895.6405976750298
        },
        "Difficulty": {
            "__old": 56.61538461538461,
            "__new": 24.428571428571427
        },
        "Level": {
            "__old": 0.01766304347826087,
            "__new": 0.04093567251461989
        },
        "Effort": {
            "__old": 472063.017539371,
            "__new": 70736.36317177572
        },
        "Programming time": {
            "__old": 26225.72319663172,
            "__new": 3929.79795398754
        },
        "Bugs": {
            "__old": 2.0209026686719946,
            "__new": 0.5701300037007624
        },
        "Estimated program length": {
            "__old": 1072.907815693699,
            "__new": 672.9199350135095
        },
        "Purity ratio": {
            "__old": 0.9444611053641716,
            "__new": 1.5759249063548233
        }
    },
    "MI": {
        "Original": {
            "__old": 21.71118119643937,
            "__new": 46.27948975793785
        },
        "Sei": {
            "__old": -21.709224960453916,
            "__new": 24.721179830960693
        },
        "Visual Studio": {
            "__old": 12.696597190900217,
            "__new": 27.06402909820927
        }
    },
    "files": [
        [
            "~",
            {
                "filename": {
                    "__old": "Assets/C++/fasta.cpp",
                    "__new": "Assets/Python/fasta.py"
                },
                "SLOC": {
                    "__old": 314,
                    "__new": 138
                },
                "PLOC": {
                    "__old": 251,
                    "__new": 79
                },
                "LLOC": {
                    "__old": 64,
                    "__new": 68
                },
                "CLOC": {
                    "__old": 19,
                    "__new": 28
                },
                "BLANK": {
                    "__old": 44,
                    "__new": 31
                },
                "CC": {
                    "__old": 40,
                    "__new": 15
                },
                "NEXITS": {
                    "__old": 16,
                    "__new": 2
                },
                "NOM": {
                    "functions": {
                        "__old": 18,
                        "__new": 4
                    },
                    "closures": {
                        "__old": 2,
                        "__new": 0
                    },
                    "total": {
                        "__old": 20,
                        "__new": 4
                    }
                },
                "Halstead": {
                    "n1": {
                        "__old": 32,
                        "__new": 19
                    },
                    "n2": {
                        "__old": 130,
                        "__new": 91
                    },
                    "N1": {
                        "__old": 676,
                        "__new": 193
                    },
                    "N2": {
                        "__old": 460,
                        "__new": 234
                    },
                    "Vocabulary": {
                        "__old": 162,
                        "__new": 110
                    },
                    "Length": {
                        "__old": 1136,
                        "__new": 427
                    },
                    "Volume": {
                        "__old": 8338.069603276934,
                        "__new": 2895.6405976750298
                    },
                    "Difficulty": {
                        "__old": 56.61538461538461,
                        "__new": 24.428571428571427
                    },
                    "Level": {
                        "__old": 0.01766304347826087,
                        "__new": 0.04093567251461989
                    },
                    "Effort": {
                        "__old": 472063.017539371,
                        "__new": 70736.36317177572
                    },
                    "Programming time": {
                        "__old": 26225.72319663172,
                        "__new": 3929.79795398754
                    },
                    "Bugs": {
                        "__old": 2.0209026686719946,
                        "__new": 0.5701300037007624
                    },
                    "Estimated program length": {
                        "__old": 1072.907815693699,
                        "__new": 672.9199350135095
                    },
                    "Purity ratio": {
                        "__old": 0.9444611053641716,
                        "__new": 1.5759249063548233
                    }
                },
                "Mi": {
                    "Original": {
                        "__old": 21.71118119643937,
                        "__new": 46.27948975793785
                    },
                    "Sei": {
                        "__old": -21.709224960453916,
                        "__new": 24.721179830960693
                    },
                    "Visual Studio": {
                        "__old": 12.696597190900217,
                        "__new": 27.06402909820927
                    }
                }
            }
        ]
    ]
}