{
    "SLOC": {
        "__old": 154,
        "__new": 186
    },
    "PLOC": {
        "__old": 134,
        "__new": 156
    },
    "LLOC": {
        "__old": 50,
        "__new": 128
    },
    "CLOC": {
        "__old": 6,
        "__new": 4
    },
    "BLANK": {
        "__old": 14,
        "__new": 26
    },
    "CC": {
        "__old": 29,
        "__new": 59
    },
    "NEXITS": {
        "__old": 6,
        "__new": 7
    },
    "NOM": {
        "functions": {
            "__old": 12,
            "__new": 10
        },
        "closures": {
            "__old": 0,
            "__new": 3
        },
        "total": {
            "__old": 12,
            "__new": 13
        }
    },
    "HALSTEAD": {
        "n2": {
            "__old": 74,
            "__new": 139
        },
        "N1": {
            "__old": 431,
            "__new": 544
        },
        "N2": {
            "__old": 301,
            "__new": 588
        },
        "Vocabulary": {
            "__old": 105,
            "__new": 170
        },
        "Length": {
            "__old": 732,
            "__new": 1132
        },
        "Volume": {
            "__old": 4914.827718931601,
            "__new": 8387.430539707879
        },
        "Difficulty": {
            "__old": 63.0472972972973,
            "__new": 65.56834532374101
        },
        "Level": {
            "__old": 0.0158611081341764,
            "__new": 0.015251261795040596
        },
        "Effort": {
            "__old": 309866.6043604782,
            "__new": 549949.9420064577
        },
        "Programming time": {
            "__old": 17214.8113533599,
            "__new": 30552.77455591432
        },
        "Bugs": {
            "__old": 1.526377400588348,
            "__new": 2.2374887085700426
        },
        "Estimated program length": {
            "__old": 613.0796346785355,
            "__new": 1143.1128947305606
        },
        "Purity ratio": {
            "__old": 0.8375404845335185,
            "__new": 1.0098170448149828
        }
    },
    "MI": {
        "Original": {
            "__old": 38.5313055455879,
            "__new": 25.793558486679558
        },
        "Sei": {
            "__old": -2.1069019620075977,
            "__new": -21.219466695400392
        },
        "Visual Studio": {
            "__old": 22.532927219642044,
            "__new": 15.083952331391554
        }
    },
    "files": [
        [
            "~",
            {
                "filename": {
                    "__old": "Assets/C++/knucleotide.cpp",
                    "__new": "Assets/Python/knucleotide.py"
                },
                "SLOC": {
                    "__old": 154,
                    "__new": 186
                },
                "PLOC": {
                    "__old": 134,
                    "__new": 156
                },
                "LLOC": {
                    "__old": 50,
                    "__new": 128
                },
                "CLOC": {
                    "__old": 6,
                    "__new": 4
                },
                "BLANK": {
                    "__old": 14,
                    "__new": 26
                },
                "CC": {
                    "__old": 29,
                    "__new": 59
                },
                "NEXITS": {
                    "__old": 6,
                    "__new": 7
                },
                "NOM": {
                    "functions": {
                        "__old": 12,
                        "__new": 10
                    },
                    "closures": {
                        "__old": 0,
                        "__new": 3
                    },
                    "total": {
                        "__old": 12,
                        "__new": 13
                    }
                },
                "Halstead": {
                    "n2": {
                        "__old": 74,
                        "__new": 139
                    },
                    "N1": {
                        "__old": 431,
                        "__new": 544
                    },
                    "N2": {
                        "__old": 301,
                        "__new": 588
                    },
                    "Vocabulary": {
                        "__old": 105,
                        "__new": 170
                    },
                    "Length": {
                        "__old": 732,
                        "__new": 1132
                    },
                    "Volume": {
                        "__old": 4914.827718931601,
                        "__new": 8387.430539707879
                    },
                    "Difficulty": {
                        "__old": 63.0472972972973,
                        "__new": 65.56834532374101
                    },
                    "Level": {
                        "__old": 0.0158611081341764,
                        "__new": 0.015251261795040596
                    },
                    "Effort": {
                        "__old": 309866.6043604782,
                        "__new": 549949.9420064577
                    },
                    "Programming time": {
                        "__old": 17214.8113533599,
                        "__new": 30552.77455591432
                    },
                    "Bugs": {
                        "__old": 1.526377400588348,
                        "__new": 2.2374887085700426
                    },
                    "Estimated program length": {
                        "__old": 613.0796346785355,
                        "__new": 1143.1128947305606
                    },
                    "Purity ratio": {
                        "__old": 0.8375404845335185,
                        "__new": 1.0098170448149828
                    }
                },
                "Mi": {
                    "Original": {
                        "__old": 38.5313055455879,
                        "__new": 25.793558486679558
                    },
                    "Sei": {
                        "__old": -2.1069019620075977,
                        "__new": -21.219466695400392
                    },
                    "Visual Studio": {
                        "__old": 22.532927219642044,
                        "__new": 15.083952331391554
                    }
                }
            }
        ]
    ]
}