{
    "SLOC": {
        "__old": 154,
        "__new": 186
    },
    "PLOC": {
        "__old": 134,
        "__new": 156
    },
    "LLOC": {
        "__old": 50,
        "__new": 128
    },
    "CLOC": {
        "__old": 6,
        "__new": 4
    },
    "BLANK": {
        "__old": 14,
        "__new": 26
    },
    "CC": {
        "__old": 29,
        "__new": 59
    },
    "NARGS_SUM": {
        "__old": 17,
        "__new": 28
    },
    "NARGS_AVG": {
        "__old": 1.4166666666666667,
        "__new": 2.1538461538461537
    },
    "NEXITS": {
        "__old": 6,
        "__new": 7
    },
    "NOM": {
        "functions": {
            "__old": 12,
            "__new": 10
        },
        "closures": {
            "__old": 0,
            "__new": 3
        },
        "total": {
            "__old": 12,
            "__new": 13
        }
    },
    "HALSTEAD": {
        "n1": {
            "__old": 31,
            "__new": 29
        },
        "n2": {
            "__old": 74,
            "__new": 139
        },
        "N1": {
            "__old": 431,
            "__new": 380
        },
        "N2": {
            "__old": 301,
            "__new": 588
        },
        "Vocabulary": {
            "__old": 105,
            "__new": 168
        },
        "Length": {
            "__old": 732,
            "__new": 968
        },
        "Volume": {
            "__old": 4914.827718931601,
            "__new": 7155.7632652498405
        },
        "Difficulty": {
            "__old": 63.0472972972973,
            "__new": 61.33812949640288
        },
        "Level": {
            "__old": 0.0158611081341764,
            "__new": 0.01630307295331926
        },
        "Effort": {
            "__old": 309866.6043604782,
            "__new": 438921.1338094974
        },
        "Programming time": {
            "__old": 17214.8113533599,
            "__new": 24384.507433860967
        },
        "Bugs": {
            "__old": 1.526377400588348,
            "__new": 1.925172902533652
        },
        "Estimated program length": {
            "__old": 613.0796346785355,
            "__new": 1130.414257967267
        },
        "Purity ratio": {
            "__old": 0.8375404845335185,
            "__new": 1.1677833243463502
        }
    },
    "MI": {
        "Original": {
            "__old": 38.5313055455879,
            "__new": 26.619402402992506
        },
        "Sei": {
            "__old": -2.1069019620075977,
            "__new": -20.028025772787338
        },
        "Visual Studio": {
            "__old": 22.532927219642044,
            "__new": 15.566901990054097
        }
    },
    "files": [
        [
            "~",
            {
                "filename": {
                    "__old": "Assets/C++/knucleotide.cpp",
                    "__new": "Assets/Python/knucleotide.py"
                },
                "SLOC": {
                    "__old": 154,
                    "__new": 186
                },
                "PLOC": {
                    "__old": 134,
                    "__new": 156
                },
                "LLOC": {
                    "__old": 50,
                    "__new": 128
                },
                "CLOC": {
                    "__old": 6,
                    "__new": 4
                },
                "BLANK": {
                    "__old": 14,
                    "__new": 26
                },
                "CC": {
                    "__old": 29,
                    "__new": 59
                },
                "COGNITIVE": {
                    "__old": 11,
                    "__new": 70
                },
                "NARGS_SUM": {
                    "__old": 17,
                    "__new": 28
                },
                "NARGS_AVG": {
                    "__old": 1.4166666666666667,
                    "__new": 2.1538461538461537
                },
                "NEXITS": {
                    "__old": 6,
                    "__new": 7
                },
                "NOM": {
                    "functions": {
                        "__old": 12,
                        "__new": 10
                    },
                    "closures": {
                        "__old": 0,
                        "__new": 3
                    },
                    "total": {
                        "__old": 12,
                        "__new": 13
                    }
                },
                "Halstead": {
                    "n1": {
                        "__old": 31,
                        "__new": 29
                    },
                    "n2": {
                        "__old": 74,
                        "__new": 139
                    },
                    "N1": {
                        "__old": 431,
                        "__new": 380
                    },
                    "N2": {
                        "__old": 301,
                        "__new": 588
                    },
                    "Vocabulary": {
                        "__old": 105,
                        "__new": 168
                    },
                    "Length": {
                        "__old": 732,
                        "__new": 968
                    },
                    "Volume": {
                        "__old": 4914.827718931601,
                        "__new": 7155.7632652498405
                    },
                    "Difficulty": {
                        "__old": 63.0472972972973,
                        "__new": 61.33812949640288
                    },
                    "Level": {
                        "__old": 0.0158611081341764,
                        "__new": 0.01630307295331926
                    },
                    "Effort": {
                        "__old": 309866.6043604782,
                        "__new": 438921.1338094974
                    },
                    "Programming time": {
                        "__old": 17214.8113533599,
                        "__new": 24384.507433860967
                    },
                    "Bugs": {
                        "__old": 1.526377400588348,
                        "__new": 1.925172902533652
                    },
                    "Estimated program length": {
                        "__old": 613.0796346785355,
                        "__new": 1130.414257967267
                    },
                    "Purity ratio": {
                        "__old": 0.8375404845335185,
                        "__new": 1.1677833243463502
                    }
                },
                "Mi": {
                    "Original": {
                        "__old": 38.5313055455879,
                        "__new": 26.619402402992506
                    },
                    "Sei": {
                        "__old": -2.1069019620075977,
                        "__new": -20.028025772787338
                    },
                    "Visual Studio": {
                        "__old": 22.532927219642044,
                        "__new": 15.566901990054097
                    }
                }
            }
        ]
    ]
}