{
    "SLOC": {
        "__old": 177,
        "__new": 74
    },
    "PLOC": {
        "__old": 120,
        "__new": 59
    },
    "LLOC": {
        "__old": 50,
        "__new": 53
    },
    "CLOC": {
        "__old": 31,
        "__new": 4
    },
    "BLANK": {
        "__old": 26,
        "__new": 11
    },
    "CC": {
        "__old": 33,
        "__new": 22
    },
    "NEXITS": {
        "__old": 5,
        "__new": 1
    },
    "NOM": {
        "functions": {
            "__old": 6,
            "__new": 5
        },
        "total": {
            "__old": 6,
            "__new": 5
        }
    },
    "HALSTEAD": {
        "n1": {
            "__old": 31,
            "__new": 32
        },
        "n2": {
            "__old": 76,
            "__new": 68
        },
        "N1": {
            "__old": 357,
            "__new": 155
        },
        "N2": {
            "__old": 277,
            "__new": 174
        },
        "Vocabulary": {
            "__old": 107,
            "__new": 100
        },
        "Length": {
            "__old": 634,
            "__new": 329
        },
        "Volume": {
            "__old": 4274.090069378328,
            "__new": 2185.8286864358843
        },
        "Difficulty": {
            "__old": 56.49342105263158,
            "__new": 40.94117647058823
        },
        "Level": {
            "__old": 0.01770117619657622,
            "__new": 0.02442528735632184
        },
        "Effort": {
            "__old": 241457.96990626122,
            "__new": 89490.3979858456
        },
        "Programming time": {
            "__old": 13414.331661458957,
            "__new": 4971.688776991422
        },
        "Bugs": {
            "__old": 1.2925274501455593,
            "__new": 0.6669035639113784
        },
        "Estimated program length": {
            "__old": 628.4225766437056,
            "__new": 573.947473205023
        },
        "Purity ratio": {
            "__old": 0.9912028022771382,
            "__new": 1.7445211951520456
        }
    },
    "MI": {
        "Original": {
            "__old": 36.0826764831795,
            "__new": 56.22744394488677
        },
        "Sei": {
            "__old": 9.908528038966214,
            "__new": 25.28038022795969
        },
        "Visual Studio": {
            "__old": 21.100980399520175,
            "__new": 32.88154616660045
        }
    },
    "files": [
        [
            "~",
            {
                "filename": {
                    "__old": "Assets/C++/mandelbrot.cpp",
                    "__new": "Assets/Python/mandelbrot.py"
                },
                "SLOC": {
                    "__old": 177,
                    "__new": 74
                },
                "PLOC": {
                    "__old": 120,
                    "__new": 59
                },
                "LLOC": {
                    "__old": 50,
                    "__new": 53
                },
                "CLOC": {
                    "__old": 31,
                    "__new": 4
                },
                "BLANK": {
                    "__old": 26,
                    "__new": 11
                },
                "CC": {
                    "__old": 33,
                    "__new": 22
                },
                "NEXITS": {
                    "__old": 5,
                    "__new": 1
                },
                "NOM": {
                    "functions": {
                        "__old": 6,
                        "__new": 5
                    },
                    "total": {
                        "__old": 6,
                        "__new": 5
                    }
                },
                "Halstead": {
                    "n1": {
                        "__old": 31,
                        "__new": 32
                    },
                    "n2": {
                        "__old": 76,
                        "__new": 68
                    },
                    "N1": {
                        "__old": 357,
                        "__new": 155
                    },
                    "N2": {
                        "__old": 277,
                        "__new": 174
                    },
                    "Vocabulary": {
                        "__old": 107,
                        "__new": 100
                    },
                    "Length": {
                        "__old": 634,
                        "__new": 329
                    },
                    "Volume": {
                        "__old": 4274.090069378328,
                        "__new": 2185.8286864358843
                    },
                    "Difficulty": {
                        "__old": 56.49342105263158,
                        "__new": 40.94117647058823
                    },
                    "Level": {
                        "__old": 0.01770117619657622,
                        "__new": 0.02442528735632184
                    },
                    "Effort": {
                        "__old": 241457.96990626122,
                        "__new": 89490.3979858456
                    },
                    "Programming time": {
                        "__old": 13414.331661458957,
                        "__new": 4971.688776991422
                    },
                    "Bugs": {
                        "__old": 1.2925274501455593,
                        "__new": 0.6669035639113784
                    },
                    "Estimated program length": {
                        "__old": 628.4225766437056,
                        "__new": 573.947473205023
                    },
                    "Purity ratio": {
                        "__old": 0.9912028022771382,
                        "__new": 1.7445211951520456
                    }
                },
                "Mi": {
                    "Original": {
                        "__old": 36.0826764831795,
                        "__new": 56.22744394488677
                    },
                    "Sei": {
                        "__old": 9.908528038966214,
                        "__new": 25.28038022795969
                    },
                    "Visual Studio": {
                        "__old": 21.100980399520175,
                        "__new": 32.88154616660045
                    }
                }
            }
        ]
    ]
}