{
    "SLOC": {
        "__old": 177,
        "__new": 74
    },
    "PLOC": {
        "__old": 120,
        "__new": 59
    },
    "LLOC": {
        "__old": 50,
        "__new": 53
    },
    "CLOC": {
        "__old": 31,
        "__new": 4
    },
    "BLANK": {
        "__old": 26,
        "__new": 11
    },
    "CC": {
        "__old": 33,
        "__new": 22
    },
    "NARGS_SUM": {
        "__old": 14,
        "__new": 9
    },
    "NARGS_AVG": {
        "__old": 2.3333333333333335,
        "__new": 1.8
    },
    "NEXITS": {
        "__old": 5,
        "__new": 1
    },
    "NOM": {
        "functions": {
            "__old": 6,
            "__new": 5
        },
        "total": {
            "__old": 6,
            "__new": 5
        }
    },
    "HALSTEAD": {
        "n2": {
            "__old": 76,
            "__new": 68
        },
        "N1": {
            "__old": 357,
            "__new": 117
        },
        "N2": {
            "__old": 277,
            "__new": 174
        },
        "Vocabulary": {
            "__old": 107,
            "__new": 99
        },
        "Length": {
            "__old": 634,
            "__new": 291
        },
        "Volume": {
            "__old": 4274.090069378328,
            "__new": 1929.1427764431664
        },
        "Difficulty": {
            "__old": 56.49342105263158,
            "__new": 39.661764705882355
        },
        "Level": {
            "__old": 0.01770117619657622,
            "__new": 0.02521319985168706
        },
        "Effort": {
            "__old": 241457.96990626122,
            "__new": 76513.20688334147
        },
        "Programming time": {
            "__old": 13414.331661458957,
            "__new": 4250.733715741193
        },
        "Bugs": {
            "__old": 1.2925274501455593,
            "__new": 0.600762775679386
        },
        "Estimated program length": {
            "__old": 628.4225766437056,
            "__new": 567.5275588270163
        },
        "Purity ratio": {
            "__old": 0.9912028022771382,
            "__new": 1.95026652517875
        }
    },
    "MI": {
        "Original": {
            "__old": 36.0826764831795,
            "__new": 56.87702415516006
        },
        "Sei": {
            "__old": 9.908528038966214,
            "__new": 26.21752637598056
        },
        "Visual Studio": {
            "__old": 21.100980399520175,
            "__new": 33.261417634596526
        }
    },
    "files": [
        [
            "~",
            {
                "filename": {
                    "__old": "Assets/C++/mandelbrot.cpp",
                    "__new": "Assets/Python/mandelbrot.py"
                },
                "SLOC": {
                    "__old": 177,
                    "__new": 74
                },
                "PLOC": {
                    "__old": 120,
                    "__new": 59
                },
                "LLOC": {
                    "__old": 50,
                    "__new": 53
                },
                "CLOC": {
                    "__old": 31,
                    "__new": 4
                },
                "BLANK": {
                    "__old": 26,
                    "__new": 11
                },
                "CC": {
                    "__old": 33,
                    "__new": 22
                },
                "COGNITIVE": {
                    "__old": 23,
                    "__new": 24
                },
                "NARGS_SUM": {
                    "__old": 14,
                    "__new": 9
                },
                "NARGS_AVG": {
                    "__old": 2.3333333333333335,
                    "__new": 1.8
                },
                "NEXITS": {
                    "__old": 5,
                    "__new": 1
                },
                "NOM": {
                    "functions": {
                        "__old": 6,
                        "__new": 5
                    },
                    "total": {
                        "__old": 6,
                        "__new": 5
                    }
                },
                "Halstead": {
                    "n2": {
                        "__old": 76,
                        "__new": 68
                    },
                    "N1": {
                        "__old": 357,
                        "__new": 117
                    },
                    "N2": {
                        "__old": 277,
                        "__new": 174
                    },
                    "Vocabulary": {
                        "__old": 107,
                        "__new": 99
                    },
                    "Length": {
                        "__old": 634,
                        "__new": 291
                    },
                    "Volume": {
                        "__old": 4274.090069378328,
                        "__new": 1929.1427764431664
                    },
                    "Difficulty": {
                        "__old": 56.49342105263158,
                        "__new": 39.661764705882355
                    },
                    "Level": {
                        "__old": 0.01770117619657622,
                        "__new": 0.02521319985168706
                    },
                    "Effort": {
                        "__old": 241457.96990626122,
                        "__new": 76513.20688334147
                    },
                    "Programming time": {
                        "__old": 13414.331661458957,
                        "__new": 4250.733715741193
                    },
                    "Bugs": {
                        "__old": 1.2925274501455593,
                        "__new": 0.600762775679386
                    },
                    "Estimated program length": {
                        "__old": 628.4225766437056,
                        "__new": 567.5275588270163
                    },
                    "Purity ratio": {
                        "__old": 0.9912028022771382,
                        "__new": 1.95026652517875
                    }
                },
                "Mi": {
                    "Original": {
                        "__old": 36.0826764831795,
                        "__new": 56.87702415516006
                    },
                    "Sei": {
                        "__old": 9.908528038966214,
                        "__new": 26.21752637598056
                    },
                    "Visual Studio": {
                        "__old": 21.100980399520175,
                        "__new": 33.261417634596526
                    }
                }
            }
        ]
    ]
}