{
    "SLOC": {
        "__old": 184,
        "__new": 116
    },
    "PLOC": {
        "__old": 146,
        "__new": 89
    },
    "LLOC": {
        "__old": 38,
        "__new": 53
    },
    "CLOC": {
        "__old": 15,
        "__new": 7
    },
    "BLANK": {
        "__old": 23,
        "__new": 20
    },
    "CC_SUM": {
        "__old": 26,
        "__new": 15
    },
    "CC_AVG": {
        "__old": 2.888888888888889,
        "__new": 2.5
    },
    "COGNITIVE_SUM": {
        "__old": 26,
        "__new": 12
    },
    "COGNITIVE_AVG": {
        "__old": 4.333333333333333,
        "__new": 2.4
    },
    "NARGS_SUM": {
        "__old": 10,
        "__new": 15
    },
    "NARGS_AVG": {
        "__old": 1.6666666666666667,
        "__new": 3
    },
    "NEXITS": {
        "__old": 2,
        "__new": 1
    },
    "NEXITS_AVG": {
        "__old": 0.3333333333333333,
        "__new": 0.2
    },
    "NOM": {
        "functions": {
            "__old": 6,
            "__new": 5
        },
        "total": {
            "__old": 6,
            "__new": 5
        }
    },
    "HALSTEAD": {
        "n1": {
            "__old": 23,
            "__new": 18
        },
        "n2": {
            "__old": 98,
            "__new": 104
        },
        "N1": {
            "__old": 498,
            "__new": 228
        },
        "N2": {
            "__old": 388,
            "__new": 295
        },
        "Vocabulary": {
            "__old": 121,
            "__new": 122
        },
        "Length": {
            "__old": 886,
            "__new": 523
        },
        "Volume": {
            "__old": 6130.112828225291,
            "__new": 3624.77562754539
        },
        "Difficulty": {
            "__old": 45.53061224489796,
            "__new": 25.528846153846153
        },
        "Level": {
            "__old": 0.021963245181532944,
            "__new": 0.039171374764595104
        },
        "Effort": {
            "__old": 279107.7901994005,
            "__new": 92536.33933781741
        },
        "Programming time": {
            "__old": 15505.98834441114,
            "__new": 5140.907740989856
        },
        "Bugs": {
            "__old": 1.42361771684647,
            "__new": 0.6819517089673753
        },
        "Estimated program length": {
            "__old": 752.2834897126016,
            "__new": 771.9043807126351
        },
        "Purity ratio": {
            "__old": 0.8490784308268642,
            "__new": 1.4759165979209083
        }
    },
    "MI": {
        "Original": {
            "__old": 35.18900486644846,
            "__new": 47.92499102255418
        },
        "Sei": {
            "__old": -0.8844006110354101,
            "__new": 13.539717969646862
        },
        "Visual Studio": {
            "__old": 20.578365418975707,
            "__new": 28.026310539505367
        }
    },
    "files": [
        [
            "~",
            {
                "filename": {
                    "__old": "Assets/C++/nbody.cpp",
                    "__new": "Assets/Python/nbody.py"
                },
                "SLOC": {
                    "__old": 184,
                    "__new": 116
                },
                "PLOC": {
                    "__old": 146,
                    "__new": 89
                },
                "LLOC": {
                    "__old": 38,
                    "__new": 53
                },
                "CLOC": {
                    "__old": 15,
                    "__new": 7
                },
                "BLANK": {
                    "__old": 23,
                    "__new": 20
                },
                "CC_SUM": {
                    "__old": 26,
                    "__new": 15
                },
                "CC_AVG": {
                    "__old": 2.888888888888889,
                    "__new": 2.5
                },
                "COGNITIVE_SUM": {
                    "__old": 26,
                    "__new": 12
                },
                "COGNITIVE_AVG": {
                    "__old": 4.333333333333333,
                    "__new": 2.4
                },
                "NARGS_SUM": {
                    "__old": 10,
                    "__new": 15
                },
                "NARGS_AVG": {
                    "__old": 1.6666666666666667,
                    "__new": 3
                },
                "NEXITS": {
                    "__old": 2,
                    "__new": 1
                },
                "NEXITS_AVG": {
                    "__old": 0.3333333333333333,
                    "__new": 0.2
                },
                "NOM": {
                    "functions": {
                        "__old": 6,
                        "__new": 5
                    },
                    "total": {
                        "__old": 6,
                        "__new": 5
                    }
                },
                "Halstead": {
                    "n1": {
                        "__old": 23,
                        "__new": 18
                    },
                    "n2": {
                        "__old": 98,
                        "__new": 104
                    },
                    "N1": {
                        "__old": 498,
                        "__new": 228
                    },
                    "N2": {
                        "__old": 388,
                        "__new": 295
                    },
                    "Vocabulary": {
                        "__old": 121,
                        "__new": 122
                    },
                    "Length": {
                        "__old": 886,
                        "__new": 523
                    },
                    "Volume": {
                        "__old": 6130.112828225291,
                        "__new": 3624.77562754539
                    },
                    "Difficulty": {
                        "__old": 45.53061224489796,
                        "__new": 25.528846153846153
                    },
                    "Level": {
                        "__old": 0.021963245181532944,
                        "__new": 0.039171374764595104
                    },
                    "Effort": {
                        "__old": 279107.7901994005,
                        "__new": 92536.33933781741
                    },
                    "Programming time": {
                        "__old": 15505.98834441114,
                        "__new": 5140.907740989856
                    },
                    "Bugs": {
                        "__old": 1.42361771684647,
                        "__new": 0.6819517089673753
                    },
                    "Estimated program length": {
                        "__old": 752.2834897126016,
                        "__new": 771.9043807126351
                    },
                    "Purity ratio": {
                        "__old": 0.8490784308268642,
                        "__new": 1.4759165979209083
                    }
                },
                "Mi": {
                    "Original": {
                        "__old": 35.18900486644846,
                        "__new": 47.92499102255418
                    },
                    "Sei": {
                        "__old": -0.8844006110354101,
                        "__new": 13.539717969646862
                    },
                    "Visual Studio": {
                        "__old": 20.578365418975707,
                        "__new": 28.026310539505367
                    }
                }
            }
        ]
    ]
}