{
    "SLOC": {
        "__old": 184,
        "__new": 116
    },
    "PLOC": {
        "__old": 146,
        "__new": 89
    },
    "LLOC": {
        "__old": 38,
        "__new": 53
    },
    "CLOC": {
        "__old": 15,
        "__new": 7
    },
    "BLANK": {
        "__old": 23,
        "__new": 20
    },
    "CC": {
        "__old": 26,
        "__new": 15
    },
    "NEXITS": {
        "__old": 2,
        "__new": 1
    },
    "NOM": {
        "functions": {
            "__old": 6,
            "__new": 5
        },
        "total": {
            "__old": 6,
            "__new": 5
        }
    },
    "HALSTEAD": {
        "n1": {
            "__old": 23,
            "__new": 20
        },
        "n2": {
            "__old": 98,
            "__new": 104
        },
        "N1": {
            "__old": 498,
            "__new": 300
        },
        "N2": {
            "__old": 388,
            "__new": 295
        },
        "Vocabulary": {
            "__old": 121,
            "__new": 124
        },
        "Length": {
            "__old": 886,
            "__new": 595
        },
        "Volume": {
            "__old": 6130.112828225291,
            "__new": 4137.7468046801905
        },
        "Difficulty": {
            "__old": 45.53061224489796,
            "__new": 28.365384615384617
        },
        "Level": {
            "__old": 0.021963245181532944,
            "__new": 0.03525423728813559
        },
        "Effort": {
            "__old": 279107.7901994005,
            "__new": 117368.77955583233
        },
        "Programming time": {
            "__old": 15505.98834441114,
            "__new": 6520.4877531017955
        },
        "Bugs": {
            "__old": 1.42361771684647,
            "__new": 0.7990619872930836
        },
        "Estimated program length": {
            "__old": 752.2834897126016,
            "__new": 783.2842925844208
        },
        "Purity ratio": {
            "__old": 0.8490784308268642,
            "__new": 1.3164441892175138
        }
    },
    "MI": {
        "Original": {
            "__old": 35.18900486644846,
            "__new": 47.23672422743864
        },
        "Sei": {
            "__old": -0.8844006110354101,
            "__new": 12.54675887752514
        },
        "Visual Studio": {
            "__old": 20.578365418975707,
            "__new": 27.623815337683418
        }
    },
    "files": [
        [
            "~",
            {
                "filename": {
                    "__old": "Assets/C++/nbody.cpp",
                    "__new": "Assets/Python/nbody.py"
                },
                "SLOC": {
                    "__old": 184,
                    "__new": 116
                },
                "PLOC": {
                    "__old": 146,
                    "__new": 89
                },
                "LLOC": {
                    "__old": 38,
                    "__new": 53
                },
                "CLOC": {
                    "__old": 15,
                    "__new": 7
                },
                "BLANK": {
                    "__old": 23,
                    "__new": 20
                },
                "CC": {
                    "__old": 26,
                    "__new": 15
                },
                "NEXITS": {
                    "__old": 2,
                    "__new": 1
                },
                "NOM": {
                    "functions": {
                        "__old": 6,
                        "__new": 5
                    },
                    "total": {
                        "__old": 6,
                        "__new": 5
                    }
                },
                "Halstead": {
                    "n1": {
                        "__old": 23,
                        "__new": 20
                    },
                    "n2": {
                        "__old": 98,
                        "__new": 104
                    },
                    "N1": {
                        "__old": 498,
                        "__new": 300
                    },
                    "N2": {
                        "__old": 388,
                        "__new": 295
                    },
                    "Vocabulary": {
                        "__old": 121,
                        "__new": 124
                    },
                    "Length": {
                        "__old": 886,
                        "__new": 595
                    },
                    "Volume": {
                        "__old": 6130.112828225291,
                        "__new": 4137.7468046801905
                    },
                    "Difficulty": {
                        "__old": 45.53061224489796,
                        "__new": 28.365384615384617
                    },
                    "Level": {
                        "__old": 0.021963245181532944,
                        "__new": 0.03525423728813559
                    },
                    "Effort": {
                        "__old": 279107.7901994005,
                        "__new": 117368.77955583233
                    },
                    "Programming time": {
                        "__old": 15505.98834441114,
                        "__new": 6520.4877531017955
                    },
                    "Bugs": {
                        "__old": 1.42361771684647,
                        "__new": 0.7990619872930836
                    },
                    "Estimated program length": {
                        "__old": 752.2834897126016,
                        "__new": 783.2842925844208
                    },
                    "Purity ratio": {
                        "__old": 0.8490784308268642,
                        "__new": 1.3164441892175138
                    }
                },
                "Mi": {
                    "Original": {
                        "__old": 35.18900486644846,
                        "__new": 47.23672422743864
                    },
                    "Sei": {
                        "__old": -0.8844006110354101,
                        "__new": 12.54675887752514
                    },
                    "Visual Studio": {
                        "__old": 20.578365418975707,
                        "__new": 27.623815337683418
                    }
                }
            }
        ]
    ]
}