{
    "SLOC": {
        "__old": 29,
        "__new": 57
    },
    "PLOC": {
        "__old": 47,
        "__new": 41
    },
    "LLOC": {
        "__old": 10,
        "__new": 40
    },
    "CLOC": {
        "__old": 2,
        "__new": 8
    },
    "BLANK": {
        "__old": 0,
        "__new": 8
    },
    "CC_SUM": {
        "__old": 10,
        "__new": 6
    },
    "CC_AVG": {
        "__old": 2,
        "__new": 6
    },
    "COGNITIVE_SUM": {
        "__old": 0,
        "__new": 11
    },
    "COGNITIVE_AVG": {
        "__old": 0,
        "__new": 11
    },
    "NARGS_SUM": {
        "__old": 2,
        "__new": 0
    },
    "NARGS_AVG": {
        "__old": 0.5,
        "__new": 0
    },
    "NEXITS": {
        "__old": 1,
        "__new": 0
    },
    "NEXITS_AVG": {
        "__old": 0.25,
        "__new": 0
    },
    "NOM": {
        "functions": {
            "__old": 4,
            "__new": 0
        },
        "total": {
            "__old": 4,
            "__new": 0
        }
    },
    "HALSTEAD": {
        "n1": {
            "__old": 24,
            "__new": 17
        },
        "n2": {
            "__old": 34,
            "__new": 40
        },
        "N1": {
            "__old": 147,
            "__new": 83
        },
        "N2": {
            "__old": 110,
            "__new": 141
        },
        "Vocabulary": {
            "__old": 58,
            "__new": 57
        },
        "Length": {
            "__old": 257,
            "__new": 224
        },
        "Volume": {
            "__old": 1505.501115747786,
            "__new": 1306.567363172902
        },
        "Difficulty": {
            "__old": 38.8235294117647,
            "__new": 29.9625
        },
        "Level": {
            "__old": 0.02575757575757576,
            "__new": 0.033375052148518984
        },
        "Effort": {
            "__old": 58448.86684667874,
            "__new": 39148.02461906808
        },
        "Programming time": {
            "__old": 3247.15926925993,
            "__new": 2174.890256614893
        },
        "Bugs": {
            "__old": 0.5020297753264329,
            "__new": 0.3843132109389379
        },
        "Estimated program length": {
            "__old": 283.01283661981927,
            "__new": 282.3639920967503
        },
        "Purity ratio": {
            "__old": 1.1012172631121373,
            "__new": 1.2605535361462066
        }
    },
    "MI": {
        "Original": {
            "__old": 76.10202589123216,
            "__new": 66.81174451406555
        },
        "Sei": {
            "__old": 54.89473685255974,
            "__new": 48.71616911557324
        },
        "Visual Studio": {
            "__old": 44.5041087083229,
            "__new": 39.071195622260554
        }
    },
    "files": [
        [
            "~",
            {
                "filename": {
                    "__old": "Assets/C++/pidigits.cpp",
                    "__new": "Assets/Python/pidigits.py"
                },
                "SLOC": {
                    "__old": 29,
                    "__new": 57
                },
                "PLOC": {
                    "__old": 47,
                    "__new": 41
                },
                "LLOC": {
                    "__old": 10,
                    "__new": 40
                },
                "CLOC": {
                    "__old": 2,
                    "__new": 8
                },
                "BLANK": {
                    "__old": 0,
                    "__new": 8
                },
                "CC_SUM": {
                    "__old": 10,
                    "__new": 6
                },
                "CC_AVG": {
                    "__old": 2,
                    "__new": 6
                },
                "COGNITIVE_SUM": {
                    "__old": 0,
                    "__new": 11
                },
                "NARGS_SUM": {
                    "__old": 2,
                    "__new": 0
                },
                "NARGS_AVG": {
                    "__old": 0.5,
                    "__new": 0
                },
                "NEXITS": {
                    "__old": 1,
                    "__new": 0
                },
                "NEXITS_AVG": {
                    "__old": 0.25,
                    "__new": 0
                },
                "NOM": {
                    "functions": {
                        "__old": 4,
                        "__new": 0
                    },
                    "total": {
                        "__old": 4,
                        "__new": 0
                    }
                },
                "Halstead": {
                    "n1": {
                        "__old": 24,
                        "__new": 17
                    },
                    "n2": {
                        "__old": 34,
                        "__new": 40
                    },
                    "N1": {
                        "__old": 147,
                        "__new": 83
                    },
                    "N2": {
                        "__old": 110,
                        "__new": 141
                    },
                    "Vocabulary": {
                        "__old": 58,
                        "__new": 57
                    },
                    "Length": {
                        "__old": 257,
                        "__new": 224
                    },
                    "Volume": {
                        "__old": 1505.501115747786,
                        "__new": 1306.567363172902
                    },
                    "Difficulty": {
                        "__old": 38.8235294117647,
                        "__new": 29.9625
                    },
                    "Level": {
                        "__old": 0.02575757575757576,
                        "__new": 0.033375052148518984
                    },
                    "Effort": {
                        "__old": 58448.86684667874,
                        "__new": 39148.02461906808
                    },
                    "Programming time": {
                        "__old": 3247.15926925993,
                        "__new": 2174.890256614893
                    },
                    "Bugs": {
                        "__old": 0.5020297753264329,
                        "__new": 0.3843132109389379
                    },
                    "Estimated program length": {
                        "__old": 283.01283661981927,
                        "__new": 282.3639920967503
                    },
                    "Purity ratio": {
                        "__old": 1.1012172631121373,
                        "__new": 1.2605535361462066
                    }
                },
                "Mi": {
                    "Original": {
                        "__old": 76.10202589123216,
                        "__new": 66.81174451406555
                    },
                    "Sei": {
                        "__old": 54.89473685255974,
                        "__new": 48.71616911557324
                    },
                    "Visual Studio": {
                        "__old": 44.5041087083229,
                        "__new": 39.071195622260554
                    }
                }
            }
        ]
    ]
}