{
    "SLOC": {
        "__old": 29,
        "__new": 57
    },
    "PLOC": {
        "__old": 47,
        "__new": 41
    },
    "LLOC": {
        "__old": 10,
        "__new": 40
    },
    "CLOC": {
        "__old": 2,
        "__new": 8
    },
    "BLANK": {
        "__old": 0,
        "__new": 8
    },
    "CC": {
        "__old": 10,
        "__new": 6
    },
    "NEXITS": {
        "__old": 1,
        "__new": 0
    },
    "NOM": {
        "functions": {
            "__old": 4,
            "__new": 0
        },
        "total": {
            "__old": 4,
            "__new": 0
        }
    },
    "HALSTEAD": {
        "n1": {
            "__old": 24,
            "__new": 19
        },
        "n2": {
            "__old": 34,
            "__new": 40
        },
        "N1": {
            "__old": 147,
            "__new": 118
        },
        "N2": {
            "__old": 110,
            "__new": 141
        },
        "Vocabulary": {
            "__old": 58,
            "__new": 59
        },
        "Length": {
            "__old": 257,
            "__new": 259
        },
        "Volume": {
            "__old": 1505.501115747786,
            "__new": 1523.604549784717
        },
        "Difficulty": {
            "__old": 38.8235294117647,
            "__new": 33.4875
        },
        "Level": {
            "__old": 0.02575757575757576,
            "__new": 0.029861888764464356
        },
        "Effort": {
            "__old": 58448.86684667874,
            "__new": 51021.7073609157
        },
        "Programming time": {
            "__old": 3247.15926925993,
            "__new": 2834.53929782865
        },
        "Bugs": {
            "__old": 0.5020297753264329,
            "__new": 0.45854511407427156
        },
        "Estimated program length": {
            "__old": 283.01283661981927,
            "__new": 293.5877465509226
        },
        "Purity ratio": {
            "__old": 1.1012172631121373,
            "__new": 1.133543422976535
        }
    },
    "MI": {
        "Original": {
            "__old": 76.10202589123216,
            "__new": 66.01263151288485
        },
        "Sei": {
            "__old": 54.89473685255974,
            "__new": 47.56329275165993
        },
        "Visual Studio": {
            "__old": 44.5041087083229,
            "__new": 38.60387807771044
        }
    },
    "files": [
        [
            "~",
            {
                "filename": {
                    "__old": "Assets/C++/pidigits.cpp",
                    "__new": "Assets/Python/pidigits.py"
                },
                "SLOC": {
                    "__old": 29,
                    "__new": 57
                },
                "PLOC": {
                    "__old": 47,
                    "__new": 41
                },
                "LLOC": {
                    "__old": 10,
                    "__new": 40
                },
                "CLOC": {
                    "__old": 2,
                    "__new": 8
                },
                "BLANK": {
                    "__old": 0,
                    "__new": 8
                },
                "CC": {
                    "__old": 10,
                    "__new": 6
                },
                "NEXITS": {
                    "__old": 1,
                    "__new": 0
                },
                "NOM": {
                    "functions": {
                        "__old": 4,
                        "__new": 0
                    },
                    "total": {
                        "__old": 4,
                        "__new": 0
                    }
                },
                "Halstead": {
                    "n1": {
                        "__old": 24,
                        "__new": 19
                    },
                    "n2": {
                        "__old": 34,
                        "__new": 40
                    },
                    "N1": {
                        "__old": 147,
                        "__new": 118
                    },
                    "N2": {
                        "__old": 110,
                        "__new": 141
                    },
                    "Vocabulary": {
                        "__old": 58,
                        "__new": 59
                    },
                    "Length": {
                        "__old": 257,
                        "__new": 259
                    },
                    "Volume": {
                        "__old": 1505.501115747786,
                        "__new": 1523.604549784717
                    },
                    "Difficulty": {
                        "__old": 38.8235294117647,
                        "__new": 33.4875
                    },
                    "Level": {
                        "__old": 0.02575757575757576,
                        "__new": 0.029861888764464356
                    },
                    "Effort": {
                        "__old": 58448.86684667874,
                        "__new": 51021.7073609157
                    },
                    "Programming time": {
                        "__old": 3247.15926925993,
                        "__new": 2834.53929782865
                    },
                    "Bugs": {
                        "__old": 0.5020297753264329,
                        "__new": 0.45854511407427156
                    },
                    "Estimated program length": {
                        "__old": 283.01283661981927,
                        "__new": 293.5877465509226
                    },
                    "Purity ratio": {
                        "__old": 1.1012172631121373,
                        "__new": 1.133543422976535
                    }
                },
                "Mi": {
                    "Original": {
                        "__old": 76.10202589123216,
                        "__new": 66.01263151288485
                    },
                    "Sei": {
                        "__old": 54.89473685255974,
                        "__new": 47.56329275165993
                    },
                    "Visual Studio": {
                        "__old": 44.5041087083229,
                        "__new": 38.60387807771044
                    }
                }
            }
        ]
    ]
}