{
    "SLOC": {
        "__old": 94,
        "__new": 55
    },
    "PLOC": {
        "__old": 71,
        "__new": 37
    },
    "CLOC": {
        "__old": 7,
        "__new": 8
    },
    "BLANK": {
        "__old": 16,
        "__new": 10
    },
    "CC_SUM": {
        "__old": 6,
        "__new": 7
    },
    "CC_AVG": {
        "__old": 3,
        "__new": 1.75
    },
    "COGNITIVE_SUM": {
        "__old": 5,
        "__new": 3
    },
    "COGNITIVE_AVG": {
        "__old": 5,
        "__new": 1
    },
    "NARGS_SUM": {
        "__old": 1,
        "__new": 2
    },
    "NARGS_AVG": {
        "__old": 1,
        "__new": 0.6666666666666666
    },
    "NEXITS": {
        "__old": 0,
        "__new": 1
    },
    "NEXITS_AVG": {
        "__old": 0,
        "__new": 0.3333333333333333
    },
    "NOM": {
        "functions": {
            "__old": 1,
            "__new": 3
        },
        "total": {
            "__old": 1,
            "__new": 3
        }
    },
    "HALSTEAD": {
        "n1": {
            "__old": 22,
            "__new": 12
        },
        "n2": {
            "__old": 71,
            "__new": 53
        },
        "N1": {
            "__old": 218,
            "__new": 55
        },
        "N2": {
            "__old": 161,
            "__new": 93
        },
        "Vocabulary": {
            "__old": 93,
            "__new": 65
        },
        "Length": {
            "__old": 379,
            "__new": 148
        },
        "Volume": {
            "__old": 2478.3411894099436,
            "__new": 891.3104363282113
        },
        "Difficulty": {
            "__old": 24.943661971830984,
            "__new": 10.528301886792454
        },
        "Level": {
            "__old": 0.04009034443817053,
            "__new": 0.09498207885304659
        },
        "Effort": {
            "__old": 61818.90487950718,
            "__new": 9383.985348512111
        },
        "Programming time": {
            "__old": 3434.3836044170657,
            "__new": 521.332519361784
        },
        "Bugs": {
            "__old": 0.5211462496741232,
            "__new": 0.1482985686437413
        },
        "Estimated program length": {
            "__old": 534.7395410948529,
            "__new": 346.5993341005034
        },
        "Purity ratio": {
            "__old": 1.4109222720180816,
            "__new": 2.341887392570969
        }
    },
    "MI": {
        "Original": {
            "__old": 55.37883187857979,
            "__new": 69.14919994231667
        },
        "Sei": {
            "__old": 25.31864346324061,
            "__new": 52.626000681014844
        },
        "Visual Studio": {
            "__old": 32.38528180033906,
            "__new": 40.43812862123782
        }
    },
    "files": [
        [
            "~",
            {
                "filename": {
                    "__old": "Assets/C++/regexredux.cpp",
                    "__new": "Assets/Python/regexredux.py"
                },
                "SLOC": {
                    "__old": 94,
                    "__new": 55
                },
                "PLOC": {
                    "__old": 71,
                    "__new": 37
                },
                "CLOC": {
                    "__old": 7,
                    "__new": 8
                },
                "BLANK": {
                    "__old": 16,
                    "__new": 10
                },
                "CC_SUM": {
                    "__old": 6,
                    "__new": 7
                },
                "CC_AVG": {
                    "__old": 3,
                    "__new": 1.75
                },
                "COGNITIVE_SUM": {
                    "__old": 5,
                    "__new": 3
                },
                "COGNITIVE_AVG": {
                    "__old": 5,
                    "__new": 1
                },
                "NARGS_SUM": {
                    "__old": 1,
                    "__new": 2
                },
                "NARGS_AVG": {
                    "__old": 1,
                    "__new": 0.6666666666666666
                },
                "NEXITS": {
                    "__old": 0,
                    "__new": 1
                },
                "NEXITS_AVG": {
                    "__old": 0,
                    "__new": 0.3333333333333333
                },
                "NOM": {
                    "functions": {
                        "__old": 1,
                        "__new": 3
                    },
                    "total": {
                        "__old": 1,
                        "__new": 3
                    }
                },
                "Halstead": {
                    "n1": {
                        "__old": 22,
                        "__new": 12
                    },
                    "n2": {
                        "__old": 71,
                        "__new": 53
                    },
                    "N1": {
                        "__old": 218,
                        "__new": 55
                    },
                    "N2": {
                        "__old": 161,
                        "__new": 93
                    },
                    "Vocabulary": {
                        "__old": 93,
                        "__new": 65
                    },
                    "Length": {
                        "__old": 379,
                        "__new": 148
                    },
                    "Volume": {
                        "__old": 2478.3411894099436,
                        "__new": 891.3104363282113
                    },
                    "Difficulty": {
                        "__old": 24.943661971830984,
                        "__new": 10.528301886792454
                    },
                    "Level": {
                        "__old": 0.04009034443817053,
                        "__new": 0.09498207885304659
                    },
                    "Effort": {
                        "__old": 61818.90487950718,
                        "__new": 9383.985348512111
                    },
                    "Programming time": {
                        "__old": 3434.3836044170657,
                        "__new": 521.332519361784
                    },
                    "Bugs": {
                        "__old": 0.5211462496741232,
                        "__new": 0.1482985686437413
                    },
                    "Estimated program length": {
                        "__old": 534.7395410948529,
                        "__new": 346.5993341005034
                    },
                    "Purity ratio": {
                        "__old": 1.4109222720180816,
                        "__new": 2.341887392570969
                    }
                },
                "Mi": {
                    "Original": {
                        "__old": 55.37883187857979,
                        "__new": 69.14919994231667
                    },
                    "Sei": {
                        "__old": 25.31864346324061,
                        "__new": 52.626000681014844
                    },
                    "Visual Studio": {
                        "__old": 32.38528180033906,
                        "__new": 40.43812862123782
                    }
                }
            }
        ]
    ]
}