{
    "SLOC": {
        "__old": 94,
        "__new": 55
    },
    "PLOC": {
        "__old": 71,
        "__new": 37
    },
    "CLOC": {
        "__old": 7,
        "__new": 8
    },
    "BLANK": {
        "__old": 16,
        "__new": 10
    },
    "CC": {
        "__old": 6,
        "__new": 7
    },
    "NEXITS": {
        "__old": 0,
        "__new": 1
    },
    "NOM": {
        "functions": {
            "__old": 1,
            "__new": 3
        },
        "total": {
            "__old": 1,
            "__new": 3
        }
    },
    "HALSTEAD": {
        "n1": {
            "__old": 22,
            "__new": 14
        },
        "n2": {
            "__old": 71,
            "__new": 53
        },
        "N1": {
            "__old": 218,
            "__new": 79
        },
        "N2": {
            "__old": 161,
            "__new": 93
        },
        "Vocabulary": {
            "__old": 93,
            "__new": 67
        },
        "Length": {
            "__old": 379,
            "__new": 172
        },
        "Volume": {
            "__old": 2478.3411894099436,
            "__new": 1043.3673407587369
        },
        "Difficulty": {
            "__old": 24.943661971830984,
            "__new": 12.283018867924529
        },
        "Level": {
            "__old": 0.04009034443817053,
            "__new": 0.08141321044546851
        },
        "Effort": {
            "__old": 61818.90487950718,
            "__new": 12815.700732715806
        },
        "Programming time": {
            "__old": 3434.3836044170657,
            "__new": 711.983374039767
        },
        "Bugs": {
            "__old": 0.5211462496741232,
            "__new": 0.18254655869879396
        },
        "Estimated program length": {
            "__old": 534.7395410948529,
            "__new": 356.882753000656
        },
        "Purity ratio": {
            "__old": 1.4109222720180816,
            "__new": 2.0748997267480003
        }
    },
    "MI": {
        "Original": {
            "__old": 55.37883187857979,
            "__new": 68.33011773481513
        },
        "Sei": {
            "__old": 25.31864346324061,
            "__new": 51.44431484217202
        },
        "Visual Studio": {
            "__old": 32.38528180033906,
            "__new": 39.95913317825446
        }
    },
    "files": [
        [
            "~",
            {
                "filename": {
                    "__old": "Assets/C++/regexredux.cpp",
                    "__new": "Assets/Python/regexredux.py"
                },
                "SLOC": {
                    "__old": 94,
                    "__new": 55
                },
                "PLOC": {
                    "__old": 71,
                    "__new": 37
                },
                "CLOC": {
                    "__old": 7,
                    "__new": 8
                },
                "BLANK": {
                    "__old": 16,
                    "__new": 10
                },
                "CC": {
                    "__old": 6,
                    "__new": 7
                },
                "NEXITS": {
                    "__old": 0,
                    "__new": 1
                },
                "NOM": {
                    "functions": {
                        "__old": 1,
                        "__new": 3
                    },
                    "total": {
                        "__old": 1,
                        "__new": 3
                    }
                },
                "Halstead": {
                    "n1": {
                        "__old": 22,
                        "__new": 14
                    },
                    "n2": {
                        "__old": 71,
                        "__new": 53
                    },
                    "N1": {
                        "__old": 218,
                        "__new": 79
                    },
                    "N2": {
                        "__old": 161,
                        "__new": 93
                    },
                    "Vocabulary": {
                        "__old": 93,
                        "__new": 67
                    },
                    "Length": {
                        "__old": 379,
                        "__new": 172
                    },
                    "Volume": {
                        "__old": 2478.3411894099436,
                        "__new": 1043.3673407587369
                    },
                    "Difficulty": {
                        "__old": 24.943661971830984,
                        "__new": 12.283018867924529
                    },
                    "Level": {
                        "__old": 0.04009034443817053,
                        "__new": 0.08141321044546851
                    },
                    "Effort": {
                        "__old": 61818.90487950718,
                        "__new": 12815.700732715806
                    },
                    "Programming time": {
                        "__old": 3434.3836044170657,
                        "__new": 711.983374039767
                    },
                    "Bugs": {
                        "__old": 0.5211462496741232,
                        "__new": 0.18254655869879396
                    },
                    "Estimated program length": {
                        "__old": 534.7395410948529,
                        "__new": 356.882753000656
                    },
                    "Purity ratio": {
                        "__old": 1.4109222720180816,
                        "__new": 2.0748997267480003
                    }
                },
                "Mi": {
                    "Original": {
                        "__old": 55.37883187857979,
                        "__new": 68.33011773481513
                    },
                    "Sei": {
                        "__old": 25.31864346324061,
                        "__new": 51.44431484217202
                    },
                    "Visual Studio": {
                        "__old": 32.38528180033906,
                        "__new": 39.95913317825446
                    }
                }
            }
        ]
    ]
}