{
    "SLOC": {
        "__old": 282,
        "__new": 74
    },
    "PLOC": {
        "__old": 222,
        "__new": 61
    },
    "LLOC": {
        "__old": 113,
        "__new": 62
    },
    "CLOC": {
        "__old": 14,
        "__new": 4
    },
    "BLANK": {
        "__old": 46,
        "__new": 9
    },
    "CC": {
        "__old": 70,
        "__new": 25
    },
    "COGNITIVE_AVG": {
        "__old": 1.3571428571428572,
        "__new": 9.5
    },
    "NARGS_SUM": {
        "__old": 15,
        "__new": 8
    },
    "NARGS_AVG": {
        "__old": 0.5357142857142857,
        "__new": 2
    },
    "NEXITS": {
        "__old": 11,
        "__new": 1
    },
    "NOM": {
        "functions": {
            "__old": 28,
            "__new": 4
        },
        "total": {
            "__old": 28,
            "__new": 4
        }
    },
    "HALSTEAD": {
        "n1": {
            "__old": 38,
            "__new": 24
        },
        "n2": {
            "__old": 123,
            "__new": 73
        },
        "N1": {
            "__old": 819,
            "__new": 135
        },
        "N2": {
            "__old": 535,
            "__new": 199
        },
        "Vocabulary": {
            "__old": 161,
            "__new": 97
        },
        "Length": {
            "__old": 1354,
            "__new": 334
        },
        "Volume": {
            "__old": 9926.061452967191,
            "__new": 2204.3708892905006
        },
        "Difficulty": {
            "__old": 82.64227642276423,
            "__new": 32.71232876712329
        },
        "Level": {
            "__old": 0.012100344318740778,
            "__new": 0.030569514237855946
        },
        "Effort": {
            "__old": 820312.3143854593,
            "__new": 72110.10525514679
        },
        "Programming time": {
            "__old": 45572.90635474774,
            "__new": 4006.116958619266
        },
        "Bugs": {
            "__old": 2.9210000610399707,
            "__new": 0.5774878237182266
        },
        "Estimated program length": {
            "__old": 1053.3505296675826,
            "__new": 561.896292815549
        },
        "Purity ratio": {
            "__old": 0.7779546009361762,
            "__new": 1.6823242299866739
        }
    },
    "MI": {
        "Original": {
            "__old": 15.645926405158932,
            "__new": 55.4935188218906
        },
        "Sei": {
            "__old": -29.082878320616135,
            "__new": 24.527009670842695
        },
        "Visual Studio": {
            "__old": 9.149664564420428,
            "__new": 32.45235018824012
        }
    },
    "files": [
        [
            "~",
            {
                "filename": {
                    "__old": "Assets/C++/revcomp.cpp",
                    "__new": "Assets/Python/revcomp.py"
                },
                "SLOC": {
                    "__old": 282,
                    "__new": 74
                },
                "PLOC": {
                    "__old": 222,
                    "__new": 61
                },
                "LLOC": {
                    "__old": 113,
                    "__new": 62
                },
                "CLOC": {
                    "__old": 14,
                    "__new": 4
                },
                "BLANK": {
                    "__old": 46,
                    "__new": 9
                },
                "CC": {
                    "__old": 70,
                    "__new": 25
                },
                "COGNITIVE_AVG": {
                    "__old": 1.3571428571428572,
                    "__new": 9.5
                },
                "NARGS_SUM": {
                    "__old": 15,
                    "__new": 8
                },
                "NARGS_AVG": {
                    "__old": 0.5357142857142857,
                    "__new": 2
                },
                "NEXITS": {
                    "__old": 11,
                    "__new": 1
                },
                "NOM": {
                    "functions": {
                        "__old": 28,
                        "__new": 4
                    },
                    "total": {
                        "__old": 28,
                        "__new": 4
                    }
                },
                "Halstead": {
                    "n1": {
                        "__old": 38,
                        "__new": 24
                    },
                    "n2": {
                        "__old": 123,
                        "__new": 73
                    },
                    "N1": {
                        "__old": 819,
                        "__new": 135
                    },
                    "N2": {
                        "__old": 535,
                        "__new": 199
                    },
                    "Vocabulary": {
                        "__old": 161,
                        "__new": 97
                    },
                    "Length": {
                        "__old": 1354,
                        "__new": 334
                    },
                    "Volume": {
                        "__old": 9926.061452967191,
                        "__new": 2204.3708892905006
                    },
                    "Difficulty": {
                        "__old": 82.64227642276423,
                        "__new": 32.71232876712329
                    },
                    "Level": {
                        "__old": 0.012100344318740778,
                        "__new": 0.030569514237855946
                    },
                    "Effort": {
                        "__old": 820312.3143854593,
                        "__new": 72110.10525514679
                    },
                    "Programming time": {
                        "__old": 45572.90635474774,
                        "__new": 4006.116958619266
                    },
                    "Bugs": {
                        "__old": 2.9210000610399707,
                        "__new": 0.5774878237182266
                    },
                    "Estimated program length": {
                        "__old": 1053.3505296675826,
                        "__new": 561.896292815549
                    },
                    "Purity ratio": {
                        "__old": 0.7779546009361762,
                        "__new": 1.6823242299866739
                    }
                },
                "Mi": {
                    "Original": {
                        "__old": 15.645926405158932,
                        "__new": 55.4935188218906
                    },
                    "Sei": {
                        "__old": -29.082878320616135,
                        "__new": 24.527009670842695
                    },
                    "Visual Studio": {
                        "__old": 9.149664564420428,
                        "__new": 32.45235018824012
                    }
                }
            }
        ]
    ]
}