{
    "SLOC": {
        "__old": 282,
        "__new": 74
    },
    "PLOC": {
        "__old": 222,
        "__new": 61
    },
    "LLOC": {
        "__old": 113,
        "__new": 62
    },
    "CLOC": {
        "__old": 14,
        "__new": 4
    },
    "BLANK": {
        "__old": 46,
        "__new": 9
    },
    "CC": {
        "__old": 70,
        "__new": 25
    },
    "NEXITS": {
        "__old": 11,
        "__new": 1
    },
    "NOM": {
        "functions": {
            "__old": 28,
            "__new": 4
        },
        "total": {
            "__old": 28,
            "__new": 4
        }
    },
    "HALSTEAD": {
        "n1": {
            "__old": 38,
            "__new": 25
        },
        "n2": {
            "__old": 123,
            "__new": 73
        },
        "N1": {
            "__old": 819,
            "__new": 186
        },
        "N2": {
            "__old": 535,
            "__new": 199
        },
        "Vocabulary": {
            "__old": 161,
            "__new": 98
        },
        "Length": {
            "__old": 1354,
            "__new": 385
        },
        "Volume": {
            "__old": 9926.061452967191,
            "__new": 2546.6632899843553
        },
        "Difficulty": {
            "__old": 82.64227642276423,
            "__new": 34.07534246575342
        },
        "Level": {
            "__old": 0.012100344318740778,
            "__new": 0.02934673366834171
        },
        "Effort": {
            "__old": 820312.3143854593,
            "__new": 86778.42375117923
        },
        "Programming time": {
            "__old": 45572.90635474774,
            "__new": 4821.023541732179
        },
        "Bugs": {
            "__old": 2.9210000610399707,
            "__new": 0.6533610644882417
        },
        "Estimated program length": {
            "__old": 1053.3505296675826,
            "__new": 567.9535975426094
        },
        "Purity ratio": {
            "__old": 0.7779546009361762,
            "__new": 1.475204149461323
        }
    },
    "MI": {
        "Original": {
            "__old": 15.645926405158932,
            "__new": 54.7429412987326
        },
        "Sei": {
            "__old": -29.082878320616135,
            "__new": 23.444155200379875
        },
        "Visual Studio": {
            "__old": 9.149664564420428,
            "__new": 32.01341596417112
        }
    },
    "files": [
        [
            "~",
            {
                "filename": {
                    "__old": "Assets/C++/revcomp.cpp",
                    "__new": "Assets/Python/revcomp.py"
                },
                "SLOC": {
                    "__old": 282,
                    "__new": 74
                },
                "PLOC": {
                    "__old": 222,
                    "__new": 61
                },
                "LLOC": {
                    "__old": 113,
                    "__new": 62
                },
                "CLOC": {
                    "__old": 14,
                    "__new": 4
                },
                "BLANK": {
                    "__old": 46,
                    "__new": 9
                },
                "CC": {
                    "__old": 70,
                    "__new": 25
                },
                "NEXITS": {
                    "__old": 11,
                    "__new": 1
                },
                "NOM": {
                    "functions": {
                        "__old": 28,
                        "__new": 4
                    },
                    "total": {
                        "__old": 28,
                        "__new": 4
                    }
                },
                "Halstead": {
                    "n1": {
                        "__old": 38,
                        "__new": 25
                    },
                    "n2": {
                        "__old": 123,
                        "__new": 73
                    },
                    "N1": {
                        "__old": 819,
                        "__new": 186
                    },
                    "N2": {
                        "__old": 535,
                        "__new": 199
                    },
                    "Vocabulary": {
                        "__old": 161,
                        "__new": 98
                    },
                    "Length": {
                        "__old": 1354,
                        "__new": 385
                    },
                    "Volume": {
                        "__old": 9926.061452967191,
                        "__new": 2546.6632899843553
                    },
                    "Difficulty": {
                        "__old": 82.64227642276423,
                        "__new": 34.07534246575342
                    },
                    "Level": {
                        "__old": 0.012100344318740778,
                        "__new": 0.02934673366834171
                    },
                    "Effort": {
                        "__old": 820312.3143854593,
                        "__new": 86778.42375117923
                    },
                    "Programming time": {
                        "__old": 45572.90635474774,
                        "__new": 4821.023541732179
                    },
                    "Bugs": {
                        "__old": 2.9210000610399707,
                        "__new": 0.6533610644882417
                    },
                    "Estimated program length": {
                        "__old": 1053.3505296675826,
                        "__new": 567.9535975426094
                    },
                    "Purity ratio": {
                        "__old": 0.7779546009361762,
                        "__new": 1.475204149461323
                    }
                },
                "Mi": {
                    "Original": {
                        "__old": 15.645926405158932,
                        "__new": 54.7429412987326
                    },
                    "Sei": {
                        "__old": -29.082878320616135,
                        "__new": 23.444155200379875
                    },
                    "Visual Studio": {
                        "__old": 9.149664564420428,
                        "__new": 32.01341596417112
                    }
                }
            }
        ]
    ]
}