{
    "SLOC": {
        "__old": 135,
        "__new": 62
    },
    "PLOC": {
        "__old": 97,
        "__new": 39
    },
    "LLOC": {
        "__old": 33,
        "__new": 32
    },
    "CLOC": {
        "__old": 13,
        "__new": 8
    },
    "BLANK": {
        "__old": 25,
        "__new": 15
    },
    "CC": {
        "__old": 22,
        "__new": 15
    },
    "NARGS_SUM": {
        "__old": 28,
        "__new": 7
    },
    "NARGS_AVG": {
        "__old": 3.5,
        "__new": 1
    },
    "NEXITS": {
        "__old": 4,
        "__new": 6
    },
    "NOM": {
        "functions": {
            "__old": 8,
            "__new": 7
        },
        "total": {
            "__old": 8,
            "__new": 7
        }
    },
    "HALSTEAD": {
        "n1": {
            "__old": 24,
            "__new": 16
        },
        "n2": {
            "__old": 61,
            "__new": 46
        },
        "N1": {
            "__old": 409,
            "__new": 81
        },
        "N2": {
            "__old": 284,
            "__new": 126
        },
        "Vocabulary": {
            "__old": 85,
            "__new": 62
        },
        "Length": {
            "__old": 693,
            "__new": 207
        },
        "Volume": {
            "__old": 4441.707918743427,
            "__new": 1232.518636250083
        },
        "Difficulty": {
            "__old": 55.868852459016395,
            "__new": 21.91304347826087
        },
        "Level": {
            "__old": 0.017899061032863848,
            "__new": 0.04563492063492063
        },
        "Effort": {
            "__old": 248153.1243783213,
            "__new": 27008.234463914865
        },
        "Programming time": {
            "__old": 13786.284687684518,
            "__new": 1500.4574702174925
        },
        "Bugs": {
            "__old": 1.3163112012968532,
            "__new": 0.3000609929289894
        },
        "Estimated program length": {
            "__old": 471.81407760864386,
            "__new": 318.0838499786226
        },
        "Purity ratio": {
            "__old": 0.6808283948176679,
            "__new": 1.5366369564184665
        }
    },
    "MI": {
        "Original": {
            "__old": 42.800818500504576,
            "__new": 63.6829848245098
        },
        "Sei": {
            "__old": 11.409492315309578,
            "__new": 44.111884448118616
        },
        "Visual Studio": {
            "__old": 25.029718421347706,
            "__new": 37.241511593280585
        }
    },
    "files": [
        [
            "~",
            {
                "filename": {
                    "__old": "Assets/C++/spectralnorm.cpp",
                    "__new": "Assets/Python/spectralnorm.py"
                },
                "SLOC": {
                    "__old": 135,
                    "__new": 62
                },
                "PLOC": {
                    "__old": 97,
                    "__new": 39
                },
                "LLOC": {
                    "__old": 33,
                    "__new": 32
                },
                "CLOC": {
                    "__old": 13,
                    "__new": 8
                },
                "BLANK": {
                    "__old": 25,
                    "__new": 15
                },
                "CC": {
                    "__old": 22,
                    "__new": 15
                },
                "COGNITIVE": {
                    "__old": 12,
                    "__new": 5
                },
                "NARGS_SUM": {
                    "__old": 28,
                    "__new": 7
                },
                "NARGS_AVG": {
                    "__old": 3.5,
                    "__new": 1
                },
                "NEXITS": {
                    "__old": 4,
                    "__new": 6
                },
                "NOM": {
                    "functions": {
                        "__old": 8,
                        "__new": 7
                    },
                    "total": {
                        "__old": 8,
                        "__new": 7
                    }
                },
                "Halstead": {
                    "n1": {
                        "__old": 24,
                        "__new": 16
                    },
                    "n2": {
                        "__old": 61,
                        "__new": 46
                    },
                    "N1": {
                        "__old": 409,
                        "__new": 81
                    },
                    "N2": {
                        "__old": 284,
                        "__new": 126
                    },
                    "Vocabulary": {
                        "__old": 85,
                        "__new": 62
                    },
                    "Length": {
                        "__old": 693,
                        "__new": 207
                    },
                    "Volume": {
                        "__old": 4441.707918743427,
                        "__new": 1232.518636250083
                    },
                    "Difficulty": {
                        "__old": 55.868852459016395,
                        "__new": 21.91304347826087
                    },
                    "Level": {
                        "__old": 0.017899061032863848,
                        "__new": 0.04563492063492063
                    },
                    "Effort": {
                        "__old": 248153.1243783213,
                        "__new": 27008.234463914865
                    },
                    "Programming time": {
                        "__old": 13786.284687684518,
                        "__new": 1500.4574702174925
                    },
                    "Bugs": {
                        "__old": 1.3163112012968532,
                        "__new": 0.3000609929289894
                    },
                    "Estimated program length": {
                        "__old": 471.81407760864386,
                        "__new": 318.0838499786226
                    },
                    "Purity ratio": {
                        "__old": 0.6808283948176679,
                        "__new": 1.5366369564184665
                    }
                },
                "Mi": {
                    "Original": {
                        "__old": 42.800818500504576,
                        "__new": 63.6829848245098
                    },
                    "Sei": {
                        "__old": 11.409492315309578,
                        "__new": 44.111884448118616
                    },
                    "Visual Studio": {
                        "__old": 25.029718421347706,
                        "__new": 37.241511593280585
                    }
                }
            }
        ]
    ]
}