{
    "SLOC": {
        "__old": 135,
        "__new": 62
    },
    "PLOC": {
        "__old": 97,
        "__new": 39
    },
    "LLOC": {
        "__old": 33,
        "__new": 32
    },
    "CLOC": {
        "__old": 13,
        "__new": 8
    },
    "BLANK": {
        "__old": 25,
        "__new": 15
    },
    "CC": {
        "__old": 22,
        "__new": 15
    },
    "NEXITS": {
        "__old": 4,
        "__new": 6
    },
    "NOM": {
        "functions": {
            "__old": 8,
            "__new": 7
        },
        "total": {
            "__old": 8,
            "__new": 7
        }
    },
    "HALSTEAD": {
        "n1": {
            "__old": 24,
            "__new": 17
        },
        "n2": {
            "__old": 61,
            "__new": 46
        },
        "N1": {
            "__old": 409,
            "__new": 114
        },
        "N2": {
            "__old": 284,
            "__new": 126
        },
        "Vocabulary": {
            "__old": 85,
            "__new": 63
        },
        "Length": {
            "__old": 693,
            "__new": 240
        },
        "Volume": {
            "__old": 4441.707918743427,
            "__new": 1434.54718163998
        },
        "Difficulty": {
            "__old": 55.868852459016395,
            "__new": 23.282608695652176
        },
        "Level": {
            "__old": 0.017899061032863848,
            "__new": 0.04295051353874883
        },
        "Effort": {
            "__old": 248153.1243783213,
            "__new": 33400.00068557432
        },
        "Programming time": {
            "__old": 13786.284687684518,
            "__new": 1855.5555936430178
        },
        "Bugs": {
            "__old": 1.3163112012968532,
            "__new": 0.34570823838208525
        },
        "Estimated program length": {
            "__old": 471.81407760864386,
            "__new": 323.57071827987835
        },
        "Purity ratio": {
            "__old": 0.6808283948176679,
            "__new": 1.3482113261661597
        }
    },
    "MI": {
        "Original": {
            "__old": 42.800818500504576,
            "__new": 62.89367942950149
        },
        "Sei": {
            "__old": 11.409492315309578,
            "__new": 42.97315746899319
        },
        "Visual Studio": {
            "__old": 25.029718421347706,
            "__new": 36.779929490936546
        }
    },
    "files": [
        [
            "~",
            {
                "filename": {
                    "__old": "Assets/C++/spectralnorm.cpp",
                    "__new": "Assets/Python/spectralnorm.py"
                },
                "SLOC": {
                    "__old": 135,
                    "__new": 62
                },
                "PLOC": {
                    "__old": 97,
                    "__new": 39
                },
                "LLOC": {
                    "__old": 33,
                    "__new": 32
                },
                "CLOC": {
                    "__old": 13,
                    "__new": 8
                },
                "BLANK": {
                    "__old": 25,
                    "__new": 15
                },
                "CC": {
                    "__old": 22,
                    "__new": 15
                },
                "NEXITS": {
                    "__old": 4,
                    "__new": 6
                },
                "NOM": {
                    "functions": {
                        "__old": 8,
                        "__new": 7
                    },
                    "total": {
                        "__old": 8,
                        "__new": 7
                    }
                },
                "Halstead": {
                    "n1": {
                        "__old": 24,
                        "__new": 17
                    },
                    "n2": {
                        "__old": 61,
                        "__new": 46
                    },
                    "N1": {
                        "__old": 409,
                        "__new": 114
                    },
                    "N2": {
                        "__old": 284,
                        "__new": 126
                    },
                    "Vocabulary": {
                        "__old": 85,
                        "__new": 63
                    },
                    "Length": {
                        "__old": 693,
                        "__new": 240
                    },
                    "Volume": {
                        "__old": 4441.707918743427,
                        "__new": 1434.54718163998
                    },
                    "Difficulty": {
                        "__old": 55.868852459016395,
                        "__new": 23.282608695652176
                    },
                    "Level": {
                        "__old": 0.017899061032863848,
                        "__new": 0.04295051353874883
                    },
                    "Effort": {
                        "__old": 248153.1243783213,
                        "__new": 33400.00068557432
                    },
                    "Programming time": {
                        "__old": 13786.284687684518,
                        "__new": 1855.5555936430178
                    },
                    "Bugs": {
                        "__old": 1.3163112012968532,
                        "__new": 0.34570823838208525
                    },
                    "Estimated program length": {
                        "__old": 471.81407760864386,
                        "__new": 323.57071827987835
                    },
                    "Purity ratio": {
                        "__old": 0.6808283948176679,
                        "__new": 1.3482113261661597
                    }
                },
                "Mi": {
                    "Original": {
                        "__old": 42.800818500504576,
                        "__new": 62.89367942950149
                    },
                    "Sei": {
                        "__old": 11.409492315309578,
                        "__new": 42.97315746899319
                    },
                    "Visual Studio": {
                        "__old": 25.029718421347706,
                        "__new": 36.779929490936546
                    }
                }
            }
        ]
    ]
}