{
    "SLOC": {
        "__old": 139,
        "__new": 50
    },
    "PLOC": {
        "__old": 98,
        "__new": 36
    },
    "CLOC": {
        "__old": 15,
        "__new": 5
    },
    "BLANK": {
        "__old": 26,
        "__new": 9
    },
    "CC_SUM": {
        "__old": 19,
        "__new": 8
    },
    "CC_AVG": {
        "__old": 1.4615384615384615,
        "__new": 2
    },
    "COGNITIVE_SUM": {
        "__old": 8,
        "__new": 7
    },
    "COGNITIVE_AVG": {
        "__old": 0.8888888888888888,
        "__new": 2.3333333333333335
    },
    "NARGS_SUM": {
        "__old": 2,
        "__new": 4
    },
    "NARGS_AVG": {
        "__old": 0.2222222222222222,
        "__new": 1.3333333333333333
    },
    "NEXITS": {
        "__old": 5,
        "__new": 4
    },
    "NEXITS_AVG": {
        "__old": 0.5555555555555556,
        "__new": 1.3333333333333333
    },
    "NOM": {
        "functions": {
            "__old": 9,
            "__new": 3
        },
        "total": {
            "__old": 9,
            "__new": 3
        }
    },
    "HALSTEAD": {
        "n1": {
            "__old": 28,
            "__new": 20
        },
        "n2": {
            "__old": 56,
            "__new": 27
        },
        "N1": {
            "__old": 251,
            "__new": 115
        },
        "N2": {
            "__old": 173,
            "__new": 85
        },
        "Vocabulary": {
            "__old": 84,
            "__new": 47
        },
        "Length": {
            "__old": 424,
            "__new": 200
        },
        "Volume": {
            "__old": 2710.3425872581947,
            "__new": 1110.9177703355276
        },
        "Difficulty": {
            "__old": 43.25,
            "__new": 31.48148148148148
        },
        "Level": {
            "__old": 0.023121387283236993,
            "__new": 0.031764705882352945
        },
        "Effort": {
            "__old": 117222.31689891692,
            "__new": 34973.33721426661
        },
        "Programming time": {
            "__old": 6512.3509388287175,
            "__new": 1942.9631785703673
        },
        "Bugs": {
            "__old": 0.7983970910222301,
            "__new": 0.35648133497983825
        },
        "Estimated program length": {
            "__old": 459.81781345283866,
            "__new": 214.8205244561609
        },
        "Purity ratio": {
            "__old": 1.0844759751246196,
            "__new": 1.0741026222808046
        }
    },
    "MI": {
        "Original": {
            "__old": 45.586404609681736,
            "__new": 69.31793009349876
        },
        "Sei": {
            "__old": 16.3624350913677,
            "__new": 48.64513299274641
        },
        "Visual Studio": {
            "__old": 26.658716146012715,
            "__new": 40.53680122426828
        }
    },
    "files": [
        [
            "~",
            {
                "filename": {
                    "__old": "Assets/C++/binarytrees.cpp",
                    "__new": "Assets/JavaScript/binarytrees.js"
                },
                "SLOC": {
                    "__old": 139,
                    "__new": 50
                },
                "PLOC": {
                    "__old": 98,
                    "__new": 36
                },
                "CLOC": {
                    "__old": 15,
                    "__new": 5
                },
                "BLANK": {
                    "__old": 26,
                    "__new": 9
                },
                "CC_SUM": {
                    "__old": 19,
                    "__new": 8
                },
                "CC_AVG": {
                    "__old": 1.4615384615384615,
                    "__new": 2
                },
                "COGNITIVE_SUM": {
                    "__old": 8,
                    "__new": 7
                },
                "COGNITIVE_AVG": {
                    "__old": 0.8888888888888888,
                    "__new": 2.3333333333333335
                },
                "NARGS_SUM": {
                    "__old": 2,
                    "__new": 4
                },
                "NARGS_AVG": {
                    "__old": 0.2222222222222222,
                    "__new": 1.3333333333333333
                },
                "NEXITS": {
                    "__old": 5,
                    "__new": 4
                },
                "NEXITS_AVG": {
                    "__old": 0.5555555555555556,
                    "__new": 1.3333333333333333
                },
                "NOM": {
                    "functions": {
                        "__old": 9,
                        "__new": 3
                    },
                    "total": {
                        "__old": 9,
                        "__new": 3
                    }
                },
                "Halstead": {
                    "n1": {
                        "__old": 28,
                        "__new": 20
                    },
                    "n2": {
                        "__old": 56,
                        "__new": 27
                    },
                    "N1": {
                        "__old": 251,
                        "__new": 115
                    },
                    "N2": {
                        "__old": 173,
                        "__new": 85
                    },
                    "Vocabulary": {
                        "__old": 84,
                        "__new": 47
                    },
                    "Length": {
                        "__old": 424,
                        "__new": 200
                    },
                    "Volume": {
                        "__old": 2710.3425872581947,
                        "__new": 1110.9177703355276
                    },
                    "Difficulty": {
                        "__old": 43.25,
                        "__new": 31.48148148148148
                    },
                    "Level": {
                        "__old": 0.023121387283236993,
                        "__new": 0.031764705882352945
                    },
                    "Effort": {
                        "__old": 117222.31689891692,
                        "__new": 34973.33721426661
                    },
                    "Programming time": {
                        "__old": 6512.3509388287175,
                        "__new": 1942.9631785703673
                    },
                    "Bugs": {
                        "__old": 0.7983970910222301,
                        "__new": 0.35648133497983825
                    },
                    "Estimated program length": {
                        "__old": 459.81781345283866,
                        "__new": 214.8205244561609
                    },
                    "Purity ratio": {
                        "__old": 1.0844759751246196,
                        "__new": 1.0741026222808046
                    }
                },
                "Mi": {
                    "Original": {
                        "__old": 45.586404609681736,
                        "__new": 69.31793009349876
                    },
                    "Sei": {
                        "__old": 16.3624350913677,
                        "__new": 48.64513299274641
                    },
                    "Visual Studio": {
                        "__old": 26.658716146012715,
                        "__new": 40.53680122426828
                    }
                }
            }
        ]
    ]
}