{
    "SLOC": {
        "__old": 198,
        "__new": 52
    },
    "PLOC": {
        "__old": 124,
        "__new": 41
    },
    "LLOC": {
        "__old": 51,
        "__new": 60
    },
    "CLOC": {
        "__old": 41,
        "__new": 16
    },
    "BLANK": {
        "__old": 33,
        "__new": 0
    },
    "CC": {
        "__old": 28,
        "__new": 16
    },
    "NARGS_SUM": {
        "__old": 5,
        "__new": 1
    },
    "NEXITS": {
        "__old": 2,
        "__new": 1
    },
    "NOM": {
        "functions": {
            "__old": 5,
            "__new": 1
        },
        "total": {
            "__old": 5,
            "__new": 1
        }
    },
    "HALSTEAD": {
        "n1": {
            "__old": 33,
            "__new": 25
        },
        "n2": {
            "__old": 48,
            "__new": 27
        },
        "N1": {
            "__old": 332,
            "__new": 182
        },
        "N2": {
            "__old": 235,
            "__new": 162
        },
        "Vocabulary": {
            "__old": 81,
            "__new": 52
        },
        "Length": {
            "__old": 567,
            "__new": 344
        },
        "Volume": {
            "__old": 3594.694951635582,
            "__new": 1960.9512630405357
        },
        "Difficulty": {
            "__old": 80.78125,
            "__new": 75
        },
        "Level": {
            "__old": 0.012379110251450677,
            "__new": 0.013333333333333334
        },
        "Effort": {
            "__old": 290383.95156181185,
            "__new": 147071.34472804016
        },
        "Programming time": {
            "__old": 16132.441753433992,
            "__new": 8170.630262668898
        },
        "Bugs": {
            "__old": 1.4617075354179188,
            "__new": 0.9287470646953468
        },
        "Estimated program length": {
            "__old": 434.5432059734445,
            "__new": 244.47836730278175
        },
        "Purity ratio": {
            "__old": 0.7663901339919656,
            "__new": 0.7106929282057609
        }
    },
    "MI": {
        "Original": {
            "__old": 36.31655915490933,
            "__new": 63.887689900566386
        },
        "Sei": {
            "__old": 11.94402167986491,
            "__new": 55.96923838032948
        },
        "Visual Studio": {
            "__old": 21.23775389175984,
            "__new": 37.36122216407391
        }
    },
    "files": [
        [
            "~",
            {
                "filename": {
                    "__old": "Assets/C++/fannkuchredux.cpp",
                    "__new": "Assets/JavaScript/fannkuchredux.js"
                },
                "SLOC": {
                    "__old": 198,
                    "__new": 52
                },
                "PLOC": {
                    "__old": 124,
                    "__new": 41
                },
                "LLOC": {
                    "__old": 51,
                    "__new": 60
                },
                "CLOC": {
                    "__old": 41,
                    "__new": 16
                },
                "BLANK": {
                    "__old": 33,
                    "__new": 0
                },
                "CC": {
                    "__old": 28,
                    "__new": 16
                },
                "NARGS_SUM": {
                    "__old": 5,
                    "__new": 1
                },
                "NEXITS": {
                    "__old": 2,
                    "__new": 1
                },
                "NOM": {
                    "functions": {
                        "__old": 5,
                        "__new": 1
                    },
                    "total": {
                        "__old": 5,
                        "__new": 1
                    }
                },
                "Halstead": {
                    "n1": {
                        "__old": 33,
                        "__new": 25
                    },
                    "n2": {
                        "__old": 48,
                        "__new": 27
                    },
                    "N1": {
                        "__old": 332,
                        "__new": 182
                    },
                    "N2": {
                        "__old": 235,
                        "__new": 162
                    },
                    "Vocabulary": {
                        "__old": 81,
                        "__new": 52
                    },
                    "Length": {
                        "__old": 567,
                        "__new": 344
                    },
                    "Volume": {
                        "__old": 3594.694951635582,
                        "__new": 1960.9512630405357
                    },
                    "Difficulty": {
                        "__old": 80.78125,
                        "__new": 75
                    },
                    "Level": {
                        "__old": 0.012379110251450677,
                        "__new": 0.013333333333333334
                    },
                    "Effort": {
                        "__old": 290383.95156181185,
                        "__new": 147071.34472804016
                    },
                    "Programming time": {
                        "__old": 16132.441753433992,
                        "__new": 8170.630262668898
                    },
                    "Bugs": {
                        "__old": 1.4617075354179188,
                        "__new": 0.9287470646953468
                    },
                    "Estimated program length": {
                        "__old": 434.5432059734445,
                        "__new": 244.47836730278175
                    },
                    "Purity ratio": {
                        "__old": 0.7663901339919656,
                        "__new": 0.7106929282057609
                    }
                },
                "Mi": {
                    "Original": {
                        "__old": 36.31655915490933,
                        "__new": 63.887689900566386
                    },
                    "Sei": {
                        "__old": 11.94402167986491,
                        "__new": 55.96923838032948
                    },
                    "Visual Studio": {
                        "__old": 21.23775389175984,
                        "__new": 37.36122216407391
                    }
                }
            }
        ]
    ]
}