{
    "SLOC": {
        "__old": 154,
        "__new": 92
    },
    "PLOC": {
        "__old": 134,
        "__new": 76
    },
    "LLOC": {
        "__old": 50,
        "__new": 64
    },
    "CLOC": {
        "__old": 6,
        "__new": 7
    },
    "BLANK": {
        "__old": 14,
        "__new": 9
    },
    "CC_SUM": {
        "__old": 29,
        "__new": 28
    },
    "CC_AVG": {
        "__old": 1.9333333333333333,
        "__new": 2.1538461538461537
    },
    "COGNITIVE_SUM": {
        "__old": 11,
        "__new": 15
    },
    "COGNITIVE_AVG": {
        "__old": 0.9166666666666666,
        "__new": 1.25
    },
    "NARGS_SUM": {
        "__old": 17,
        "__new": 12
    },
    "NARGS_AVG": {
        "__old": 1.4166666666666667,
        "__new": 1
    },
    "NEXITS": {
        "__old": 6,
        "__new": 5
    },
    "NOM": {
        "functions": {
            "__old": 12,
            "__new": 11
        },
        "closures": {
            "__old": 0,
            "__new": 1
        }
    },
    "HALSTEAD": {
        "n1": {
            "__old": 31,
            "__new": 30
        },
        "n2": {
            "__old": 74,
            "__new": 68
        },
        "N1": {
            "__old": 431,
            "__new": 283
        },
        "N2": {
            "__old": 301,
            "__new": 200
        },
        "Vocabulary": {
            "__old": 105,
            "__new": 98
        },
        "Length": {
            "__old": 732,
            "__new": 483
        },
        "Volume": {
            "__old": 4914.827718931601,
            "__new": 3194.9048547076454
        },
        "Difficulty": {
            "__old": 63.0472972972973,
            "__new": 44.11764705882353
        },
        "Level": {
            "__old": 0.0158611081341764,
            "__new": 0.02266666666666667
        },
        "Effort": {
            "__old": 309866.6043604782,
            "__new": 140951.68476651376
        },
        "Programming time": {
            "__old": 17214.8113533599,
            "__new": 7830.649153695209
        },
        "Bugs": {
            "__old": 1.526377400588348,
            "__new": 0.9028014739671906
        },
        "Estimated program length": {
            "__old": 613.0796346785355,
            "__new": 561.1541910732786
        },
        "Purity ratio": {
            "__old": 0.8375404845335185,
            "__new": 1.161809919406374
        }
    },
    "MI": {
        "Original": {
            "__old": 38.5313055455879,
            "__new": 49.346599599748785
        },
        "Sei": {
            "__old": -2.1069019620075977,
            "__new": 19.06419873801134
        },
        "Visual Studio": {
            "__old": 22.532927219642044,
            "__new": 28.857660584648414
        }
    },
    "files": [
        [
            "~",
            {
                "filename": {
                    "__old": "Assets/C++/knucleotide.cpp",
                    "__new": "Assets/JavaScript/knucleotide.js"
                },
                "SLOC": {
                    "__old": 154,
                    "__new": 92
                },
                "PLOC": {
                    "__old": 134,
                    "__new": 76
                },
                "LLOC": {
                    "__old": 50,
                    "__new": 64
                },
                "CLOC": {
                    "__old": 6,
                    "__new": 7
                },
                "BLANK": {
                    "__old": 14,
                    "__new": 9
                },
                "CC_SUM": {
                    "__old": 29,
                    "__new": 28
                },
                "CC_AVG": {
                    "__old": 1.9333333333333333,
                    "__new": 2.1538461538461537
                },
                "COGNITIVE_SUM": {
                    "__old": 11,
                    "__new": 15
                },
                "COGNITIVE_AVG": {
                    "__old": 0.9166666666666666,
                    "__new": 1.25
                },
                "NARGS_SUM": {
                    "__old": 17,
                    "__new": 12
                },
                "NARGS_AVG": {
                    "__old": 1.4166666666666667,
                    "__new": 1
                },
                "NEXITS": {
                    "__old": 6,
                    "__new": 5
                },
                "NOM": {
                    "functions": {
                        "__old": 12,
                        "__new": 11
                    },
                    "closures": {
                        "__old": 0,
                        "__new": 1
                    }
                },
                "Halstead": {
                    "n1": {
                        "__old": 31,
                        "__new": 30
                    },
                    "n2": {
                        "__old": 74,
                        "__new": 68
                    },
                    "N1": {
                        "__old": 431,
                        "__new": 283
                    },
                    "N2": {
                        "__old": 301,
                        "__new": 200
                    },
                    "Vocabulary": {
                        "__old": 105,
                        "__new": 98
                    },
                    "Length": {
                        "__old": 732,
                        "__new": 483
                    },
                    "Volume": {
                        "__old": 4914.827718931601,
                        "__new": 3194.9048547076454
                    },
                    "Difficulty": {
                        "__old": 63.0472972972973,
                        "__new": 44.11764705882353
                    },
                    "Level": {
                        "__old": 0.0158611081341764,
                        "__new": 0.02266666666666667
                    },
                    "Effort": {
                        "__old": 309866.6043604782,
                        "__new": 140951.68476651376
                    },
                    "Programming time": {
                        "__old": 17214.8113533599,
                        "__new": 7830.649153695209
                    },
                    "Bugs": {
                        "__old": 1.526377400588348,
                        "__new": 0.9028014739671906
                    },
                    "Estimated program length": {
                        "__old": 613.0796346785355,
                        "__new": 561.1541910732786
                    },
                    "Purity ratio": {
                        "__old": 0.8375404845335185,
                        "__new": 1.161809919406374
                    }
                },
                "Mi": {
                    "Original": {
                        "__old": 38.5313055455879,
                        "__new": 49.346599599748785
                    },
                    "Sei": {
                        "__old": -2.1069019620075977,
                        "__new": 19.06419873801134
                    },
                    "Visual Studio": {
                        "__old": 22.532927219642044,
                        "__new": 28.857660584648414
                    }
                }
            }
        ]
    ]
}