{
    "SLOC": {
        "__old": 177,
        "__new": 99
    },
    "PLOC": {
        "__old": 120,
        "__new": 76
    },
    "LLOC": {
        "__old": 50,
        "__new": 51
    },
    "CLOC": {
        "__old": 31,
        "__new": 11
    },
    "BLANK": {
        "__old": 26,
        "__new": 12
    },
    "CC": {
        "__old": 33,
        "__new": 17
    },
    "NARGS_SUM": {
        "__old": 14,
        "__new": 3
    },
    "NARGS_AVG": {
        "__old": 2.3333333333333335,
        "__new": 1
    },
    "NEXITS": {
        "__old": 5,
        "__new": 1
    },
    "NOM": {
        "functions": {
            "__old": 6,
            "__new": 3
        },
        "total": {
            "__old": 6,
            "__new": 3
        }
    },
    "HALSTEAD": {
        "n1": {
            "__old": 31,
            "__new": 29
        },
        "n2": {
            "__old": 76,
            "__new": 56
        },
        "N1": {
            "__old": 357,
            "__new": 229
        },
        "N2": {
            "__old": 277,
            "__new": 179
        },
        "Vocabulary": {
            "__old": 107,
            "__new": 85
        },
        "Length": {
            "__old": 634,
            "__new": 408
        },
        "Volume": {
            "__old": 4274.090069378328,
            "__new": 2615.0315019441823
        },
        "Difficulty": {
            "__old": 56.49342105263158,
            "__new": 46.348214285714285
        },
        "Level": {
            "__old": 0.01770117619657622,
            "__new": 0.021575804276632634
        },
        "Effort": {
            "__old": 241457.96990626122,
            "__new": 121202.04041600223
        },
        "Programming time": {
            "__old": 13414.331661458957,
            "__new": 6733.446689777902
        },
        "Bugs": {
            "__old": 1.2925274501455593,
            "__new": 0.8163668592877504
        },
        "Estimated program length": {
            "__old": 628.4225766437056,
            "__new": 466.09332449392537
        },
        "Purity ratio": {
            "__old": 0.9912028022771382,
            "__new": 1.142385599249817
        }
    },
    "MI": {
        "Original": {
            "__old": 36.0826764831795,
            "__new": 51.730095027912654
        },
        "Sei": {
            "__old": 9.908528038966214,
            "__new": 25.34837941970405
        },
        "Visual Studio": {
            "__old": 21.100980399520175,
            "__new": 30.25151756018284
        }
    },
    "files": [
        [
            "~",
            {
                "filename": {
                    "__old": "Assets/C++/mandelbrot.cpp",
                    "__new": "Assets/JavaScript/mandelbrot.js"
                },
                "SLOC": {
                    "__old": 177,
                    "__new": 99
                },
                "PLOC": {
                    "__old": 120,
                    "__new": 76
                },
                "LLOC": {
                    "__old": 50,
                    "__new": 51
                },
                "CLOC": {
                    "__old": 31,
                    "__new": 11
                },
                "BLANK": {
                    "__old": 26,
                    "__new": 12
                },
                "CC": {
                    "__old": 33,
                    "__new": 17
                },
                "COGNITIVE": {
                    "__old": 23,
                    "__new": 26
                },
                "NARGS_SUM": {
                    "__old": 14,
                    "__new": 3
                },
                "NARGS_AVG": {
                    "__old": 2.3333333333333335,
                    "__new": 1
                },
                "NEXITS": {
                    "__old": 5,
                    "__new": 1
                },
                "NOM": {
                    "functions": {
                        "__old": 6,
                        "__new": 3
                    },
                    "total": {
                        "__old": 6,
                        "__new": 3
                    }
                },
                "Halstead": {
                    "n1": {
                        "__old": 31,
                        "__new": 29
                    },
                    "n2": {
                        "__old": 76,
                        "__new": 56
                    },
                    "N1": {
                        "__old": 357,
                        "__new": 229
                    },
                    "N2": {
                        "__old": 277,
                        "__new": 179
                    },
                    "Vocabulary": {
                        "__old": 107,
                        "__new": 85
                    },
                    "Length": {
                        "__old": 634,
                        "__new": 408
                    },
                    "Volume": {
                        "__old": 4274.090069378328,
                        "__new": 2615.0315019441823
                    },
                    "Difficulty": {
                        "__old": 56.49342105263158,
                        "__new": 46.348214285714285
                    },
                    "Level": {
                        "__old": 0.01770117619657622,
                        "__new": 0.021575804276632634
                    },
                    "Effort": {
                        "__old": 241457.96990626122,
                        "__new": 121202.04041600223
                    },
                    "Programming time": {
                        "__old": 13414.331661458957,
                        "__new": 6733.446689777902
                    },
                    "Bugs": {
                        "__old": 1.2925274501455593,
                        "__new": 0.8163668592877504
                    },
                    "Estimated program length": {
                        "__old": 628.4225766437056,
                        "__new": 466.09332449392537
                    },
                    "Purity ratio": {
                        "__old": 0.9912028022771382,
                        "__new": 1.142385599249817
                    }
                },
                "Mi": {
                    "Original": {
                        "__old": 36.0826764831795,
                        "__new": 51.730095027912654
                    },
                    "Sei": {
                        "__old": 9.908528038966214,
                        "__new": 25.34837941970405
                    },
                    "Visual Studio": {
                        "__old": 21.100980399520175,
                        "__new": 30.25151756018284
                    }
                }
            }
        ]
    ]
}