{
    "SLOC": {
        "__old": 184,
        "__new": 162
    },
    "PLOC": {
        "__old": 146,
        "__new": 135
    },
    "LLOC": {
        "__old": 38,
        "__new": 79
    },
    "CLOC": {
        "__old": 15,
        "__new": 3
    },
    "BLANK": {
        "__old": 23,
        "__new": 24
    },
    "CC": {
        "__old": 26,
        "__new": 18
    },
    "COGNITIVE": {
        "__old": 26,
        "__new": 9
    },
    "NEXITS": {
        "__old": 2,
        "__new": 7
    },
    "NOM": {
        "functions": {
            "__old": 6,
            "__new": 10
        },
        "total": {
            "__old": 6,
            "__new": 10
        }
    },
    "HALSTEAD": {
        "n1": {
            "__old": 23,
            "__new": 18
        },
        "n2": {
            "__old": 98,
            "__new": 80
        },
        "N1": {
            "__old": 498,
            "__new": 410
        },
        "N2": {
            "__old": 388,
            "__new": 311
        },
        "Vocabulary": {
            "__old": 121,
            "__new": 98
        },
        "Length": {
            "__old": 886,
            "__new": 721
        },
        "Volume": {
            "__old": 6130.112828225291,
            "__new": 4769.2057976070655
        },
        "Difficulty": {
            "__old": 45.53061224489796,
            "__new": 34.9875
        },
        "Level": {
            "__old": 0.021963245181532944,
            "__new": 0.0285816362986781
        },
        "Effort": {
            "__old": 279107.7901994005,
            "__new": 166862.5878437772
        },
        "Programming time": {
            "__old": 15505.98834441114,
            "__new": 9270.143769098733
        },
        "Bugs": {
            "__old": 1.42361771684647,
            "__new": 1.0103024242212915
        },
        "Estimated program length": {
            "__old": 752.2834897126016,
            "__new": 580.8128976169506
        },
        "Purity ratio": {
            "__old": 0.8490784308268642,
            "__new": 0.8055657387197651
        }
    },
    "MI": {
        "Original": {
            "__old": 35.18900486644846,
            "__new": 40.39727700229028
        },
        "Sei": {
            "__old": -0.8844006110354101,
            "__new": -5.12412539241763
        },
        "Visual Studio": {
            "__old": 20.578365418975707,
            "__new": 23.624138597830573
        }
    },
    "files": [
        [
            "~",
            {
                "filename": {
                    "__old": "Assets/C++/nbody.cpp",
                    "__new": "Assets/JavaScript/nbody.js"
                },
                "SLOC": {
                    "__old": 184,
                    "__new": 162
                },
                "PLOC": {
                    "__old": 146,
                    "__new": 135
                },
                "LLOC": {
                    "__old": 38,
                    "__new": 79
                },
                "CLOC": {
                    "__old": 15,
                    "__new": 3
                },
                "BLANK": {
                    "__old": 23,
                    "__new": 24
                },
                "CC": {
                    "__old": 26,
                    "__new": 18
                },
                "COGNITIVE": {
                    "__old": 26,
                    "__new": 9
                },
                "NEXITS": {
                    "__old": 2,
                    "__new": 7
                },
                "NOM": {
                    "functions": {
                        "__old": 6,
                        "__new": 10
                    },
                    "total": {
                        "__old": 6,
                        "__new": 10
                    }
                },
                "Halstead": {
                    "n1": {
                        "__old": 23,
                        "__new": 18
                    },
                    "n2": {
                        "__old": 98,
                        "__new": 80
                    },
                    "N1": {
                        "__old": 498,
                        "__new": 410
                    },
                    "N2": {
                        "__old": 388,
                        "__new": 311
                    },
                    "Vocabulary": {
                        "__old": 121,
                        "__new": 98
                    },
                    "Length": {
                        "__old": 886,
                        "__new": 721
                    },
                    "Volume": {
                        "__old": 6130.112828225291,
                        "__new": 4769.2057976070655
                    },
                    "Difficulty": {
                        "__old": 45.53061224489796,
                        "__new": 34.9875
                    },
                    "Level": {
                        "__old": 0.021963245181532944,
                        "__new": 0.0285816362986781
                    },
                    "Effort": {
                        "__old": 279107.7901994005,
                        "__new": 166862.5878437772
                    },
                    "Programming time": {
                        "__old": 15505.98834441114,
                        "__new": 9270.143769098733
                    },
                    "Bugs": {
                        "__old": 1.42361771684647,
                        "__new": 1.0103024242212915
                    },
                    "Estimated program length": {
                        "__old": 752.2834897126016,
                        "__new": 580.8128976169506
                    },
                    "Purity ratio": {
                        "__old": 0.8490784308268642,
                        "__new": 0.8055657387197651
                    }
                },
                "Mi": {
                    "Original": {
                        "__old": 35.18900486644846,
                        "__new": 40.39727700229028
                    },
                    "Sei": {
                        "__old": -0.8844006110354101,
                        "__new": -5.12412539241763
                    },
                    "Visual Studio": {
                        "__old": 20.578365418975707,
                        "__new": 23.624138597830573
                    }
                }
            }
        ]
    ]
}