{
    "SLOC": {
        "__old": 94,
        "__new": 33
    },
    "PLOC": {
        "__old": 71,
        "__new": 22
    },
    "LLOC": {
        "__old": 23,
        "__new": 10
    },
    "CLOC": {
        "__old": 7,
        "__new": 8
    },
    "BLANK": {
        "__old": 16,
        "__new": 3
    },
    "CC": {
        "__old": 6,
        "__new": 4
    },
    "NOM": {
        "functions": {
            "__old": 1,
            "__new": 0
        },
        "total": {
            "__old": 1,
            "__new": 0
        }
    },
    "HALSTEAD": {
        "n1": {
            "__old": 22,
            "__new": 14
        },
        "n2": {
            "__old": 71,
            "__new": 23
        },
        "N1": {
            "__old": 218,
            "__new": 113
        },
        "N2": {
            "__old": 161,
            "__new": 50
        },
        "Vocabulary": {
            "__old": 93,
            "__new": 37
        },
        "Length": {
            "__old": 379,
            "__new": 163
        },
        "Volume": {
            "__old": 2478.3411894099436,
            "__new": 849.1408985975189
        },
        "Difficulty": {
            "__old": 24.943661971830984,
            "__new": 15.217391304347826
        },
        "Level": {
            "__old": 0.04009034443817053,
            "__new": 0.06571428571428571
        },
        "Effort": {
            "__old": 61818.90487950718,
            "__new": 12921.709326483984
        },
        "Programming time": {
            "__old": 3434.3836044170657,
            "__new": 717.8727403602213
        },
        "Bugs": {
            "__old": 0.5211462496741232,
            "__new": 0.18355183201932318
        },
        "Estimated program length": {
            "__old": 534.7395410948529,
            "__new": 157.34489389811776
        },
        "Purity ratio": {
            "__old": 1.4109222720180816,
            "__new": 0.9653060975344648
        }
    },
    "MI": {
        "Original": {
            "__old": 55.37883187857979,
            "__new": 78.36660682386069
        },
        "Sei": {
            "__old": 25.31864346324061,
            "__new": 72.31187482648421
        },
        "Visual Studio": {
            "__old": 32.38528180033906,
            "__new": 45.82842504319339
        }
    },
    "files": [
        [
            "~",
            {
                "filename": {
                    "__old": "Assets/C++/regexredux.cpp",
                    "__new": "Assets/JavaScript/regexredux.js"
                },
                "SLOC": {
                    "__old": 94,
                    "__new": 33
                },
                "PLOC": {
                    "__old": 71,
                    "__new": 22
                },
                "LLOC": {
                    "__old": 23,
                    "__new": 10
                },
                "CLOC": {
                    "__old": 7,
                    "__new": 8
                },
                "BLANK": {
                    "__old": 16,
                    "__new": 3
                },
                "CC": {
                    "__old": 6,
                    "__new": 4
                },
                "COGNITIVE": {
                    "__old": 5,
                    "__new": 4
                },
                "NOM": {
                    "functions": {
                        "__old": 1,
                        "__new": 0
                    },
                    "total": {
                        "__old": 1,
                        "__new": 0
                    }
                },
                "Halstead": {
                    "n1": {
                        "__old": 22,
                        "__new": 14
                    },
                    "n2": {
                        "__old": 71,
                        "__new": 23
                    },
                    "N1": {
                        "__old": 218,
                        "__new": 113
                    },
                    "N2": {
                        "__old": 161,
                        "__new": 50
                    },
                    "Vocabulary": {
                        "__old": 93,
                        "__new": 37
                    },
                    "Length": {
                        "__old": 379,
                        "__new": 163
                    },
                    "Volume": {
                        "__old": 2478.3411894099436,
                        "__new": 849.1408985975189
                    },
                    "Difficulty": {
                        "__old": 24.943661971830984,
                        "__new": 15.217391304347826
                    },
                    "Level": {
                        "__old": 0.04009034443817053,
                        "__new": 0.06571428571428571
                    },
                    "Effort": {
                        "__old": 61818.90487950718,
                        "__new": 12921.709326483984
                    },
                    "Programming time": {
                        "__old": 3434.3836044170657,
                        "__new": 717.8727403602213
                    },
                    "Bugs": {
                        "__old": 0.5211462496741232,
                        "__new": 0.18355183201932318
                    },
                    "Estimated program length": {
                        "__old": 534.7395410948529,
                        "__new": 157.34489389811776
                    },
                    "Purity ratio": {
                        "__old": 1.4109222720180816,
                        "__new": 0.9653060975344648
                    }
                },
                "Mi": {
                    "Original": {
                        "__old": 55.37883187857979,
                        "__new": 78.36660682386069
                    },
                    "Sei": {
                        "__old": 25.31864346324061,
                        "__new": 72.31187482648421
                    },
                    "Visual Studio": {
                        "__old": 32.38528180033906,
                        "__new": 45.82842504319339
                    }
                }
            }
        ]
    ]
}