{
    "SLOC": {
        "__old": 282,
        "__new": 186
    },
    "PLOC": {
        "__old": 222,
        "__new": 148
    },
    "LLOC": {
        "__old": 113,
        "__new": 110
    },
    "CLOC": {
        "__old": 14,
        "__new": 20
    },
    "BLANK": {
        "__old": 46,
        "__new": 18
    },
    "CC": {
        "__old": 70,
        "__new": 24
    },
    "COGNITIVE": {
        "__old": 38,
        "__new": 40
    },
    "NEXITS": {
        "__old": 11,
        "__new": 2
    },
    "NOM": {
        "functions": {
            "__old": 28,
            "__new": 4
        },
        "total": {
            "__old": 28,
            "__new": 4
        }
    },
    "HALSTEAD": {
        "n1": {
            "__old": 38,
            "__new": 29
        },
        "n2": {
            "__old": 123,
            "__new": 69
        },
        "N1": {
            "__old": 819,
            "__new": 439
        },
        "N2": {
            "__old": 535,
            "__new": 290
        },
        "Vocabulary": {
            "__old": 161,
            "__new": 98
        },
        "Length": {
            "__old": 1354,
            "__new": 729
        },
        "Volume": {
            "__old": 9926.061452967191,
            "__new": 4822.123476359987
        },
        "Difficulty": {
            "__old": 82.64227642276423,
            "__new": 60.94202898550725
        },
        "Level": {
            "__old": 0.012100344318740778,
            "__new": 0.016409036860879904
        },
        "Effort": {
            "__old": 820312.3143854593,
            "__new": 293869.9886680253
        },
        "Programming time": {
            "__old": 45572.90635474774,
            "__new": 16326.110481556962
        },
        "Bugs": {
            "__old": 2.9210000610399707,
            "__new": 1.4733827109553517
        },
        "Estimated program length": {
            "__old": 1053.3505296675826,
            "__new": 562.3696363763933
        },
        "Purity ratio": {
            "__old": 0.7779546009361762,
            "__new": 0.7714261129991677
        }
    },
    "MI": {
        "Original": {
            "__old": 15.645926405158932,
            "__new": 36.72186162633774
        },
        "Sei": {
            "__old": -29.082878320616135,
            "__new": 4.042833620573553
        },
        "Visual Studio": {
            "__old": 9.149664564420428,
            "__new": 21.474772880899263
        }
    },
    "files": [
        [
            "~",
            {
                "filename": {
                    "__old": "Assets/C++/revcomp.cpp",
                    "__new": "Assets/JavaScript/revcomp.js"
                },
                "SLOC": {
                    "__old": 282,
                    "__new": 186
                },
                "PLOC": {
                    "__old": 222,
                    "__new": 148
                },
                "LLOC": {
                    "__old": 113,
                    "__new": 110
                },
                "CLOC": {
                    "__old": 14,
                    "__new": 20
                },
                "BLANK": {
                    "__old": 46,
                    "__new": 18
                },
                "CC": {
                    "__old": 70,
                    "__new": 24
                },
                "COGNITIVE": {
                    "__old": 38,
                    "__new": 40
                },
                "NEXITS": {
                    "__old": 11,
                    "__new": 2
                },
                "NOM": {
                    "functions": {
                        "__old": 28,
                        "__new": 4
                    },
                    "total": {
                        "__old": 28,
                        "__new": 4
                    }
                },
                "Halstead": {
                    "n1": {
                        "__old": 38,
                        "__new": 29
                    },
                    "n2": {
                        "__old": 123,
                        "__new": 69
                    },
                    "N1": {
                        "__old": 819,
                        "__new": 439
                    },
                    "N2": {
                        "__old": 535,
                        "__new": 290
                    },
                    "Vocabulary": {
                        "__old": 161,
                        "__new": 98
                    },
                    "Length": {
                        "__old": 1354,
                        "__new": 729
                    },
                    "Volume": {
                        "__old": 9926.061452967191,
                        "__new": 4822.123476359987
                    },
                    "Difficulty": {
                        "__old": 82.64227642276423,
                        "__new": 60.94202898550725
                    },
                    "Level": {
                        "__old": 0.012100344318740778,
                        "__new": 0.016409036860879904
                    },
                    "Effort": {
                        "__old": 820312.3143854593,
                        "__new": 293869.9886680253
                    },
                    "Programming time": {
                        "__old": 45572.90635474774,
                        "__new": 16326.110481556962
                    },
                    "Bugs": {
                        "__old": 2.9210000610399707,
                        "__new": 1.4733827109553517
                    },
                    "Estimated program length": {
                        "__old": 1053.3505296675826,
                        "__new": 562.3696363763933
                    },
                    "Purity ratio": {
                        "__old": 0.7779546009361762,
                        "__new": 0.7714261129991677
                    }
                },
                "Mi": {
                    "Original": {
                        "__old": 15.645926405158932,
                        "__new": 36.72186162633774
                    },
                    "Sei": {
                        "__old": -29.082878320616135,
                        "__new": 4.042833620573553
                    },
                    "Visual Studio": {
                        "__old": 9.149664564420428,
                        "__new": 21.474772880899263
                    }
                }
            }
        ]
    ]
}