{
    "SLOC": {
        "__old": 135,
        "__new": 50
    },
    "PLOC": {
        "__old": 97,
        "__new": 39
    },
    "LLOC": {
        "__old": 33,
        "__new": 42
    },
    "CLOC": {
        "__old": 13,
        "__new": 5
    },
    "BLANK": {
        "__old": 25,
        "__new": 6
    },
    "CC_SUM": {
        "__old": 22,
        "__new": 13
    },
    "CC_AVG": {
        "__old": 2.4444444444444446,
        "__new": 2.1666666666666665
    },
    "COGNITIVE_SUM": {
        "__old": 12,
        "__new": 9
    },
    "COGNITIVE_AVG": {
        "__old": 1.5,
        "__new": 1.8
    },
    "NARGS_SUM": {
        "__old": 28,
        "__new": 10
    },
    "NARGS_AVG": {
        "__old": 3.5,
        "__new": 2
    },
    "NEXITS": {
        "__old": 4,
        "__new": 2
    },
    "NEXITS_AVG": {
        "__old": 0.5,
        "__new": 0.4
    },
    "NOM": {
        "functions": {
            "__old": 8,
            "__new": 5
        },
        "total": {
            "__old": 8,
            "__new": 5
        }
    },
    "HALSTEAD": {
        "n1": {
            "__old": 24,
            "__new": 16
        },
        "n2": {
            "__old": 61,
            "__new": 23
        },
        "N1": {
            "__old": 409,
            "__new": 146
        },
        "N2": {
            "__old": 284,
            "__new": 135
        },
        "Vocabulary": {
            "__old": 85,
            "__new": 39
        },
        "Length": {
            "__old": 693,
            "__new": 281
        },
        "Volume": {
            "__old": 4441.707918743427,
            "__new": 1485.1980235002918
        },
        "Difficulty": {
            "__old": 55.868852459016395,
            "__new": 46.95652173913044
        },
        "Level": {
            "__old": 0.017899061032863848,
            "__new": 0.021296296296296296
        },
        "Effort": {
            "__old": 248153.1243783213,
            "__new": 69739.73327740502
        },
        "Programming time": {
            "__old": 13786.284687684518,
            "__new": 3874.4296265225007
        },
        "Bugs": {
            "__old": 1.3163112012968532,
            "__new": 0.5647621722518612
        },
        "Estimated program length": {
            "__old": 471.81407760864386,
            "__new": 168.0419249893113
        },
        "Purity ratio": {
            "__old": 0.6808283948176679,
            "__new": 0.5980139679334922
        }
    },
    "MI": {
        "Original": {
            "__old": 42.800818500504576,
            "__new": 66.65804967623784
        },
        "Sei": {
            "__old": 11.409492315309578,
            "__new": 45.316836002428744
        },
        "Visual Studio": {
            "__old": 25.029718421347706,
            "__new": 38.981315600139084
        }
    },
    "files": [
        [
            "~",
            {
                "filename": {
                    "__old": "Assets/C++/spectralnorm.cpp",
                    "__new": "Assets/JavaScript/spectralnorm.js"
                },
                "SLOC": {
                    "__old": 135,
                    "__new": 50
                },
                "PLOC": {
                    "__old": 97,
                    "__new": 39
                },
                "LLOC": {
                    "__old": 33,
                    "__new": 42
                },
                "CLOC": {
                    "__old": 13,
                    "__new": 5
                },
                "BLANK": {
                    "__old": 25,
                    "__new": 6
                },
                "CC_SUM": {
                    "__old": 22,
                    "__new": 13
                },
                "CC_AVG": {
                    "__old": 2.4444444444444446,
                    "__new": 2.1666666666666665
                },
                "COGNITIVE_SUM": {
                    "__old": 12,
                    "__new": 9
                },
                "COGNITIVE_AVG": {
                    "__old": 1.5,
                    "__new": 1.8
                },
                "NARGS_SUM": {
                    "__old": 28,
                    "__new": 10
                },
                "NARGS_AVG": {
                    "__old": 3.5,
                    "__new": 2
                },
                "NEXITS": {
                    "__old": 4,
                    "__new": 2
                },
                "NEXITS_AVG": {
                    "__old": 0.5,
                    "__new": 0.4
                },
                "NOM": {
                    "functions": {
                        "__old": 8,
                        "__new": 5
                    },
                    "total": {
                        "__old": 8,
                        "__new": 5
                    }
                },
                "Halstead": {
                    "n1": {
                        "__old": 24,
                        "__new": 16
                    },
                    "n2": {
                        "__old": 61,
                        "__new": 23
                    },
                    "N1": {
                        "__old": 409,
                        "__new": 146
                    },
                    "N2": {
                        "__old": 284,
                        "__new": 135
                    },
                    "Vocabulary": {
                        "__old": 85,
                        "__new": 39
                    },
                    "Length": {
                        "__old": 693,
                        "__new": 281
                    },
                    "Volume": {
                        "__old": 4441.707918743427,
                        "__new": 1485.1980235002918
                    },
                    "Difficulty": {
                        "__old": 55.868852459016395,
                        "__new": 46.95652173913044
                    },
                    "Level": {
                        "__old": 0.017899061032863848,
                        "__new": 0.021296296296296296
                    },
                    "Effort": {
                        "__old": 248153.1243783213,
                        "__new": 69739.73327740502
                    },
                    "Programming time": {
                        "__old": 13786.284687684518,
                        "__new": 3874.4296265225007
                    },
                    "Bugs": {
                        "__old": 1.3163112012968532,
                        "__new": 0.5647621722518612
                    },
                    "Estimated program length": {
                        "__old": 471.81407760864386,
                        "__new": 168.0419249893113
                    },
                    "Purity ratio": {
                        "__old": 0.6808283948176679,
                        "__new": 0.5980139679334922
                    }
                },
                "Mi": {
                    "Original": {
                        "__old": 42.800818500504576,
                        "__new": 66.65804967623784
                    },
                    "Sei": {
                        "__old": 11.409492315309578,
                        "__new": 45.316836002428744
                    },
                    "Visual Studio": {
                        "__old": 25.029718421347706,
                        "__new": 38.981315600139084
                    }
                }
            }
        ]
    ]
}