{
    "SLOC": 75,
    "PLOC": 56,
    "LLOC": 31,
    "CLOC": 7,
    "BLANK": 12,
    "CC_SUM": 12,
    "CC_AVG": 1.5,
    "COGNITIVE_SUM": 5,
    "COGNITIVE_AVG": 0.7142857142857143,
    "NARGS_SUM": 14,
    "NARGS_AVG": 2.0,
    "NEXITS": 3,
    "NEXITS_AVG": 0.42857142857142855,
    "NOM": {
        "functions": 4,
        "closures": 3,
        "total": 7
    },
    "HALSTEAD": {
        "n1": 22,
        "n2": 43,
        "N1": 193,
        "N2": 140,
        "Vocabulary": 65,
        "Length": 333,
        "Volume": 2005.4484817384753,
        "Difficulty": 35.81395348837209,
        "Level": 0.02792207792207792,
        "Effort": 71823.03864830818,
        "Programming time": 3990.168813794899,
        "Bugs": 0.5759541722145377,
        "Estimated program length": 331.4368800622107,
        "Purity ratio": 0.9953059461327649
    },
    "MI": {
        "Original": 58.75785297946959,
        "Sei": 33.08134287773029,
        "Visual Studio": 34.36131753185356
    },
    "files": [
        {
            "filename": "Assets/Rust/binarytrees.rs",
            "SLOC": 75,
            "PLOC": 56,
            "LLOC": 31,
            "CLOC": 7,
            "BLANK": 12,
            "CC_SUM": 12,
            "CC_AVG": 1.5,
            "COGNITIVE_SUM": 5,
            "COGNITIVE_AVG": 0.7142857142857143,
            "NARGS_SUM": 14,
            "NARGS_AVG": 2.0,
            "NEXITS": 3,
            "NEXITS_AVG": 0.42857142857142855,
            "NOM": {
                "functions": 4,
                "closures": 3,
                "total": 7
            },
            "Halstead": {
                "n1": 22,
                "n2": 43,
                "N1": 193,
                "N2": 140,
                "Vocabulary": 65,
                "Length": 333,
                "Volume": 2005.4484817384753,
                "Difficulty": 35.81395348837209,
                "Level": 0.02792207792207792,
                "Effort": 71823.03864830818,
                "Programming time": 3990.168813794899,
                "Bugs": 0.5759541722145377,
                "Estimated program length": 331.4368800622107,
                "Purity ratio": 0.9953059461327649
            },
            "Mi": {
                "Original": 58.75785297946959,
                "Sei": 33.08134287773029,
                "Visual Studio": 34.36131753185356
            },
            "spaces": [
                {
                    "name": "item_check",
                    "kind": "function",
                    "start_line": 19,
                    "end_line": 25,
                    "SLOC": 7,
                    "PLOC": 7,
                    "LLOC": 3,
                    "CLOC": 0,
                    "BLANK": 0,
                    "CC": {
                        "sum": 2,
                        "average": 2.0
                    },
                    "COGNITIVE": {
                        "sum": 1,
                        "average": 1.0
                    },
                    "NARGS": {
                        "sum": 1,
                        "average": 1.0
                    },
                    "NEXITS": {
                        "sum": 1,
                        "average": 1.0
                    },
                    "NOM": {
                        "functions": 1,
                        "closures": 0,
                        "total": 1
                    },
                    "Halstead": {
                        "n1": 11,
                        "n2": 6,
                        "N1": 18,
                        "N2": 12,
                        "Vocabulary": 17,
                        "Length": 30,
                        "Volume": 122.62388523751017,
                        "Difficulty": 11.0,
                        "Level": 0.09090909090909091,
                        "Effort": 1348.862737612612,
                        "Programming time": 74.93681875625622,
                        "Bugs": 0.04069339433303162,
                        "Estimated program length": 53.5635228093372,
                        "Purity ratio": 1.78545076031124
                    },
                    "Mi": {
                        "Original": 114.0088220848072,
                        "Sei": 88.98274996613964,
                        "Visual Studio": 66.67182578058902
                    }
                },
                {
                    "name": "bottom_up_tree",
                    "kind": "function",
                    "start_line": 27,
                    "end_line": 36,
                    "SLOC": 10,
                    "PLOC": 10,
                    "LLOC": 6,
                    "CLOC": 0,
                    "BLANK": 0,
                    "CC": {
                        "sum": 2,
                        "average": 2.0
                    },
                    "COGNITIVE": {
                        "sum": 1,
                        "average": 1.0
                    },
                    "NARGS": {
                        "sum": 2,
                        "average": 2.0
                    },
                    "NEXITS": {
                        "sum": 1,
                        "average": 1.0
                    },
                    "NOM": {
                        "functions": 1,
                        "closures": 0,
                        "total": 1
                    },
                    "Halstead": {
                        "n1": 14,
                        "n2": 11,
                        "N1": 39,
                        "N2": 28,
                        "Vocabulary": 25,
                        "Length": 67,
                        "Volume": 311.1383647149065,
                        "Difficulty": 17.818181818181817,
                        "Level": 0.056122448979591844,
                        "Effort": 5543.91995310197,
                        "Programming time": 307.99555295010947,
                        "Bugs": 0.10441351414033229,
                        "Estimated program length": 91.35671671381672,
                        "Purity ratio": 1.3635330852808467
                    },
                    "Mi": {
                        "Original": 103.38888537102609,
                        "Sei": 73.66141993461304,
                        "Visual Studio": 60.461336474284266
                    }
                },
                {
                    "name": "inner",
                    "kind": "function",
                    "start_line": 38,
                    "end_line": 45,
                    "SLOC": 8,
                    "PLOC": 8,
                    "LLOC": 5,
                    "CLOC": 0,
                    "BLANK": 0,
                    "CC": {
                        "sum": 2,
                        "average": 1.0
                    },
                    "COGNITIVE": {
                        "sum": 0,
                        "average": 0.0
                    },
                    "NARGS": {
                        "sum": 5,
                        "average": 2.5
                    },
                    "NEXITS": {
                        "sum": 1,
                        "average": 0.5
                    },
                    "NOM": {
                        "functions": 1,
                        "closures": 1,
                        "total": 2
                    },
                    "Halstead": {
                        "n1": 12,
                        "n2": 14,
                        "N1": 31,
                        "N2": 21,
                        "Vocabulary": 26,
                        "Length": 52,
                        "Volume": 244.42286534333678,
                        "Difficulty": 9.0,
                        "Level": 0.1111111111111111,
                        "Effort": 2199.805788090031,
                        "Programming time": 122.21143267166839,
                        "Bugs": 0.05638128531994684,
                        "Estimated program length": 96.32251891746033,