{
    "SLOC": 106,
    "PLOC": 85,
    "LLOC": 77,
    "CLOC": 5,
    "BLANK": 16,
    "CC": 33.0,
    "COGNITIVE": 52,
    "NARGS": 0,
    "NEXITS": 1,
    "NOM": {
        "functions": 4,
        "closures": 1,
        "total": 5
    },
    "HALSTEAD": {
        "n1": 30,
        "n2": 72,
        "N1": 182,
        "N2": 281,
        "Vocabulary": 102,
        "Length": 463,
        "Volume": 3089.3329333328024,
        "Difficulty": 58.541666666666664,
        "Level": 0.01708185053380783,
        "Effort": 180854.69880552447,
        "Programming time": 10047.483266973582,
        "Bugs": 1.066019812671971,
        "Estimated program length": 591.4413179721021,
        "Purity ratio": 1.2774110539354255
    },
    "MI": {
        "Original": 46.07659224487226,
        "Sei": 10.6412127949326,
        "Visual Studio": 26.945375581796647
    },
    "files": [
        {
            "filename": "Assets/Python/fannkuchredux.py",
            "SLOC": 106,
            "PLOC": 85,
            "LLOC": 77,
            "CLOC": 5,
            "BLANK": 16,
            "CC": 33.0,
            "COGNITIVE": 52,
            "NARGS": 0,
            "NEXITS": 1,
            "NOM": {
                "functions": 4,
                "closures": 1,
                "total": 5
            },
            "Halstead": {
                "n1": 30,
                "n2": 72,
                "N1": 182,
                "N2": 281,
                "Vocabulary": 102,
                "Length": 463,
                "Volume": 3089.3329333328024,
                "Difficulty": 58.541666666666664,
                "Level": 0.01708185053380783,
                "Effort": 180854.69880552447,
                "Programming time": 10047.483266973582,
                "Bugs": 1.066019812671971,
                "Estimated program length": 591.4413179721021,
                "Purity ratio": 1.2774110539354255
            },
            "Mi": {
                "Original": 46.07659224487226,
                "Sei": 10.6412127949326,
                "Visual Studio": 26.945375581796647
            },
            "spaces": [
                {
                    "name": "permutations",
                    "kind": "function",
                    "start_line": 12,
                    "end_line": 51,
                    "SLOC": 40,
                    "PLOC": 36,
                    "LLOC": 33,
                    "CLOC": 0,
                    "BLANK": 4,
                    "CC": 15.0,
                    "COGNITIVE": 28,
                    "NARGS": 3,
                    "NEXITS": 0,
                    "NOM": {
                        "functions": 1,
                        "closures": 0,
                        "total": 1
                    },
                    "Halstead": {
                        "n1": 21,
                        "n2": 29,
                        "N1": 73,
                        "N2": 126,
                        "Vocabulary": 50,
                        "Length": 199,
                        "Volume": 1123.1273817651702,
                        "Difficulty": 45.62068965517241,
                        "Level": 0.021919879062736205,
                        "Effort": 51237.84572673518,
                        "Programming time": 2846.546984818621,
                        "Bugs": 0.45983919527608386,
                        "Estimated program length": 233.12011473705354,
                        "Purity ratio": 1.171457863000269
                    },
                    "Mi": {
                        "Original": 71.26601647674231,
                        "Sei": 28.641574453961454,
                        "Visual Studio": 41.67603302733468
                    }
                },
                {
                    "name": "alternating_flips_generator",
                    "kind": "function",
                    "start_line": 53,
                    "end_line": 71,
                    "SLOC": 19,
                    "PLOC": 19,
                    "LLOC": 18,
                    "CLOC": 0,
                    "BLANK": 0,
                    "CC": 6.0,
                    "COGNITIVE": 14,
                    "NARGS": 3,
                    "NEXITS": 0,
                    "NOM": {
                        "functions": 1,
                        "closures": 0,
                        "total": 1
                    },
                    "Halstead": {
                        "n1": 16,
                        "n2": 14,
                        "N1": 32,
                        "N2": 44,
                        "Vocabulary": 30,
                        "Length": 76,
                        "Volume": 372.92368526624745,
                        "Difficulty": 25.142857142857142,
                        "Level": 0.03977272727272727,
                        "Effort": 9376.366943837078,
                        "Programming time": 520.9092746576155,
                        "Bugs": 0.1482182934803749,
                        "Estimated program length": 117.30296890880646,
                        "Purity ratio": 1.5434601172211377
                    },
                    "Mi": {
                        "Original": 91.12894476934208,
                        "Sei": 56.381343864588075,
                        "Visual Studio": 53.29178056686672
                    }
                },
                {
                    "name": "task",
                    "kind": "function",
                    "start_line": 73,
                    "end_line": 75,
                    "SLOC": 3,
                    "PLOC": 3,
                    "LLOC": 2,
                    "CLOC": 0,
                    "BLANK": 0,
                    "CC": 1.0,
                    "COGNITIVE": 0,
                    "NARGS": 3,
                    "NEXITS": 1,
                    "NOM": {
                        "functions": 1,
                        "closures": 0,
                        "total": 1
                    },
                    "Halstead": {
                        "n1": 4,
                        "n2": 9,
                        "N1": 9,
                        "N2": 15,
                        "Vocabulary": 13,
                        "Length": 24,
                        "Volume": 88.81055323538621,
                        "Difficulty": 3.3333333333333335,
                        "Level": 0.3,
                        "Effort": 296.0351774512874,
                        "Programming time": 16.446398747293742,
                        "Bugs": 0.014806109574381313,
                        "Estimated program length": 36.529325012980806,
                        "Purity ratio": 1.5220552088742003
                    },
                    "Mi": {
                        "Original": 129.64265239805246,
                        "Sei": 111.43577956975372,
                        "Visual Studio": 75.81441660704823
                    }
                },
                {
                    "name": "fannkuch",
                    "kind": "function",
                    "start_line": 77,
                    "end_line": 103,
                    "SLOC": 27,
                    "PLOC": 21,
                    "LLOC": 18,
                    "CLOC": 0,
                    "BLANK": 6,
                    "CC": 9.0,
                    "COGNITIVE": 9,
                    "NARGS": 1,
                    "NEXITS": 0,
                    "NOM": {
                        "functions": 1,
                        "closures": 1,
                        "total": 2
                    },
                    "Halstead": {
                        "n1": 19,
                        "n2": 35,
                        "N1": 56,
                        "N2": 80,
                        "Vocabulary": 54,
                        "Length": 136,
                        "Volume": 782.6647002942317,
                        "Difficulty": 21.714285714285715,
                        "Level": 0.046052631578947366,