{
    "SLOC": 74,
    "PLOC": 61,
    "LLOC": 62,
    "CLOC": 4,
    "BLANK": 9,
    "CC_SUM": 25,
    "CC_AVG": 5.0,
    "COGNITIVE_SUM": 38,
    "COGNITIVE_AVG": 9.5,
    "NARGS_SUM": 8,
    "NARGS_AVG": 2.0,
    "NEXITS": 1,
    "NEXITS_AVG": 0.25,
    "NOM": {
        "functions": 4,
        "closures": 0,
        "total": 4
    },
    "HALSTEAD": {
        "n1": 24,
        "n2": 73,
        "N1": 135,
        "N2": 199,
        "Vocabulary": 97,
        "Length": 334,
        "Volume": 2204.3708892905006,
        "Difficulty": 32.71232876712329,
        "Level": 0.030569514237855946,
        "Effort": 72110.10525514679,
        "Programming time": 4006.116958619266,
        "Bugs": 0.5774878237182266,
        "Estimated program length": 561.896292815549,
        "Purity ratio": 1.6823242299866739
    },
    "MI": {
        "Original": 55.4935188218906,
        "Sei": 24.527009670842695,
        "Visual Studio": 32.45235018824012
    },
    "files": [
        {
            "filename": "Assets/Python/revcomp.py",
            "SLOC": 74,
            "PLOC": 61,
            "LLOC": 62,
            "CLOC": 4,
            "BLANK": 9,
            "CC_SUM": 25,
            "CC_AVG": 5.0,
            "COGNITIVE_SUM": 38,
            "COGNITIVE_AVG": 9.5,
            "NARGS_SUM": 8,
            "NARGS_AVG": 2.0,
            "NEXITS": 1,
            "NEXITS_AVG": 0.25,
            "NOM": {
                "functions": 4,
                "closures": 0,
                "total": 4
            },
            "Halstead": {
                "n1": 24,
                "n2": 73,
                "N1": 135,
                "N2": 199,
                "Vocabulary": 97,
                "Length": 334,
                "Volume": 2204.3708892905006,
                "Difficulty": 32.71232876712329,
                "Level": 0.030569514237855946,
                "Effort": 72110.10525514679,
                "Programming time": 4006.116958619266,
                "Bugs": 0.5774878237182266,
                "Estimated program length": 561.896292815549,
                "Purity ratio": 1.6823242299866739
            },
            "Mi": {
                "Original": 55.4935188218906,
                "Sei": 24.527009670842695,
                "Visual Studio": 32.45235018824012
            },
            "spaces": [
                {
                    "name": "reverse_complement",
                    "kind": "function",
                    "start_line": 13,
                    "end_line": 20,
                    "SLOC": 8,
                    "PLOC": 8,
                    "LLOC": 8,
                    "CLOC": 0,
                    "BLANK": 0,
                    "CC": {
                        "sum": 3,
                        "average": 3.0
                    },
                    "COGNITIVE": {
                        "sum": 2,
                        "average": 2.0
                    },
                    "NARGS": {
                        "sum": 2,
                        "average": 2.0
                    },
                    "NEXITS": {
                        "sum": 1,
                        "average": 1.0
                    },
                    "NOM": {
                        "functions": 1,
                        "closures": 0,
                        "total": 1
                    },
                    "Halstead": {
                        "n1": 12,
                        "n2": 16,
                        "N1": 21,
                        "N2": 34,
                        "Vocabulary": 28,
                        "Length": 55,
                        "Volume": 264.4045207131682,
                        "Difficulty": 12.75,
                        "Level": 0.0784313725490196,
                        "Effort": 3371.157639092895,
                        "Programming time": 187.28653550516083,
                        "Bugs": 0.07494306532815252,
                        "Estimated program length": 107.01955000865388,
                        "Purity ratio": 1.9458100001573433
                    },
                    "Mi": {
                        "Original": 107.62014995442487,
                        "Sei": 79.86766422517601,
                        "Visual Studio": 62.93576020726601
                    }
                },
                {
                    "name": "read_sequences",
                    "kind": "function",
                    "start_line": 22,
                    "end_line": 35,
                    "SLOC": 14,
                    "PLOC": 14,
                    "LLOC": 12,
                    "CLOC": 0,
                    "BLANK": 0,
                    "CC": {
                        "sum": 5,
                        "average": 5.0
                    },
                    "COGNITIVE": {
                        "sum": 11,
                        "average": 11.0
                    },
                    "NARGS": {
                        "sum": 1,
                        "average": 1.0
                    },
                    "NEXITS": {
                        "sum": 0,
                        "average": 0.0
                    },
                    "NOM": {
                        "functions": 1,
                        "closures": 0,
                        "total": 1
                    },
                    "Halstead": {
                        "n1": 11,
                        "n2": 9,
                        "N1": 20,
                        "N2": 28,
                        "Vocabulary": 20,
                        "Length": 48,
                        "Volume": 207.45254855459342,
                        "Difficulty": 17.11111111111111,
                        "Level": 0.05844155844155844,
                        "Effort": 3549.7436086008206,
                        "Programming time": 197.20797825560115,
                        "Bugs": 0.07756695373985634,
                        "Estimated program length": 66.58307281799108,
                        "Purity ratio": 1.3871473503748142
                    },
                    "Mi": {
                        "Original": 99.35577757458938,
                        "Sei": 68.14833489553655,
                        "Visual Studio": 58.10279390326864
                    }
                },
                {
                    "name": "reverse_and_print_task",
                    "kind": "function",
                    "start_line": 37,
                    "end_line": 48,
                    "SLOC": 12,
                    "PLOC": 12,
                    "LLOC": 14,
                    "CLOC": 0,
                    "BLANK": 0,
                    "CC": {
                        "sum": 6,
                        "average": 6.0
                    },
                    "COGNITIVE": {
                        "sum": 5,
                        "average": 5.0
                    },
                    "NARGS": {
                        "sum": 3,
                        "average": 3.0
                    },
                    "NEXITS": {
                        "sum": 0,
                        "average": 0.0
                    },
                    "NOM": {
                        "functions": 1,
                        "closures": 0,
                        "total": 1
                    },
                    "Halstead": {
                        "n1": 12,
                        "n2": 18,
                        "N1": 22,
                        "N2": 33,
                        "Vocabulary": 30,
                        "Length": 55,
                        "Volume": 269.8789827584685,
                        "Difficulty": 11.0,
                        "Level": 0.09090909090909091,
                        "Effort": 2968.6688103431534,
                        "Programming time": 164.92604501906408,
                        "Bugs": 0.06885253136497323,
                        "Estimated program length": 118.07820003461549,