{
    "LLOC": 39,
    "files": [
        {
            "LLOC": 39,
            "spaces": [
                {
                    "name": "make_tree",
                    "kind": "function",
                    "start_line": 12,
                    "end_line": 17,
                    "SLOC": 6,
                    "PLOC": 5,
                    "LLOC": 4,
                    "CLOC": 0,
                    "BLANK": 1,
                    "CC": {
                        "sum": 2,
                        "average": 2.0
                    },
                    "NOM": {
                        "functions": 1,
                        "closures": 0,
                        "total": 1
                    },
                    "Halstead": {
                        "n1": 6,
                        "n2": 5,
                        "N1": 8,
                        "N2": 12,
                        "Vocabulary": 11,
                        "Length": 20,
                        "Volume": 69.18863237274594,
                        "Difficulty": 7.2,
                        "Level": 0.1388888888888889,
                        "Effort": 498.1581530837708,
                        "Programming time": 27.67545294909838,
                        "Bugs": 0.02094708397031986,
                        "Estimated program length": 27.11941547876375,
                        "Purity ratio": 1.3559707739381874
                    },
                    "Mi": {
                        "Original": 119.48194639779692,
                        "Sei": 96.87879927065873,
                        "Visual Studio": 69.87248327356545
                    }
                },
                {
                    "name": "check_tree",
                    "kind": "function",
                    "start_line": 20,
                    "end_line": 26,
                    "SLOC": 7,
                    "PLOC": 6,
                    "LLOC": 4,
                    "CLOC": 0,
                    "BLANK": 1,
                    "CC": {
                        "sum": 2,
                        "average": 2.0
                    },
                    "NOM": {
                        "functions": 1,
                        "closures": 0,
                        "total": 1
                    },
                    "Halstead": {
                        "n1": 8,
                        "n2": 6,
                        "N1": 10,
                        "N2": 13,
                        "Vocabulary": 14,
                        "Length": 23,
                        "Volume": 87.56916320732489,
                        "Difficulty": 8.666666666666666,
                        "Level": 0.11538461538461539,
                        "Effort": 758.9327477968156,
                        "Programming time": 42.162930433156426,
                        "Bugs": 0.027734112565912995,
                        "Estimated program length": 39.50977500432694,
                        "Purity ratio": 1.717816304535954
                    },
                    "Mi": {
                        "Original": 115.75962521280539,
                        "Sei": 91.50862495647553,
                        "Visual Studio": 67.69568725895051
                    }
                },
                {
                    "name": "make_check",
                    "kind": "function",
                    "start_line": 29,
                    "end_line": 32,
                    "SLOC": 4,
                    "PLOC": 3,
                    "LLOC": 2,
                    "CLOC": 0,
                    "BLANK": 1,
                    "CC": {
                        "sum": 1,
                        "average": 1.0
                    },
                    "NOM": {
                        "functions": 1,
                        "closures": 0,
                        "total": 1
                    },
                    "Halstead": {
                        "n1": 4,
                        "n2": 8,
                        "N1": 8,
                        "N2": 12,
                        "Vocabulary": 12,
                        "Length": 20,
                        "Volume": 71.69925001442311,
                        "Difficulty": 3.0,
                        "Level": 0.3333333333333333,
                        "Effort": 215.09775004326934,
                        "Programming time": 11.949875002403852,
                        "Bugs": 0.011966560027609794,
                        "Estimated program length": 32.0,
                        "Purity ratio": 1.6
                    },
                    "Mi": {
                        "Original": 126.09513385485269,
                        "Sei": 106.31779216001772,
                        "Visual Studio": 73.73984435956298
                    }
                },
                {
                    "name": "get_argchunks",
                    "kind": "function",
                    "start_line": 35,
                    "end_line": 45,
                    "SLOC": 11,
                    "PLOC": 10,
                    "LLOC": 9,
                    "CLOC": 0,
                    "BLANK": 1,
                    "CC": {
                        "sum": 5,
                        "average": 5.0
                    },
                    "NOM": {
                        "functions": 1,
                        "closures": 0,
                        "total": 1
                    },
                    "Halstead": {
                        "n1": 13,
                        "n2": 13,
                        "N1": 21,
                        "N2": 27,
                        "Vocabulary": 26,
                        "Length": 48,
                        "Volume": 225.62110647077242,
                        "Difficulty": 13.5,
                        "Level": 0.07407407407407407,
                        "Effort": 3045.8849373554276,
                        "Programming time": 169.2158298530793,
                        "Bugs": 0.07004133374308373,
                        "Estimated program length": 96.21143267166839,
                        "Purity ratio": 2.0044048473264247
                    },
                    "Mi": {
                        "Original": 102.82603980471151,
                        "Sei": 73.15486500551803,
                        "Visual Studio": 60.13218702029913
                    }
                },
                {
                    "name": "main",
                    "kind": "function",
                    "start_line": 48,
                    "end_line": 72,
                    "SLOC": 25,
                    "PLOC": 20,
                    "LLOC": 16,
                    "CLOC": 0,
                    "BLANK": 5,
                    "CC": {
                        "sum": 4,
                        "average": 4.0
                    },
                    "NOM": {
                        "functions": 1,
                        "closures": 0,
                        "total": 1
                    },
                    "Halstead": {
                        "n1": 13,
                        "n2": 33,
                        "N1": 41,
                        "N2": 68,
                        "Vocabulary": 46,
                        "Length": 109,
                        "Volume": 602.0682532102144,
                        "Difficulty": 13.393939393939394,
                        "Level": 0.0746606334841629,
                        "Effort": 8064.065694512568,
                        "Programming time": 448.0036496951427,
                        "Bugs": 0.13404422765369406,
                        "Estimated program length": 214.57072227466315,
                        "Purity ratio": 1.9685387364647995
                    },
                    "Mi": {
                        "Original": 84.65228339233518,
                        "Sei": 46.83385689565418,