{
    "LLOC": 32,
    "files": [
        {
            "LLOC": 32,
            "spaces": [
                {
                    "name": "eval_A",
                    "kind": "function",
                    "start_line": 16,
                    "end_line": 17,
                    "SLOC": 2,
                    "PLOC": 2,
                    "LLOC": 1,
                    "CLOC": 0,
                    "BLANK": 0,
                    "CC": {
                        "sum": 1,
                        "average": 1.0
                    },
                    "NOM": {
                        "functions": 1,
                        "closures": 0,
                        "total": 1
                    },
                    "Halstead": {
                        "n1": 6,
                        "n2": 6,
                        "N1": 11,
                        "N2": 12,
                        "Vocabulary": 12,
                        "Length": 23,
                        "Volume": 82.45413751658658,
                        "Difficulty": 6.0,
                        "Level": 0.16666666666666666,
                        "Effort": 494.72482509951953,
                        "Programming time": 27.48471250552886,
                        "Bugs": 0.02085072759060878,
                        "Estimated program length": 31.019550008653873,
                        "Purity ratio": 1.348676087332777
                    },
                    "Mi": {
                        "Original": 136.59735607957296,
                        "Sei": 121.46929608193552,
                        "Visual Studio": 79.881494783376
                    }
                },
                {
                    "name": "eval_A_times_u",
                    "kind": "function",
                    "start_line": 19,
                    "end_line": 21,
                    "SLOC": 3,
                    "PLOC": 3,
                    "LLOC": 2,
                    "CLOC": 0,
                    "BLANK": 0,
                    "CC": {
                        "sum": 2,
                        "average": 2.0
                    },
                    "NOM": {
                        "functions": 1,
                        "closures": 0,
                        "total": 1
                    },
                    "Halstead": {
                        "n1": 7,
                        "n2": 9,
                        "N1": 8,
                        "N2": 13,
                        "Vocabulary": 16,
                        "Length": 21,
                        "Volume": 84.0,
                        "Difficulty": 5.055555555555555,
                        "Level": 0.19780219780219782,
                        "Effort": 424.66666666666663,
                        "Programming time": 23.59259259259259,
                        "Bugs": 0.018832625090717443,
                        "Estimated program length": 48.18080946738404,
                        "Purity ratio": 2.2943242603516207
                    },
                    "Mi": {
                        "Original": 129.70223356959139,
                        "Sei": 111.6235568898677,
                        "Visual Studio": 75.84925939742186
                    }
                },
                {
                    "name": "eval_At_times_u",
                    "kind": "function",
                    "start_line": 23,
                    "end_line": 25,
                    "SLOC": 3,
                    "PLOC": 3,
                    "LLOC": 2,
                    "CLOC": 0,
                    "BLANK": 0,
                    "CC": {
                        "sum": 2,
                        "average": 2.0
                    },
                    "NOM": {
                        "functions": 1,
                        "closures": 0,
                        "total": 1
                    },
                    "Halstead": {
                        "n1": 7,
                        "n2": 9,
                        "N1": 8,
                        "N2": 13,
                        "Vocabulary": 16,
                        "Length": 21,
                        "Volume": 84.0,
                        "Difficulty": 5.055555555555555,
                        "Level": 0.19780219780219782,
                        "Effort": 424.66666666666663,
                        "Programming time": 23.59259259259259,
                        "Bugs": 0.018832625090717443,
                        "Estimated program length": 48.18080946738404,
                        "Purity ratio": 2.2943242603516207
                    },
                    "Mi": {
                        "Original": 129.70223356959139,
                        "Sei": 111.6235568898677,
                        "Visual Studio": 75.84925939742186
                    }
                },
                {
                    "name": "eval_AtA_times_u",
                    "kind": "function",
                    "start_line": 27,
                    "end_line": 28,
                    "SLOC": 2,
                    "PLOC": 2,
                    "LLOC": 1,
                    "CLOC": 0,
                    "BLANK": 0,
                    "CC": {
                        "sum": 1,
                        "average": 1.0
                    },
                    "NOM": {
                        "functions": 1,
                        "closures": 0,
                        "total": 1
                    },
                    "Halstead": {
                        "n1": 2,
                        "n2": 4,
                        "N1": 2,
                        "N2": 5,
                        "Vocabulary": 6,
                        "Length": 7,
                        "Volume": 18.094737505048094,
                        "Difficulty": 1.25,
                        "Level": 0.8,
                        "Effort": 22.61842188131012,
                        "Programming time": 1.2565789934061178,
                        "Bugs": 0.0026659598967245317,
                        "Estimated program length": 10.0,
                        "Purity ratio": 1.4285714285714286
                    },
                    "Mi": {
                        "Original": 144.48378569274678,
                        "Sei": 132.84700897518127,
                        "Visual Studio": 84.49344192558291
                    }
                },
                {
                    "name": "part_A_times_u",
                    "kind": "function",
                    "start_line": 30,
                    "end_line": 35,
                    "SLOC": 6,
                    "PLOC": 6,
                    "LLOC": 5,
                    "CLOC": 0,
                    "BLANK": 0,
                    "CC": {
                        "sum": 2,
                        "average": 2.0
                    },
                    "NOM": {
                        "functions": 1,
                        "closures": 0,
                        "total": 1
                    },
                    "Halstead": {
                        "n1": 8,
                        "n2": 10,
                        "N1": 11,
                        "N2": 17,
                        "Vocabulary": 18,
                        "Length": 28,
                        "Volume": 116.75790004038474,
                        "Difficulty": 6.8,
                        "Level": 0.14705882352941177,
                        "Effort": 793.9537202746162,
                        "Programming time": 44.10854001525646,
                        "Bugs": 0.02858087610447854,
                        "Estimated program length": 57.219280948873624,
                        "Purity ratio": 2.043545748174058
                    },
                    "Mi": {
                        "Original": 116.76096328360106,
                        "Sei": 92.9532504254658,