{
    "SLOC": 74,
    "PLOC": 59,
    "LLOC": 53,
    "CLOC": 4,
    "BLANK": 11,
    "CC": 22.0,
    "NARGS": 0,
    "NEXITS": 1,
    "NOM": {
        "functions": 5,
        "closures": 0,
        "total": 5
    },
    "HALSTEAD": {
        "n1": 32,
        "n2": 68,
        "N1": 155,
        "N2": 174,
        "Vocabulary": 100,
        "Length": 329,
        "Volume": 2185.8286864358843,
        "Difficulty": 40.94117647058823,
        "Level": 0.02442528735632184,
        "Effort": 89490.3979858456,
        "Programming time": 4971.688776991422,
        "Bugs": 0.6669035639113784,
        "Estimated program length": 573.947473205023,
        "Purity ratio": 1.7445211951520456
    },
    "MI": {
        "Original": 56.22744394488677,
        "Sei": 25.28038022795969,
        "Visual Studio": 32.88154616660045
    },
    "files": [
        {
            "filename": "Assets/Python/mandelbrot.py",
            "SLOC": 74,
            "PLOC": 59,
            "LLOC": 53,
            "CLOC": 4,
            "BLANK": 11,
            "CC": 22.0,
            "NARGS": 0,
            "NEXITS": 1,
            "NOM": {
                "functions": 5,
                "closures": 0,
                "total": 5
            },
            "Halstead": {
                "n1": 32,
                "n2": 68,
                "N1": 155,
                "N2": 174,
                "Vocabulary": 100,
                "Length": 329,
                "Volume": 2185.8286864358843,
                "Difficulty": 40.94117647058823,
                "Level": 0.02442528735632184,
                "Effort": 89490.3979858456,
                "Programming time": 4971.688776991422,
                "Bugs": 0.6669035639113784,
                "Estimated program length": 573.947473205023,
                "Purity ratio": 1.7445211951520456
            },
            "Mi": {
                "Original": 56.22744394488677,
                "Sei": 25.28038022795969,
                "Visual Studio": 32.88154616660045
            },
            "spaces": [
                {
                    "name": "pixels",
                    "kind": "function",
                    "start_line": 11,
                    "end_line": 30,
                    "SLOC": 20,
                    "PLOC": 20,
                    "LLOC": 19,
                    "CLOC": 0,
                    "BLANK": 0,
                    "CC": 8.0,
                    "NARGS": 3,
                    "NEXITS": 0,
                    "NOM": {
                        "functions": 1,
                        "closures": 0,
                        "total": 1
                    },
                    "Halstead": {
                        "n1": 17,
                        "n2": 26,
                        "N1": 46,
                        "N2": 56,
                        "Vocabulary": 43,
                        "Length": 102,
                        "Volume": 553.4790049796139,
                        "Difficulty": 18.307692307692307,
                        "Level": 0.0546218487394958,
                        "Effort": 10132.92332193447,
                        "Programming time": 562.940184551915,
                        "Bugs": 0.1560876646299794,
                        "Estimated program length": 191.69830097292416,
                        "Purity ratio": 1.8793951075776878
                    },
                    "Mi": {
                        "Original": 87.7847733041837,
                        "Sei": 51.76036399473065,
                        "Visual Studio": 51.33612473928872
                    }
                },
                {
                    "name": "compute_row",
                    "kind": "function",
                    "start_line": 32,
                    "end_line": 37,
                    "SLOC": 6,
                    "PLOC": 5,
                    "LLOC": 4,
                    "CLOC": 0,
                    "BLANK": 1,
                    "CC": 1.0,
                    "NARGS": 1,
                    "NEXITS": 1,
                    "NOM": {
                        "functions": 1,
                        "closures": 0,
                        "total": 1
                    },
                    "Halstead": {
                        "n1": 11,
                        "n2": 13,
                        "N1": 22,
                        "N2": 23,
                        "Vocabulary": 24,
                        "Length": 45,
                        "Volume": 206.32331253245204,
                        "Difficulty": 9.73076923076923,
                        "Level": 0.10276679841897234,
                        "Effort": 2007.6845411811678,
                        "Programming time": 111.53803006562043,
                        "Bugs": 0.05304882007050989,
                        "Estimated program length": 86.15946414084446,
                        "Purity ratio": 1.9146547586854326
                    },
                    "Mi": {
                        "Original": 114.03038563136116,
                        "Sei": 88.91203972841257,
                        "Visual Studio": 66.68443604173167
                    }
                },
                {
                    "name": "ordered_rows",
                    "kind": "function",
                    "start_line": 39,
                    "end_line": 52,
                    "SLOC": 14,
                    "PLOC": 13,
                    "LLOC": 12,
                    "CLOC": 0,
                    "BLANK": 1,
                    "CC": 4.0,
                    "NARGS": 2,
                    "NEXITS": 0,
                    "NOM": {
                        "functions": 1,
                        "closures": 0,
                        "total": 1
                    },
                    "Halstead": {
                        "n1": 12,
                        "n2": 12,
                        "N1": 25,
                        "N2": 33,
                        "Vocabulary": 24,
                        "Length": 58,
                        "Volume": 265.9278250418271,
                        "Difficulty": 16.5,
                        "Level": 0.06060606060606061,
                        "Effort": 4387.8091131901465,
                        "Programming time": 243.76717295500814,
                        "Bugs": 0.08933957781309673,
                        "Estimated program length": 86.03910001730775,
                        "Purity ratio": 1.483432758919099
                    },
                    "Mi": {
                        "Original": 98.29450158505276,
                        "Sei": 66.51541742901304,
                        "Visual Studio": 57.48216466962149
                    }
                },
                {
                    "name": "compute_rows",
                    "kind": "function",
                    "start_line": 54,
                    "end_line": 63,
                    "SLOC": 10,
                    "PLOC": 9,
                    "LLOC": 7,
                    "CLOC": 0,
                    "BLANK": 1,
                    "CC": 4.0,
                    "NARGS": 2,
                    "NEXITS": 0,
                    "NOM": {
                        "functions": 1,
                        "closures": 0,
                        "total": 1
                    },
                    "Halstead": {
                        "n1": 14,
                        "n2": 15,
                        "N1": 30,
                        "N2": 26,
                        "Vocabulary": 29,
                        "Length": 56,
                        "Volume": 272.04693572714405,
                        "Difficulty": 12.133333333333333,
                        "Level": 0.08241758241758242,
                        "Effort": 3300.8361534893475,
                        "Programming time": 183.37978630496374,
                        "Bugs": 0.07389721255793126,
                        "Estimated program length": 111.90632784293425,