{
    "SLOC": 116,
    "PLOC": 89,
    "LLOC": 53,
    "CLOC": 7,
    "BLANK": 20,
    "CC": 15.0,
    "NARGS": 0,
    "NEXITS": 1,
    "NOM": {
        "functions": 5,
        "closures": 0,
        "total": 5
    },
    "HALSTEAD": {
        "n1": 18,
        "n2": 104,
        "N1": 228,
        "N2": 295,
        "Vocabulary": 122,
        "Length": 523,
        "Volume": 3624.77562754539,
        "Difficulty": 25.528846153846153,
        "Level": 0.039171374764595104,
        "Effort": 92536.33933781741,
        "Programming time": 5140.907740989856,
        "Bugs": 0.6819517089673753,
        "Estimated program length": 771.9043807126351,
        "Purity ratio": 1.4759165979209083
    },
    "MI": {
        "Original": 47.92499102255418,
        "Sei": 13.539717969646862,
        "Visual Studio": 28.026310539505367
    },
    "files": [
        {
            "filename": "Assets/Python/nbody.py",
            "SLOC": 116,
            "PLOC": 89,
            "LLOC": 53,
            "CLOC": 7,
            "BLANK": 20,
            "CC": 15.0,
            "COGNITIVE": 12,
            "NARGS": 0,
            "NEXITS": 1,
            "NOM": {
                "functions": 5,
                "closures": 0,
                "total": 5
            },
            "Halstead": {
                "n1": 18,
                "n2": 104,
                "N1": 228,
                "N2": 295,
                "Vocabulary": 122,
                "Length": 523,
                "Volume": 3624.77562754539,
                "Difficulty": 25.528846153846153,
                "Level": 0.039171374764595104,
                "Effort": 92536.33933781741,
                "Programming time": 5140.907740989856,
                "Bugs": 0.6819517089673753,
                "Estimated program length": 771.9043807126351,
                "Purity ratio": 1.4759165979209083
            },
            "Mi": {
                "Original": 47.92499102255418,
                "Sei": 13.539717969646862,
                "Visual Studio": 28.026310539505367
            },
            "spaces": [
                {
                    "name": "combinations",
                    "kind": "function",
                    "start_line": 11,
                    "end_line": 17,
                    "SLOC": 7,
                    "PLOC": 7,
                    "LLOC": 6,
                    "CLOC": 0,
                    "BLANK": 0,
                    "CC": 3.0,
                    "COGNITIVE": 3,
                    "NARGS": 1,
                    "NEXITS": 1,
                    "NOM": {
                        "functions": 1,
                        "closures": 0,
                        "total": 1
                    },
                    "Halstead": {
                        "n1": 9,
                        "n2": 10,
                        "N1": 12,
                        "N2": 20,
                        "Vocabulary": 19,
                        "Length": 32,
                        "Volume": 135.93368043019473,
                        "Difficulty": 9.0,
                        "Level": 0.1111111111111111,
                        "Effort": 1223.4031238717525,
                        "Programming time": 67.96684021509736,
                        "Bugs": 0.0381292680745599,
                        "Estimated program length": 61.74860596185444,
                        "Purity ratio": 1.9296439363079512
                    },
                    "Mi": {
                        "Original": 113.24298654620588,
                        "Sei": 87.97970269186746,
                        "Visual Studio": 66.22396874047128
                    }
                },
                {
                    "name": "advance",
                    "kind": "function",
                    "start_line": 63,
                    "end_line": 83,
                    "SLOC": 21,
                    "PLOC": 20,
                    "LLOC": 18,
                    "CLOC": 0,
                    "BLANK": 1,
                    "CC": 4.0,
                    "COGNITIVE": 5,
                    "NARGS": 4,
                    "NEXITS": 0,
                    "NOM": {
                        "functions": 1,
                        "closures": 0,
                        "total": 1
                    },
                    "Halstead": {
                        "n1": 11,
                        "n2": 34,
                        "N1": 62,
                        "N2": 87,
                        "Vocabulary": 45,
                        "Length": 149,
                        "Volume": 818.2861113531216,
                        "Difficulty": 14.073529411764707,
                        "Level": 0.07105538140020898,
                        "Effort": 11516.173655366725,
                        "Programming time": 639.7874252981514,
                        "Bugs": 0.169987719929982,
                        "Estimated program length": 211.0274844075218,
                        "Purity ratio": 1.41629184166122
                    },
                    "Mi": {
                        "Original": 85.88123387577474,
                        "Sei": 48.606857663610555,
                        "Visual Studio": 50.22294378700278
                    }
                },
                {
                    "name": "report_energy",
                    "kind": "function",
                    "start_line": 86,
                    "end_line": 96,
                    "SLOC": 11,
                    "PLOC": 10,
                    "LLOC": 8,
                    "CLOC": 0,
                    "BLANK": 1,
                    "CC": 3.0,
                    "COGNITIVE": 2,
                    "NARGS": 3,
                    "NEXITS": 0,
                    "NOM": {
                        "functions": 1,
                        "closures": 0,
                        "total": 1
                    },
                    "Halstead": {
                        "n1": 13,
                        "n2": 29,
                        "N1": 47,
                        "N2": 55,
                        "Vocabulary": 42,
                        "Length": 102,
                        "Volume": 550.0163771234336,
                        "Difficulty": 12.327586206896552,
                        "Level": 0.08111888111888112,
                        "Effort": 6780.374304194052,
                        "Programming time": 376.68746134411396,
                        "Bugs": 0.11941196862530906,
                        "Estimated program length": 188.98716519453376,
                        "Purity ratio": 1.8528153450444487
                    },
                    "Mi": {
                        "Original": 98.65236669793583,
                        "Sei": 66.92988779327219,
                        "Visual Studio": 57.69144251341277
                    }
                },
                {
                    "name": "offset_momentum",
                    "kind": "function",
                    "start_line": 98,
                    "end_line": 107,
                    "SLOC": 10,
                    "PLOC": 9,
                    "LLOC": 8,
                    "CLOC": 0,
                    "BLANK": 1,
                    "CC": 2.0,
                    "COGNITIVE": 1,
                    "NARGS": 5,
                    "NEXITS": 0,
                    "NOM": {
                        "functions": 1,
                        "closures": 0,
                        "total": 1
                    },
                    "Halstead": {
                        "n1": 8,
                        "n2": 17,
                        "N1": 30,
                        "N2": 41,
                        "Vocabulary": 25,
                        "Length": 71,
                        "Volume": 329.7137894740054,
                        "Difficulty": 9.647058823529411,
                        "Level": 0.10365853658536586,
                        "Effort": 3180.7683219845226,