{
    "SLOC": 55,
    "PLOC": 37,
    "LLOC": 23,
    "CLOC": 8,
    "BLANK": 10,
    "CC_SUM": 7,
    "CC_AVG": 1.75,
    "COGNITIVE_SUM": 3,
    "COGNITIVE_AVG": 1.0,
    "NARGS_SUM": 2,
    "NARGS_AVG": 0.6666666666666666,
    "NEXITS": 1,
    "NOM": {
        "functions": 3,
        "closures": 0,
        "total": 3
    },
    "HALSTEAD": {
        "n1": 12,
        "n2": 53,
        "N1": 55,
        "N2": 93,
        "Vocabulary": 65,
        "Length": 148,
        "Volume": 891.3104363282113,
        "Difficulty": 10.528301886792454,
        "Level": 0.09498207885304659,
        "Effort": 9383.985348512111,
        "Programming time": 521.332519361784,
        "Bugs": 0.1482985686437413,
        "Estimated program length": 346.5993341005034,
        "Purity ratio": 2.341887392570969
    },
    "MI": {
        "Original": 69.14919994231667,
        "Sei": 52.626000681014844,
        "Visual Studio": 40.43812862123782
    },
    "files": [
        {
            "filename": "Assets/Python/regexredux.py",
            "SLOC": 55,
            "PLOC": 37,
            "LLOC": 23,
            "CLOC": 8,
            "BLANK": 10,
            "CC_SUM": 7,
            "CC_AVG": 1.75,
            "COGNITIVE_SUM": 3,
            "COGNITIVE_AVG": 1.0,
            "NARGS_SUM": 2,
            "NARGS_AVG": 0.6666666666666666,
            "NEXITS": 1,
            "NOM": {
                "functions": 3,
                "closures": 0,
                "total": 3
            },
            "Halstead": {
                "n1": 12,
                "n2": 53,
                "N1": 55,
                "N2": 93,
                "Vocabulary": 65,
                "Length": 148,
                "Volume": 891.3104363282113,
                "Difficulty": 10.528301886792454,
                "Level": 0.09498207885304659,
                "Effort": 9383.985348512111,
                "Programming time": 521.332519361784,
                "Bugs": 0.1482985686437413,
                "Estimated program length": 346.5993341005034,
                "Purity ratio": 2.341887392570969
            },
            "Mi": {
                "Original": 69.14919994231667,
                "Sei": 52.626000681014844,
                "Visual Studio": 40.43812862123782
            },
            "spaces": [
                {
                    "name": "init",
                    "kind": "function",
                    "start_line": 14,
                    "end_line": 16,
                    "SLOC": 3,
                    "PLOC": 3,
                    "LLOC": 2,
                    "CLOC": 0,
                    "BLANK": 0,
                    "CC": {
                        "sum": 1,
                        "average": 1.0
                    },
                    "COGNITIVE": 0,
                    "NARGS": 1,
                    "NEXITS": 0,
                    "NOM": {
                        "functions": 1,
                        "closures": 0,
                        "total": 1
                    },
                    "Halstead": {
                        "n1": 3,
                        "n2": 3,
                        "N1": 3,
                        "N2": 5,
                        "Vocabulary": 6,
                        "Length": 8,
                        "Volume": 20.67970000576925,
                        "Difficulty": 2.5,
                        "Level": 0.4,
                        "Effort": 51.69925001442312,
                        "Programming time": 2.87218055635684,
                        "Bugs": 0.004625956812489424,
                        "Estimated program length": 9.509775004326936,
                        "Purity ratio": 1.188721875540867
                    },
                    "Mi": {
                        "Original": 137.22088769974698,
                        "Sei": 122.36886205819806,
                        "Visual Studio": 80.24613315774677
                    }
                },
                {
                    "name": "var_find",
                    "kind": "function",
                    "start_line": 18,
                    "end_line": 19,
                    "SLOC": 2,
                    "PLOC": 2,
                    "LLOC": 1,
                    "CLOC": 0,
                    "BLANK": 0,
                    "CC": {
                        "sum": 1,
                        "average": 1.0
                    },
                    "COGNITIVE": 0,
                    "NARGS": 1,
                    "NEXITS": 1,
                    "NOM": {
                        "functions": 1,
                        "closures": 0,
                        "total": 1
                    },
                    "Halstead": {
                        "n1": 3,
                        "n2": 5,
                        "N1": 3,
                        "N2": 6,
                        "Vocabulary": 8,
                        "Length": 9,
                        "Volume": 27.0,
                        "Difficulty": 1.8,
                        "Level": 0.5555555555555556,
                        "Effort": 48.6,
                        "Programming time": 2.7,
                        "Bugs": 0.004439181733794846,
                        "Estimated program length": 16.36452797660028,
                        "Purity ratio": 1.81828088628892
                    },
                    "Mi": {
                        "Original": 142.4026639717064,
                        "Sei": 129.84458498874997,
                        "Visual Studio": 83.27641167936048
                    }
                },
                {
                    "name": "main",
                    "kind": "function",
                    "start_line": 21,
                    "end_line": 52,
                    "SLOC": 32,
                    "PLOC": 27,
                    "LLOC": 15,
                    "CLOC": 0,
                    "BLANK": 5,
                    "CC": {
                        "sum": 3,
                        "average": 3.0
                    },
                    "COGNITIVE": 2,
                    "NARGS": 0,
                    "NEXITS": 0,
                    "NOM": {
                        "functions": 1,
                        "closures": 0,
                        "total": 1
                    },
                    "Halstead": {
                        "n1": 6,
                        "n2": 46,
                        "N1": 40,
                        "N2": 72,
                        "Vocabulary": 52,
                        "Length": 112,
                        "Volume": 638.4492484318023,
                        "Difficulty": 4.695652173913044,
                        "Level": 0.21296296296296294,
                        "Effort": 2997.9356013319416,
                        "Programming time": 166.55197785177452,
                        "Bugs": 0.06930431547275061,
                        "Estimated program length": 269.5936249829495,
                        "Purity ratio": 2.4070859373477633
                    },
                    "Mi": {
                        "Original": 80.57805900383711,
                        "Sei": 40.85417371549474,
                        "Visual Studio": 47.12167193206849
                    }
                }
            ]
        }
    ]
}