{
    "SLOC": 138,
    "PLOC": 79,
    "LLOC": 68,
    "CLOC": 28,
    "BLANK": 31,
    "CC": 15,
    "NARGS_SUM": 6,
    "NARGS_AVG": 1.5,
    "NEXITS": 2,
    "NOM": {
        "functions": 4,
        "closures": 0,
        "total": 4
    },
    "HALSTEAD": {
        "n1": 18,
        "n2": 91,
        "N1": 140,
        "N2": 234,
        "Vocabulary": 109,
        "Length": 374,
        "Volume": 2531.3009374665703,
        "Difficulty": 23.142857142857142,
        "Level": 0.043209876543209874,
        "Effort": 58581.5359813692,
        "Programming time": 3254.5297767427332,
        "Bugs": 0.5027891705409683,
        "Estimated program length": 667.2679622840429,
        "Purity ratio": 1.7841389365883502
    },
    "MI": {
        "Original": 46.97874929915429,
        "Sei": 25.729998103367933,
        "Visual Studio": 27.472952806522976
    },
    "files": [
        {
            "filename": "Assets/Python/fasta.py",
            "SLOC": 138,
            "PLOC": 79,
            "LLOC": 68,
            "CLOC": 28,
            "BLANK": 31,
            "CC": 15,
            "COGNITIVE": 12,
            "NARGS_SUM": 6,
            "NARGS_AVG": 1.5,
            "NEXITS": 2,
            "NOM": {
                "functions": 4,
                "closures": 0,
                "total": 4
            },
            "Halstead": {
                "n1": 18,
                "n2": 91,
                "N1": 140,
                "N2": 234,
                "Vocabulary": 109,
                "Length": 374,
                "Volume": 2531.3009374665703,
                "Difficulty": 23.142857142857142,
                "Level": 0.043209876543209874,
                "Effort": 58581.5359813692,
                "Programming time": 3254.5297767427332,
                "Bugs": 0.5027891705409683,
                "Estimated program length": 667.2679622840429,
                "Purity ratio": 1.7841389365883502
            },
            "Mi": {
                "Original": 46.97874929915429,
                "Sei": 25.729998103367933,
                "Visual Studio": 27.472952806522976
            },
            "spaces": [
                {
                    "name": "make_cumulative",
                    "kind": "function",
                    "start_line": 31,
                    "end_line": 39,
                    "SLOC": 9,
                    "PLOC": 9,
                    "LLOC": 8,
                    "CLOC": 0,
                    "BLANK": 0,
                    "CC": 2,
                    "COGNITIVE": 1,
                    "NARGS": 1,
                    "NEXITS": 1,
                    "NOM": {
                        "functions": 1,
                        "closures": 0,
                        "total": 1
                    },
                    "Halstead": {
                        "n1": 7,
                        "n2": 9,
                        "N1": 12,
                        "N2": 18,
                        "Vocabulary": 16,
                        "Length": 30,
                        "Volume": 120.0,
                        "Difficulty": 7.0,
                        "Level": 0.14285714285714285,
                        "Effort": 840.0,
                        "Programming time": 46.666666666666664,
                        "Bugs": 0.029675515322553133,
                        "Estimated program length": 48.18080946738404,
                        "Purity ratio": 1.6060269822461346
                    },
                    "Mi": {
                        "Original": 110.0500047846866,
                        "Sei": 83.27138387947024,
                        "Visual Studio": 64.35672794426118
                    }
                },
                {
                    "name": "repeat_fasta",
                    "kind": "function",
                    "start_line": 42,
                    "end_line": 68,
                    "SLOC": 27,
                    "PLOC": 19,
                    "LLOC": 18,
                    "CLOC": 4,
                    "BLANK": 4,
                    "CC": 4,
                    "COGNITIVE": 3,
                    "NARGS": 2,
                    "NEXITS": 0,
                    "NOM": {
                        "functions": 1,
                        "closures": 0,
                        "total": 1
                    },
                    "Halstead": {
                        "n1": 13,
                        "n2": 30,
                        "N1": 37,
                        "N2": 61,
                        "Vocabulary": 43,
                        "Length": 98,
                        "Volume": 531.7739459608056,
                        "Difficulty": 13.216666666666667,
                        "Level": 0.07566204287515763,
                        "Effort": 7028.278985781981,
                        "Programming time": 390.4599436545545,
                        "Bugs": 0.12230514875930197,
                        "Estimated program length": 195.31243420408975,
                        "Purity ratio": 1.9929840224907118
                    },
                    "Mi": {
                        "Original": 84.0511066464795,
                        "Sei": 74.04515677639958,
                        "Visual Studio": 49.15269394530964
                    }
                },
                {
                    "name": "random_fasta",
                    "kind": "function",
                    "start_line": 71,
                    "end_line": 121,
                    "SLOC": 51,
                    "PLOC": 28,
                    "LLOC": 27,
                    "CLOC": 15,
                    "BLANK": 8,
                    "CC": 6,
                    "COGNITIVE": 7,
                    "NARGS": 3,
                    "NEXITS": 1,
                    "NOM": {
                        "functions": 1,
                        "closures": 0,
                        "total": 1
                    },
                    "Halstead": {
                        "n1": 16,
                        "n2": 37,
                        "N1": 53,
                        "N2": 90,
                        "Vocabulary": 53,
                        "Length": 143,
                        "Volume": 819.0926250025374,
                        "Difficulty": 19.45945945945946,
                        "Level": 0.05138888888888889,
                        "Effort": 15939.099729779105,
                        "Programming time": 885.5055405432836,
                        "Bugs": 0.21111605923857038,
                        "Estimated program length": 256.74977452827113,
                        "Purity ratio": 1.7954529687291687
                    },
                    "Mi": {
                        "Original": 71.04179945182864,
                        "Sei": 64.63948277248072,
                        "Visual Studio": 41.5449119601337
                    }
                },
                {
                    "name": "main",
                    "kind": "function",
                    "start_line": 123,
                    "end_line": 135,
                    "SLOC": 13,
                    "PLOC": 9,
                    "LLOC": 8,
                    "CLOC": 2,
                    "BLANK": 2,
                    "CC": 1,
                    "COGNITIVE": 0,
                    "NARGS": 0,
                    "NEXITS": 0,
                    "NOM": {
                        "functions": 1,
                        "closures": 0,
                        "total": 1
                    },
                    "Halstead": {
                        "n1": 5,
                        "n2": 23,
                        "N1": 17,
                        "N2": 33,
                        "Vocabulary": 28,
                        "Length": 50,
                        "Volume": 240.36774610288018,
                        "Difficulty": 3.5869565217391304,
                        "Level": 0.2787878787878788,
                        "Effort": 862.1886544994614,