{
    "SLOC": 76,
    "PLOC": 48,
    "LLOC": 39,
    "CLOC": 6,
    "BLANK": 22,
    "CC": 16,
    "COGNITIVE_SUM": 13,
    "COGNITIVE_AVG": 2.6,
    "NARGS_SUM": 10,
    "NARGS_AVG": 2.0,
    "NEXITS": 5,
    "NOM": {
        "functions": 5,
        "closures": 0,
        "total": 5
    },
    "HALSTEAD": {
        "n1": 22,
        "n2": 52,
        "N1": 94,
        "N2": 142,
        "Vocabulary": 74,
        "Length": 236,
        "Volume": 1465.4309942884322,
        "Difficulty": 30.03846153846154,
        "Level": 0.03329065300896287,
        "Effort": 44019.29255920252,
        "Programming time": 2445.516253289029,
        "Bugs": 0.4155667428621877,
        "Estimated program length": 394.5303609533573,
        "Purity ratio": 1.6717388175989716
    },
    "MI": {
        "Original": 59.254615591723194,
        "Sei": 32.498081939061336,
        "Visual Studio": 34.651821983463854
    },
    "files": [
        {
            "filename": "Assets/Python/binarytrees.py",
            "SLOC": 76,
            "PLOC": 48,
            "LLOC": 39,
            "CLOC": 6,
            "BLANK": 22,
            "CC": 16,
            "COGNITIVE_SUM": 13,
            "COGNITIVE_AVG": 2.6,
            "NARGS_SUM": 10,
            "NARGS_AVG": 2.0,
            "NEXITS": 5,
            "NOM": {
                "functions": 5,
                "closures": 0,
                "total": 5
            },
            "Halstead": {
                "n1": 22,
                "n2": 52,
                "N1": 94,
                "N2": 142,
                "Vocabulary": 74,
                "Length": 236,
                "Volume": 1465.4309942884322,
                "Difficulty": 30.03846153846154,
                "Level": 0.03329065300896287,
                "Effort": 44019.29255920252,
                "Programming time": 2445.516253289029,
                "Bugs": 0.4155667428621877,
                "Estimated program length": 394.5303609533573,
                "Purity ratio": 1.6717388175989716
            },
            "Mi": {
                "Original": 59.254615591723194,
                "Sei": 32.498081939061336,
                "Visual Studio": 34.651821983463854
            },
            "spaces": [
                {
                    "name": "make_tree",
                    "kind": "function",
                    "start_line": 12,
                    "end_line": 17,
                    "SLOC": 6,
                    "PLOC": 5,
                    "LLOC": 4,
                    "CLOC": 0,
                    "BLANK": 1,
                    "CC": 2,
                    "COGNITIVE": 1,
                    "NARGS": 1,
                    "NEXITS": 2,
                    "NOM": {
                        "functions": 1,
                        "closures": 0,
                        "total": 1
                    },
                    "Halstead": {
                        "n1": 6,
                        "n2": 5,
                        "N1": 8,
                        "N2": 12,
                        "Vocabulary": 11,
                        "Length": 20,
                        "Volume": 69.18863237274594,
                        "Difficulty": 7.2,
                        "Level": 0.1388888888888889,
                        "Effort": 498.1581530837708,
                        "Programming time": 27.67545294909838,
                        "Bugs": 0.02094708397031986,
                        "Estimated program length": 27.11941547876375,
                        "Purity ratio": 1.3559707739381874
                    },
                    "Mi": {
                        "Original": 119.48194639779692,
                        "Sei": 96.87879927065873,
                        "Visual Studio": 69.87248327356545
                    }
                },
                {
                    "name": "check_tree",
                    "kind": "function",
                    "start_line": 20,
                    "end_line": 26,
                    "SLOC": 7,
                    "PLOC": 6,
                    "LLOC": 4,
                    "CLOC": 0,
                    "BLANK": 1,
                    "CC": 2,
                    "COGNITIVE": 2,
                    "NARGS": 1,
                    "NEXITS": 2,
                    "NOM": {
                        "functions": 1,
                        "closures": 0,
                        "total": 1
                    },
                    "Halstead": {
                        "n1": 8,
                        "n2": 6,
                        "N1": 10,
                        "N2": 13,
                        "Vocabulary": 14,
                        "Length": 23,
                        "Volume": 87.56916320732489,
                        "Difficulty": 8.666666666666666,
                        "Level": 0.11538461538461539,
                        "Effort": 758.9327477968156,
                        "Programming time": 42.162930433156426,
                        "Bugs": 0.027734112565912995,
                        "Estimated program length": 39.50977500432694,
                        "Purity ratio": 1.717816304535954
                    },
                    "Mi": {
                        "Original": 115.75962521280539,
                        "Sei": 91.50862495647553,
                        "Visual Studio": 67.69568725895051
                    }
                },
                {
                    "name": "make_check",
                    "kind": "function",
                    "start_line": 29,
                    "end_line": 32,
                    "SLOC": 4,
                    "PLOC": 3,
                    "LLOC": 2,
                    "CLOC": 0,
                    "BLANK": 1,
                    "CC": 1,
                    "COGNITIVE": 0,
                    "NARGS": 3,
                    "NEXITS": 1,
                    "NOM": {
                        "functions": 1,
                        "closures": 0,
                        "total": 1
                    },
                    "Halstead": {
                        "n1": 4,
                        "n2": 8,
                        "N1": 8,
                        "N2": 12,
                        "Vocabulary": 12,
                        "Length": 20,
                        "Volume": 71.69925001442311,
                        "Difficulty": 3.0,
                        "Level": 0.3333333333333333,
                        "Effort": 215.09775004326934,
                        "Programming time": 11.949875002403852,
                        "Bugs": 0.011966560027609794,
                        "Estimated program length": 32.0,
                        "Purity ratio": 1.6
                    },
                    "Mi": {
                        "Original": 126.09513385485269,
                        "Sei": 106.31779216001772,
                        "Visual Studio": 73.73984435956298
                    }
                },
                {
                    "name": "get_argchunks",
                    "kind": "function",
                    "start_line": 35,
                    "end_line": 45,
                    "SLOC": 11,
                    "PLOC": 10,
                    "LLOC": 9,
                    "CLOC": 0,
                    "BLANK": 1,
                    "CC": 5,
                    "COGNITIVE": 4,
                    "NARGS": 3,
                    "NEXITS": 0,
                    "NOM": {
                        "functions": 1,
                        "closures": 0,
                        "total": 1
                    },
                    "Halstead": {
                        "n1": 13,
                        "n2": 13,
                        "N1": 21,
                        "N2": 27,
                        "Vocabulary": 26,
                        "Length": 48,
                        "Volume": 225.62110647077242,
                        "Difficulty": 13.5,
                        "Level": 0.07407407407407407,