{
    "SLOC": 74,
    "PLOC": 59,
    "LLOC": 53,
    "CLOC": 4,
    "BLANK": 11,
    "CC": 22.0,
    "NARGS": 0,
    "NEXITS": 1,
    "NOM": {
        "functions": 5,
        "closures": 0,
        "total": 5
    },
    "HALSTEAD": {
        "n1": 31,
        "n2": 68,
        "N1": 117,
        "N2": 174,
        "Vocabulary": 99,
        "Length": 291,
        "Volume": 1929.1427764431664,
        "Difficulty": 39.661764705882355,
        "Level": 0.02521319985168706,
        "Effort": 76513.20688334147,
        "Programming time": 4250.733715741193,
        "Bugs": 0.600762775679386,
        "Estimated program length": 567.5275588270163,
        "Purity ratio": 1.95026652517875
    },
    "MI": {
        "Original": 56.87702415516006,
        "Sei": 26.21752637598056,
        "Visual Studio": 33.261417634596526
    },
    "files": [
        {
            "filename": "Assets/Python/mandelbrot.py",
            "SLOC": 74,
            "PLOC": 59,
            "LLOC": 53,
            "CLOC": 4,
            "BLANK": 11,
            "CC": 22.0,
            "COGNITIVE": 24,
            "NARGS": 0,
            "NEXITS": 1,
            "NOM": {
                "functions": 5,
                "closures": 0,
                "total": 5
            },
            "Halstead": {
                "n1": 31,
                "n2": 68,
                "N1": 117,
                "N2": 174,
                "Vocabulary": 99,
                "Length": 291,
                "Volume": 1929.1427764431664,
                "Difficulty": 39.661764705882355,
                "Level": 0.02521319985168706,
                "Effort": 76513.20688334147,
                "Programming time": 4250.733715741193,
                "Bugs": 0.600762775679386,
                "Estimated program length": 567.5275588270163,
                "Purity ratio": 1.95026652517875
            },
            "Mi": {
                "Original": 56.87702415516006,
                "Sei": 26.21752637598056,
                "Visual Studio": 33.261417634596526
            },
            "spaces": [
                {
                    "name": "pixels",
                    "kind": "function",
                    "start_line": 11,
                    "end_line": 30,
                    "SLOC": 20,
                    "PLOC": 20,
                    "LLOC": 19,
                    "CLOC": 0,
                    "BLANK": 0,
                    "CC": 8.0,
                    "COGNITIVE": 15,
                    "NARGS": 3,
                    "NEXITS": 0,
                    "NOM": {
                        "functions": 1,
                        "closures": 0,
                        "total": 1
                    },
                    "Halstead": {
                        "n1": 17,
                        "n2": 26,
                        "N1": 40,
                        "N2": 56,
                        "Vocabulary": 43,
                        "Length": 96,
                        "Volume": 520.9214164514015,
                        "Difficulty": 18.307692307692307,
                        "Level": 0.0546218487394958,
                        "Effort": 9536.869008879503,
                        "Programming time": 529.8260560488612,
                        "Bugs": 0.14990494416078107,
                        "Estimated program length": 191.69830097292416,
                        "Purity ratio": 1.9968573018012934
                    },
                    "Mi": {
                        "Original": 88.10002133762917,
                        "Sei": 52.215170769232415,
                        "Visual Studio": 51.520480314403024
                    }
                },
                {
                    "name": "compute_row",
                    "kind": "function",
                    "start_line": 32,
                    "end_line": 37,
                    "SLOC": 6,
                    "PLOC": 5,
                    "LLOC": 4,
                    "CLOC": 0,
                    "BLANK": 1,
                    "CC": 1.0,
                    "COGNITIVE": 0,
                    "NARGS": 1,
                    "NEXITS": 1,
                    "NOM": {
                        "functions": 1,
                        "closures": 0,
                        "total": 1
                    },
                    "Halstead": {
                        "n1": 10,
                        "n2": 13,
                        "N1": 16,
                        "N2": 23,
                        "Vocabulary": 23,
                        "Length": 39,
                        "Volume": 176.41891628622352,
                        "Difficulty": 8.846153846153847,
                        "Level": 0.11304347826086956,
                        "Effort": 1560.6288748396696,
                        "Programming time": 86.70160415775942,
                        "Bugs": 0.044848215847126,
                        "Estimated program length": 81.32499728470782,
                        "Purity ratio": 2.085256340633534
                    },
                    "Mi": {
                        "Original": 114.8446174588739,
                        "Sei": 90.08672794809914,
                        "Visual Studio": 67.1605950051894
                    }
                },
                {
                    "name": "ordered_rows",
                    "kind": "function",
                    "start_line": 39,
                    "end_line": 52,
                    "SLOC": 14,
                    "PLOC": 13,
                    "LLOC": 12,
                    "CLOC": 0,
                    "BLANK": 1,
                    "CC": 4.0,
                    "COGNITIVE": 5,
                    "NARGS": 2,
                    "NEXITS": 0,
                    "NOM": {
                        "functions": 1,
                        "closures": 0,
                        "total": 1
                    },
                    "Halstead": {
                        "n1": 11,
                        "n2": 12,
                        "N1": 17,
                        "N2": 33,
                        "Vocabulary": 23,
                        "Length": 50,
                        "Volume": 226.17809780285066,
                        "Difficulty": 15.125,
                        "Level": 0.06611570247933884,
                        "Effort": 3420.9437292681164,
                        "Programming time": 190.05242940378423,
                        "Bugs": 0.0756791128390281,
                        "Estimated program length": 81.07329781366414,
                        "Purity ratio": 1.6214659562732827
                    },
                    "Mi": {
                        "Original": 99.13639305224902,
                        "Sei": 67.73001007370382,
                        "Visual Studio": 57.97449886096434
                    }
                },
                {
                    "name": "compute_rows",
                    "kind": "function",
                    "start_line": 54,
                    "end_line": 63,
                    "SLOC": 10,
                    "PLOC": 9,
                    "LLOC": 7,
                    "CLOC": 0,
                    "BLANK": 1,
                    "CC": 4.0,
                    "COGNITIVE": 2,
                    "NARGS": 2,
                    "NEXITS": 0,
                    "NOM": {
                        "functions": 1,
                        "closures": 0,
                        "total": 1
                    },
                    "Halstead": {
                        "n1": 14,
                        "n2": 15,
                        "N1": 22,
                        "N2": 26,
                        "Vocabulary": 29,
                        "Length": 48,
                        "Volume": 233.18308776612344,
                        "Difficulty": 12.133333333333333,
                        "Level": 0.08241758241758242,
                        "Effort": 2829.2881315622976,