{
    "LLOC": 53,
    "files": [
        {
            "LLOC": 53,
            "spaces": [
                {
                    "name": "pixels",
                    "kind": "function",
                    "start_line": 11,
                    "end_line": 30,
                    "SLOC": 20,
                    "PLOC": 20,
                    "LLOC": 19,
                    "CLOC": 0,
                    "BLANK": 0,
                    "CC": {
                        "sum": 8,
                        "average": 8.0
                    },
                    "NOM": {
                        "functions": 1,
                        "closures": 0,
                        "total": 1
                    },
                    "Halstead": {
                        "n1": 17,
                        "n2": 26,
                        "N1": 40,
                        "N2": 56,
                        "Vocabulary": 43,
                        "Length": 96,
                        "Volume": 520.9214164514015,
                        "Difficulty": 18.307692307692307,
                        "Level": 0.0546218487394958,
                        "Effort": 9536.869008879503,
                        "Programming time": 529.8260560488612,
                        "Bugs": 0.14990494416078107,
                        "Estimated program length": 191.69830097292416,
                        "Purity ratio": 1.9968573018012934
                    },
                    "Mi": {
                        "Original": 88.10002133762917,
                        "Sei": 52.215170769232415,
                        "Visual Studio": 51.520480314403024
                    }
                },
                {
                    "name": "compute_row",
                    "kind": "function",
                    "start_line": 32,
                    "end_line": 37,
                    "SLOC": 6,
                    "PLOC": 5,
                    "LLOC": 4,
                    "CLOC": 0,
                    "BLANK": 1,
                    "CC": {
                        "sum": 1,
                        "average": 1.0
                    },
                    "NOM": {
                        "functions": 1,
                        "closures": 0,
                        "total": 1
                    },
                    "Halstead": {
                        "n1": 10,
                        "n2": 13,
                        "N1": 16,
                        "N2": 23,
                        "Vocabulary": 23,
                        "Length": 39,
                        "Volume": 176.41891628622352,
                        "Difficulty": 8.846153846153847,
                        "Level": 0.11304347826086956,
                        "Effort": 1560.6288748396696,
                        "Programming time": 86.70160415775942,
                        "Bugs": 0.044848215847126,
                        "Estimated program length": 81.32499728470782,
                        "Purity ratio": 2.085256340633534
                    },
                    "Mi": {
                        "Original": 114.8446174588739,
                        "Sei": 90.08672794809914,
                        "Visual Studio": 67.1605950051894
                    }
                },
                {
                    "name": "ordered_rows",
                    "kind": "function",
                    "start_line": 39,
                    "end_line": 52,
                    "SLOC": 14,
                    "PLOC": 13,
                    "LLOC": 12,
                    "CLOC": 0,
                    "BLANK": 1,
                    "CC": {
                        "sum": 4,
                        "average": 4.0
                    },
                    "NOM": {
                        "functions": 1,
                        "closures": 0,
                        "total": 1
                    },
                    "Halstead": {
                        "n1": 11,
                        "n2": 12,
                        "N1": 17,
                        "N2": 33,
                        "Vocabulary": 23,
                        "Length": 50,
                        "Volume": 226.17809780285066,
                        "Difficulty": 15.125,
                        "Level": 0.06611570247933884,
                        "Effort": 3420.9437292681164,
                        "Programming time": 190.05242940378423,
                        "Bugs": 0.0756791128390281,
                        "Estimated program length": 81.07329781366414,
                        "Purity ratio": 1.6214659562732827
                    },
                    "Mi": {
                        "Original": 99.13639305224902,
                        "Sei": 67.73001007370382,
                        "Visual Studio": 57.97449886096434
                    }
                },
                {
                    "name": "compute_rows",
                    "kind": "function",
                    "start_line": 54,
                    "end_line": 63,
                    "SLOC": 10,
                    "PLOC": 9,
                    "LLOC": 7,
                    "CLOC": 0,
                    "BLANK": 1,
                    "CC": {
                        "sum": 4,
                        "average": 4.0
                    },
                    "NOM": {
                        "functions": 1,
                        "closures": 0,
                        "total": 1
                    },
                    "Halstead": {
                        "n1": 14,
                        "n2": 15,
                        "N1": 22,
                        "N2": 26,
                        "Vocabulary": 29,
                        "Length": 48,
                        "Volume": 233.18308776612344,
                        "Difficulty": 12.133333333333333,
                        "Level": 0.08241758241758242,
                        "Effort": 2829.2881315622976,
                        "Programming time": 157.1826739756832,
                        "Bugs": 0.06668019539719179,
                        "Estimated program length": 111.90632784293425,
                        "Purity ratio": 2.33138183006113
                    },
                    "Mi": {
                        "Original": 104.42863706060227,
                        "Sei": 75.36510425972939,
                        "Visual Studio": 61.06937839801302
                    }
                },
                {
                    "name": "mandelbrot",
                    "kind": "function",
                    "start_line": 65,
                    "end_line": 71,
                    "SLOC": 7,
                    "PLOC": 6,
                    "LLOC": 5,
                    "CLOC": 0,
                    "BLANK": 1,
                    "CC": {
                        "sum": 3,
                        "average": 3.0
                    },
                    "NOM": {
                        "functions": 1,
                        "closures": 0,
                        "total": 1
                    },
                    "Halstead": {
                        "n1": 8,
                        "n2": 14,
                        "N1": 11,
                        "N2": 21,
                        "Vocabulary": 22,
                        "Length": 32,
                        "Volume": 142.7018117963935,
                        "Difficulty": 6.0,
                        "Level": 0.16666666666666666,
                        "Effort": 856.2108707783611,
                        "Programming time": 47.56727059879784,
                        "Bugs": 0.03005609607438855,
                        "Estimated program length": 77.30296890880646,
                        "Purity ratio": 2.415717778400202
                    },
                    "Mi": {
                        "Original": 112.9903180363996,
                        "Sei": 87.61517908578114,