{
    "SLOC": 57,
    "PLOC": 41,
    "LLOC": 40,
    "CLOC": 8,
    "BLANK": 8,
    "CC": 6.0,
    "COGNITIVE": 11,
    "NARGS": 0,
    "NEXITS": 0,
    "NOM": {
        "functions": 0,
        "closures": 0,
        "total": 0
    },
    "HALSTEAD": {
        "n1": 17,
        "n2": 40,
        "N1": 83,
        "N2": 141,
        "Vocabulary": 57,
        "Length": 224,
        "Volume": 1306.567363172902,
        "Difficulty": 29.9625,
        "Level": 0.033375052148518984,
        "Effort": 39148.02461906808,
        "Programming time": 2174.890256614893,
        "Bugs": 0.3843132109389379,
        "Estimated program length": 282.3639920967503,
        "Purity ratio": 1.2605535361462066
    },
    "MI": {
        "Original": 66.81174451406555,
        "Sei": 48.71616911557324,
        "Visual Studio": 39.071195622260554
    },
    "files": [
        {
            "filename": "Assets/Python/pidigits.py",
            "SLOC": 57,
            "PLOC": 41,
            "LLOC": 40,
            "CLOC": 8,
            "BLANK": 8,
            "CC": 6.0,
            "COGNITIVE": 11,
            "NARGS": 0,
            "NEXITS": 0,
            "NOM": {
                "functions": 0,
                "closures": 0,
                "total": 0
            },
            "Halstead": {
                "n1": 17,
                "n2": 40,
                "N1": 83,
                "N2": 141,
                "Vocabulary": 57,
                "Length": 224,
                "Volume": 1306.567363172902,
                "Difficulty": 29.9625,
                "Level": 0.033375052148518984,
                "Effort": 39148.02461906808,
                "Programming time": 2174.890256614893,
                "Bugs": 0.3843132109389379,
                "Estimated program length": 282.3639920967503,
                "Purity ratio": 1.2605535361462066
            },
            "Mi": {
                "Original": 66.81174451406555,
                "Sei": 48.71616911557324,
                "Visual Studio": 39.071195622260554
            },
            "spaces": []
        }
    ]
}