{
    "SLOC": {
        "__old": 139,
        "__new": 58
    },
    "PLOC": {
        "__old": 74,
        "__new": 41
    },
    "LLOC": {
        "__old": 28,
        "__new": 24
    },
    "CLOC": {
        "__old": 39,
        "__new": 7
    },
    "BLANK": {
        "__old": 26,
        "__new": 10
    },
    "CC": {
        "__old": 12,
        "__new": 9
    },
    "HALSTEAD": {
        "n1": {
            "__old": 23,
            "__new": 21
        },
        "n2": {
            "__old": 45,
            "__new": 26
        },
        "N1": {
            "__old": 204,
            "__new": 115
        },
        "N2": {
            "__old": 166,
            "__new": 77
        },
        "Vocabulary": {
            "__old": 68,
            "__new": 47
        },
        "Length": {
            "__old": 370,
            "__new": 192
        },
        "Volume": {
            "__old": 2252.3612512626255,
            "__new": 1066.4810595221065
        },
        "Difficulty": {
            "__old": 42.422222222222224,
            "__new": 31.096153846153847
        },
        "Level": {
            "__old": 0.023572551073860658,
            "__new": 0.032158317872603585
        },
        "Effort": {
            "__old": 95550.1695257856,
            "__new": 33163.459100908585
        },
        "Programming time": {
            "__old": 5308.342751432534,
            "__new": 1842.4143944949215
        },
        "Bugs": {
            "__old": 0.6966795348870725,
            "__new": 0.3440740826917404
        },
        "Estimated program length": {
            "__old": 351.17531432414665,
            "__new": 214.45009855002235
        },
        "Purity ratio": {
            "__old": 0.9491224711463423,
            "__new": 1.1169275966146996
        }
    },
    "MI": {
        "Original": {
            "__old": 48.15890345569035,
            "__new": 66.89580038208805
        },
        "Sei": {
            "__old": 31.577285388498545,
            "__new": 47.35516817393005
        },
        "Visual Studio": {
            "__old": 28.16310143607623,
            "__new": 39.12035110063629
        }
    },
    "files": [
        [
            "~",
            {
                "filename": {
                    "__old": "Assets/C/binarytrees.c",
                    "__new": "Assets/TypeScript/binarytrees.ts"
                },
                "SLOC": {
                    "__old": 139,
                    "__new": 58
                },
                "PLOC": {
                    "__old": 74,
                    "__new": 41
                },
                "LLOC": {
                    "__old": 28,
                    "__new": 24
                },
                "CLOC": {
                    "__old": 39,
                    "__new": 7
                },
                "BLANK": {
                    "__old": 26,
                    "__new": 10
                },
                "CC": {
                    "__old": 12,
                    "__new": 9
                },
                "COGNITIVE": {
                    "__old": 9,
                    "__new": 7
                },
                "Halstead": {
                    "n1": {
                        "__old": 23,
                        "__new": 21
                    },
                    "n2": {
                        "__old": 45,
                        "__new": 26
                    },
                    "N1": {
                        "__old": 204,
                        "__new": 115
                    },
                    "N2": {
                        "__old": 166,
                        "__new": 77
                    },
                    "Vocabulary": {
                        "__old": 68,
                        "__new": 47
                    },
                    "Length": {
                        "__old": 370,
                        "__new": 192
                    },
                    "Volume": {
                        "__old": 2252.3612512626255,
                        "__new": 1066.4810595221065
                    },
                    "Difficulty": {
                        "__old": 42.422222222222224,
                        "__new": 31.096153846153847
                    },
                    "Level": {
                        "__old": 0.023572551073860658,
                        "__new": 0.032158317872603585
                    },
                    "Effort": {
                        "__old": 95550.1695257856,
                        "__new": 33163.459100908585
                    },
                    "Programming time": {
                        "__old": 5308.342751432534,
                        "__new": 1842.4143944949215
                    },
                    "Bugs": {
                        "__old": 0.6966795348870725,
                        "__new": 0.3440740826917404
                    },
                    "Estimated program length": {
                        "__old": 351.17531432414665,
                        "__new": 214.45009855002235
                    },
                    "Purity ratio": {
                        "__old": 0.9491224711463423,
                        "__new": 1.1169275966146996
                    }
                },
                "Mi": {
                    "Original": {
                        "__old": 48.15890345569035,
                        "__new": 66.89580038208805
                    },
                    "Sei": {
                        "__old": 31.577285388498545,
                        "__new": 47.35516817393005
                    },
                    "Visual Studio": {
                        "__old": 28.16310143607623,
                        "__new": 39.12035110063629
                    }
                }
            }
        ]
    ]
}