{
    "SLOC": {
        "__old": 174,
        "__new": 64
    },
    "PLOC": {
        "__old": 86,
        "__new": 46
    },
    "LLOC": {
        "__old": 41,
        "__new": 58
    },
    "CLOC": {
        "__old": 54,
        "__new": 7
    },
    "BLANK": {
        "__old": 34,
        "__new": 11
    },
    "CC_SUM": {
        "__old": 22,
        "__new": 14
    },
    "CC_AVG": {
        "__old": 11,
        "__new": 7
    },
    "COGNITIVE_SUM": {
        "__old": 56,
        "__new": 28
    },
    "COGNITIVE_AVG": {
        "__old": 56,
        "__new": 28
    },
    "NARGS_SUM": {
        "__old": 2,
        "__new": 1
    },
    "NARGS_AVG": {
        "__old": 2,
        "__new": 1
    },
    "NEXITS": {
        "__old": 1,
        "__new": 2
    },
    "NEXITS_AVG": {
        "__old": 1,
        "__new": 2
    },
    "HALSTEAD": {
        "n1": {
            "__old": 30,
            "__new": 26
        },
        "n2": {
            "__old": 33,
            "__new": 27
        },
        "N1": {
            "__old": 285,
            "__new": 156
        },
        "N2": {
            "__old": 240,
            "__new": 146
        },
        "Vocabulary": {
            "__old": 63,
            "__new": 53
        },
        "Length": {
            "__old": 525,
            "__new": 302
        },
        "Volume": {
            "__old": 3138.0719598374562,
            "__new": 1729.831977278086
        },
        "Difficulty": {
            "__old": 109.0909090909091,
            "__new": 70.29629629629629
        },
        "Level": {
            "__old": 0.009166666666666667,
            "__new": 0.014225500526870391
        },
        "Effort": {
            "__old": 342335.12289135886,
            "__new": 121600.78121754841
        },
        "Programming time": {
            "__old": 19018.617938408825,
            "__new": 6755.598956530467
        },
        "Bugs": {
            "__old": 1.6312219298557251,
            "__new": 0.8181563811397001
        },
        "Estimated program length": {
            "__old": 313.6717238070845,
            "__new": 250.59339523008202
        },
        "Purity ratio": {
            "__old": 0.5974699501087324,
            "__new": 0.8297794544042452
        }
    },
    "MI": {
        "Original": {
            "__old": 40.49621205585848,
            "__new": 61.63604033853822
        },
        "Sei": {
            "__old": 22.95379571466426,
            "__new": 39.15787082613978
        },
        "Visual Studio": {
            "__old": 23.681995354303204,
            "__new": 36.04446803423288
        }
    },
    "files": [
        [
            "~",
            {
                "filename": {
                    "__old": "Assets/C/fannkuchredux.c",
                    "__new": "Assets/TypeScript/fannkuchredux.ts"
                },
                "SLOC": {
                    "__old": 174,
                    "__new": 64
                },
                "PLOC": {
                    "__old": 86,
                    "__new": 46
                },
                "LLOC": {
                    "__old": 41,
                    "__new": 58
                },
                "CLOC": {
                    "__old": 54,
                    "__new": 7
                },
                "BLANK": {
                    "__old": 34,
                    "__new": 11
                },
                "CC_SUM": {
                    "__old": 22,
                    "__new": 14
                },
                "CC_AVG": {
                    "__old": 11,
                    "__new": 7
                },
                "COGNITIVE_SUM": {
                    "__old": 56,
                    "__new": 28
                },
                "COGNITIVE_AVG": {
                    "__old": 56,
                    "__new": 28
                },
                "NARGS_SUM": {
                    "__old": 2,
                    "__new": 1
                },
                "NARGS_AVG": {
                    "__old": 2,
                    "__new": 1
                },
                "NEXITS": {
                    "__old": 1,
                    "__new": 2
                },
                "NEXITS_AVG": {
                    "__old": 1,
                    "__new": 2
                },
                "Halstead": {
                    "n1": {
                        "__old": 30,
                        "__new": 26
                    },
                    "n2": {
                        "__old": 33,
                        "__new": 27
                    },
                    "N1": {
                        "__old": 285,
                        "__new": 156
                    },
                    "N2": {
                        "__old": 240,
                        "__new": 146
                    },
                    "Vocabulary": {
                        "__old": 63,
                        "__new": 53
                    },
                    "Length": {
                        "__old": 525,
                        "__new": 302
                    },
                    "Volume": {
                        "__old": 3138.0719598374562,
                        "__new": 1729.831977278086
                    },
                    "Difficulty": {
                        "__old": 109.0909090909091,
                        "__new": 70.29629629629629
                    },
                    "Level": {
                        "__old": 0.009166666666666667,
                        "__new": 0.014225500526870391
                    },
                    "Effort": {
                        "__old": 342335.12289135886,
                        "__new": 121600.78121754841
                    },
                    "Programming time": {
                        "__old": 19018.617938408825,
                        "__new": 6755.598956530467
                    },
                    "Bugs": {
                        "__old": 1.6312219298557251,
                        "__new": 0.8181563811397001
                    },
                    "Estimated program length": {
                        "__old": 313.6717238070845,
                        "__new": 250.59339523008202
                    },
                    "Purity ratio": {
                        "__old": 0.5974699501087324,
                        "__new": 0.8297794544042452
                    }
                },
                "Mi": {
                    "Original": {
                        "__old": 40.49621205585848,
                        "__new": 61.63604033853822
                    },
                    "Sei": {
                        "__old": 22.95379571466426,
                        "__new": 39.15787082613978
                    },
                    "Visual Studio": {
                        "__old": 23.681995354303204,
                        "__new": 36.04446803423288
                    }
                }
            }
        ]
    ]
}