{
    "SLOC": {
        "__old": 344,
        "__new": 128
    },
    "PLOC": {
        "__old": 255,
        "__new": 105
    },
    "LLOC": {
        "__old": 90,
        "__new": 65
    },
    "CLOC": {
        "__old": 49,
        "__new": 8
    },
    "BLANK": {
        "__old": 40,
        "__new": 15
    },
    "CC": {
        "__old": 35,
        "__new": 23
    },
    "NARGS_SUM": {
        "__old": 15,
        "__new": 8
    },
    "NARGS_AVG": {
        "__old": 1.875,
        "__new": 1.3333333333333333
    },
    "NEXITS": {
        "__old": 4,
        "__new": 1
    },
    "NOM": {
        "functions": {
            "__old": 8,
            "__new": 6
        },
        "total": {
            "__old": 8,
            "__new": 6
        }
    },
    "HALSTEAD": {
        "n1": {
            "__old": 31,
            "__new": 27
        },
        "n2": {
            "__old": 115,
            "__new": 82
        },
        "N1": {
            "__old": 570,
            "__new": 482
        },
        "N2": {
            "__old": 415,
            "__new": 302
        },
        "Vocabulary": {
            "__old": 146,
            "__new": 109
        },
        "Length": {
            "__old": 985,
            "__new": 784
        },
        "Volume": {
            "__old": 7081.9771904968175,
            "__new": 5306.25651062511
        },
        "Difficulty": {
            "__old": 55.93478260869565,
            "__new": 49.71951219512195
        },
        "Level": {
            "__old": 0.017877963466770307,
            "__new": 0.020112828059847928
        },
        "Effort": {
            "__old": 396128.8545901807,
            "__new": 263824.4852904704
        },
        "Programming time": {
            "__old": 22007.158588343373,
            "__new": 14656.915849470579
        },
        "Bugs": {
            "__old": 1.7979173803681505,
            "__new": 1.3711621351267889
        },
        "Estimated program length": {
            "__old": 940.8114414805963,
            "__new": 649.7012269370965
        },
        "Purity ratio": {
            "__old": 0.9551385192696409,
            "__new": 0.8287005445626231
        }
    },
    "MI": {
        "Original": {
            "__old": 22.23200140869568,
            "__new": 42.508571963936674
        },
        "Sei": {
            "__old": -12.466182327989948,
            "__new": 6.852322535981969
        },
        "Visual Studio": {
            "__old": 13.001170414441917,
            "__new": 24.858814013998057
        }
    },
    "files": [
        [
            "~",
            {
                "filename": {
                    "__old": "Assets/C/fasta.c",
                    "__new": "Assets/TypeScript/fasta.ts"
                },
                "SLOC": {
                    "__old": 344,
                    "__new": 128
                },
                "PLOC": {
                    "__old": 255,
                    "__new": 105
                },
                "LLOC": {
                    "__old": 90,
                    "__new": 65
                },
                "CLOC": {
                    "__old": 49,
                    "__new": 8
                },
                "BLANK": {
                    "__old": 40,
                    "__new": 15
                },
                "CC": {
                    "__old": 35,
                    "__new": 23
                },
                "COGNITIVE": {
                    "__old": 42,
                    "__new": 28
                },
                "NARGS_SUM": {
                    "__old": 15,
                    "__new": 8
                },
                "NARGS_AVG": {
                    "__old": 1.875,
                    "__new": 1.3333333333333333
                },
                "NEXITS": {
                    "__old": 4,
                    "__new": 1
                },
                "NOM": {
                    "functions": {
                        "__old": 8,
                        "__new": 6
                    },
                    "total": {
                        "__old": 8,
                        "__new": 6
                    }
                },
                "Halstead": {
                    "n1": {
                        "__old": 31,
                        "__new": 27
                    },
                    "n2": {
                        "__old": 115,
                        "__new": 82
                    },
                    "N1": {
                        "__old": 570,
                        "__new": 482
                    },
                    "N2": {
                        "__old": 415,
                        "__new": 302
                    },
                    "Vocabulary": {
                        "__old": 146,
                        "__new": 109
                    },
                    "Length": {
                        "__old": 985,
                        "__new": 784
                    },
                    "Volume": {
                        "__old": 7081.9771904968175,
                        "__new": 5306.25651062511
                    },
                    "Difficulty": {
                        "__old": 55.93478260869565,
                        "__new": 49.71951219512195
                    },
                    "Level": {
                        "__old": 0.017877963466770307,
                        "__new": 0.020112828059847928
                    },
                    "Effort": {
                        "__old": 396128.8545901807,
                        "__new": 263824.4852904704
                    },
                    "Programming time": {
                        "__old": 22007.158588343373,
                        "__new": 14656.915849470579
                    },
                    "Bugs": {
                        "__old": 1.7979173803681505,
                        "__new": 1.3711621351267889
                    },
                    "Estimated program length": {
                        "__old": 940.8114414805963,
                        "__new": 649.7012269370965
                    },
                    "Purity ratio": {
                        "__old": 0.9551385192696409,
                        "__new": 0.8287005445626231
                    }
                },
                "Mi": {
                    "Original": {
                        "__old": 22.23200140869568,
                        "__new": 42.508571963936674
                    },
                    "Sei": {
                        "__old": -12.466182327989948,
                        "__new": 6.852322535981969
                    },
                    "Visual Studio": {
                        "__old": 13.001170414441917,
                        "__new": 24.858814013998057
                    }
                }
            }
        ]
    ]
}