{
    "SLOC": {
        "__old": 247,
        "__new": 78
    },
    "PLOC": {
        "__old": 135,
        "__new": 63
    },
    "LLOC": {
        "__old": 56,
        "__new": 42
    },
    "CLOC": {
        "__old": 56,
        "__new": 6
    },
    "BLANK": {
        "__old": 56,
        "__new": 9
    },
    "CC": {
        "__old": 27,
        "__new": 17
    },
    "NEXITS": {
        "__old": 4,
        "__new": 1
    },
    "NOM": {
        "functions": {
            "__old": 4,
            "__new": 5
        },
        "closures": {
            "__old": 0,
            "__new": 4
        },
        "total": {
            "__old": 4,
            "__new": 9
        }
    },
    "HALSTEAD": {
        "n1": {
            "__old": 34,
            "__new": 28
        },
        "n2": {
            "__old": 79,
            "__new": 51
        },
        "N1": {
            "__old": 482,
            "__new": 200
        },
        "N2": {
            "__old": 385,
            "__new": 140
        },
        "Vocabulary": {
            "__old": 113,
            "__new": 79
        },
        "Length": {
            "__old": 867,
            "__new": 340
        },
        "Volume": {
            "__old": 5913.095160413968,
            "__new": 2143.285454380215
        },
        "Difficulty": {
            "__old": 82.84810126582279,
            "__new": 38.431372549019606
        },
        "Level": {
            "__old": 0.012070282658517952,
            "__new": 0.026020408163265306
        },
        "Effort": {
            "__old": 489888.7066444231,
            "__new": 82369.4017761808
        },
        "Programming time": {
            "__old": 27216.039258023506,
            "__new": 4576.077876454489
        },
        "Bugs": {
            "__old": 2.0714622848378177,
            "__new": 0.6310387372075408
        },
        "Estimated program length": {
            "__old": 670.9724157085027,
            "__new": 423.89963025815916
        },
        "Purity ratio": {
            "__old": 0.7739012868610181,
            "__new": 1.2467636184063504
        }
    },
    "MI": {
        "Original": {
            "__old": 30.376300563228924,
            "__new": 56.626822020841715
        },
        "Sei": {
            "__old": 4.499605876006868,
            "__new": 28.553813090055428
        },
        "Visual Studio": {
            "__old": 17.76391845802861,
            "__new": 33.11510059698346
        }
    },
    "files": [
        [
            "~",
            {
                "filename": {
                    "__old": "Assets/C/knucleotide.c",
                    "__new": "Assets/TypeScript/knucleotide.ts"
                },
                "SLOC": {
                    "__old": 247,
                    "__new": 78
                },
                "PLOC": {
                    "__old": 135,
                    "__new": 63
                },
                "LLOC": {
                    "__old": 56,
                    "__new": 42
                },
                "CLOC": {
                    "__old": 56,
                    "__new": 6
                },
                "BLANK": {
                    "__old": 56,
                    "__new": 9
                },
                "CC": {
                    "__old": 27,
                    "__new": 17
                },
                "NEXITS": {
                    "__old": 4,
                    "__new": 1
                },
                "NOM": {
                    "functions": {
                        "__old": 4,
                        "__new": 5
                    },
                    "closures": {
                        "__old": 0,
                        "__new": 4
                    },
                    "total": {
                        "__old": 4,
                        "__new": 9
                    }
                },
                "Halstead": {
                    "n1": {
                        "__old": 34,
                        "__new": 28
                    },
                    "n2": {
                        "__old": 79,
                        "__new": 51
                    },
                    "N1": {
                        "__old": 482,
                        "__new": 200
                    },
                    "N2": {
                        "__old": 385,
                        "__new": 140
                    },
                    "Vocabulary": {
                        "__old": 113,
                        "__new": 79
                    },
                    "Length": {
                        "__old": 867,
                        "__new": 340
                    },
                    "Volume": {
                        "__old": 5913.095160413968,
                        "__new": 2143.285454380215
                    },
                    "Difficulty": {
                        "__old": 82.84810126582279,
                        "__new": 38.431372549019606
                    },
                    "Level": {
                        "__old": 0.012070282658517952,
                        "__new": 0.026020408163265306
                    },
                    "Effort": {
                        "__old": 489888.7066444231,
                        "__new": 82369.4017761808
                    },
                    "Programming time": {
                        "__old": 27216.039258023506,
                        "__new": 4576.077876454489
                    },
                    "Bugs": {
                        "__old": 2.0714622848378177,
                        "__new": 0.6310387372075408
                    },
                    "Estimated program length": {
                        "__old": 670.9724157085027,
                        "__new": 423.89963025815916
                    },
                    "Purity ratio": {
                        "__old": 0.7739012868610181,
                        "__new": 1.2467636184063504
                    }
                },
                "Mi": {
                    "Original": {
                        "__old": 30.376300563228924,
                        "__new": 56.626822020841715
                    },
                    "Sei": {
                        "__old": 4.499605876006868,
                        "__new": 28.553813090055428
                    },
                    "Visual Studio": {
                        "__old": 17.76391845802861,
                        "__new": 33.11510059698346
                    }
                }
            }
        ]
    ]
}