{
    "SLOC": {
        "__old": 201,
        "__new": 49
    },
    "PLOC": {
        "__old": 140,
        "__new": 32
    },
    "LLOC": {
        "__old": 60,
        "__new": 36
    },
    "CLOC": {
        "__old": 22,
        "__new": 7
    },
    "BLANK": {
        "__old": 39,
        "__new": 10
    },
    "CC": {
        "__old": 39,
        "__new": 8
    },
    "NARGS_SUM": {
        "__old": 17,
        "__new": 0
    },
    "NARGS_AVG": {
        "__old": 2.4285714285714284,
        "__new": 0
    },
    "NEXITS": {
        "__old": 5,
        "__new": 0
    },
    "NOM": {
        "functions": {
            "__old": 7,
            "__new": 0
        },
        "total": {
            "__old": 7,
            "__new": 0
        }
    },
    "HALSTEAD": {
        "n1": {
            "__old": 33,
            "__new": 23
        },
        "n2": {
            "__old": 78,
            "__new": 31
        },
        "N1": {
            "__old": 500,
            "__new": 118
        },
        "N2": {
            "__old": 395,
            "__new": 113
        },
        "Vocabulary": {
            "__old": 111,
            "__new": 54
        },
        "Length": {
            "__old": 895,
            "__new": 231
        },
        "Volume": {
            "__old": 6081.002200383345,
            "__new": 1329.3790129997612
        },
        "Difficulty": {
            "__old": 83.5576923076923,
            "__new": 41.91935483870968
        },
        "Level": {
            "__old": 0.011967779056386652,
            "__new": 0.023855328972681798
        },
        "Effort": {
            "__old": 508114.5107820314,
            "__new": 55726.71056107064
        },
        "Programming time": {
            "__old": 28228.583932335077,
            "__new": 3095.9283645039245
        },
        "Bugs": {
            "__old": 2.122526610378524,
            "__new": 0.48631875375637595
        },
        "Estimated program length": {
            "__old": 656.7263790100843,
            "__new": 257.6220106113044
        },
        "Purity ratio": {
            "__old": 0.7337724905140607,
            "__new": 1.1152467991831359
        }
    },
    "MI": {
        "Original": {
            "__old": 30.8092515452214,
            "__new": 68.71168170636773
        },
        "Sei": {
            "__old": -2.7623552082978513,
            "__new": 51.8761864722328
        },
        "Visual Studio": {
            "__old": 18.01710616679614,
            "__new": 40.182270003723815
        }
    },
    "files": [
        [
            "~",
            {
                "filename": {
                    "__old": "Assets/C/mandelbrot.c",
                    "__new": "Assets/TypeScript/mandelbrot.ts"
                },
                "SLOC": {
                    "__old": 201,
                    "__new": 49
                },
                "PLOC": {
                    "__old": 140,
                    "__new": 32
                },
                "LLOC": {
                    "__old": 60,
                    "__new": 36
                },
                "CLOC": {
                    "__old": 22,
                    "__new": 7
                },
                "BLANK": {
                    "__old": 39,
                    "__new": 10
                },
                "CC": {
                    "__old": 39,
                    "__new": 8
                },
                "COGNITIVE": {
                    "__old": 33,
                    "__new": 14
                },
                "NARGS_SUM": {
                    "__old": 17,
                    "__new": 0
                },
                "NARGS_AVG": {
                    "__old": 2.4285714285714284,
                    "__new": 0
                },
                "NEXITS": {
                    "__old": 5,
                    "__new": 0
                },
                "NOM": {
                    "functions": {
                        "__old": 7,
                        "__new": 0
                    },
                    "total": {
                        "__old": 7,
                        "__new": 0
                    }
                },
                "Halstead": {
                    "n1": {
                        "__old": 33,
                        "__new": 23
                    },
                    "n2": {
                        "__old": 78,
                        "__new": 31
                    },
                    "N1": {
                        "__old": 500,
                        "__new": 118
                    },
                    "N2": {
                        "__old": 395,
                        "__new": 113
                    },
                    "Vocabulary": {
                        "__old": 111,
                        "__new": 54
                    },
                    "Length": {
                        "__old": 895,
                        "__new": 231
                    },
                    "Volume": {
                        "__old": 6081.002200383345,
                        "__new": 1329.3790129997612
                    },
                    "Difficulty": {
                        "__old": 83.5576923076923,
                        "__new": 41.91935483870968
                    },
                    "Level": {
                        "__old": 0.011967779056386652,
                        "__new": 0.023855328972681798
                    },
                    "Effort": {
                        "__old": 508114.5107820314,
                        "__new": 55726.71056107064
                    },
                    "Programming time": {
                        "__old": 28228.583932335077,
                        "__new": 3095.9283645039245
                    },
                    "Bugs": {
                        "__old": 2.122526610378524,
                        "__new": 0.48631875375637595
                    },
                    "Estimated program length": {
                        "__old": 656.7263790100843,
                        "__new": 257.6220106113044
                    },
                    "Purity ratio": {
                        "__old": 0.7337724905140607,
                        "__new": 1.1152467991831359
                    }
                },
                "Mi": {
                    "Original": {
                        "__old": 30.8092515452214,
                        "__new": 68.71168170636773
                    },
                    "Sei": {
                        "__old": -2.7623552082978513,
                        "__new": 51.8761864722328
                    },
                    "Visual Studio": {
                        "__old": 18.01710616679614,
                        "__new": 40.182270003723815
                    }
                }
            }
        ]
    ]
}