{
    "SLOC": {
        "__old": 160,
        "__new": 183
    },
    "PLOC": {
        "__old": 128,
        "__new": 148
    },
    "LLOC": {
        "__old": 39,
        "__new": 69
    },
    "CLOC": {
        "__old": 13,
        "__new": 7
    },
    "BLANK": {
        "__old": 19,
        "__new": 28
    },
    "CC": {
        "__old": 28,
        "__new": 20
    },
    "COGNITIVE": {
        "__old": 30,
        "__new": 9
    },
    "NEXITS": {
        "__old": 2,
        "__new": 7
    },
    "NOM": {
        "functions": {
            "__old": 4,
            "__new": 10
        },
        "total": {
            "__old": 4,
            "__new": 10
        }
    },
    "HALSTEAD": {
        "n2": {
            "__old": 85,
            "__new": 70
        },
        "N1": {
            "__old": 534,
            "__new": 479
        },
        "N2": {
            "__old": 429,
            "__new": 303
        },
        "Vocabulary": {
            "__old": 104,
            "__new": 89
        },
        "Length": {
            "__old": 963,
            "__new": 782
        },
        "Volume": {
            "__old": 6452.523448569871,
            "__new": 5064.023543015723
        },
        "Difficulty": {
            "__old": 47.94705882352941,
            "__new": 41.121428571428574
        },
        "Level": {
            "__old": 0.020856336645810332,
            "__new": 0.02431822129581379
        },
        "Effort": {
            "__old": 309379.52134878247,
            "__new": 208239.8824081537
        },
        "Programming time": {
            "__old": 17187.75118604347,
            "__new": 11568.882356008538
        },
        "Bugs": {
            "__old": 1.5247774273398966,
            "__new": 1.171083922000504
        },
        "Estimated program length": {
            "__old": 625.5088523271327,
            "__new": 509.76043394157574
        },
        "Purity ratio": {
            "__old": 0.6495419027280713,
            "__new": 0.6518675625851352
        }
    },
    "MI": {
        "Original": {
            "__old": 36.72660605201497,
            "__new": 37.6507579368477
        },
        "Sei": {
            "__old": 1.5041821017136954,
            "__new": -4.42709950213461
        },
        "Visual Studio": {
            "__old": 21.477547398839164,
            "__new": 22.01798709757175
        }
    },
    "files": [
        [
            "~",
            {
                "filename": {
                    "__old": "Assets/C/nbody.c",
                    "__new": "Assets/TypeScript/nbody.ts"
                },
                "SLOC": {
                    "__old": 160,
                    "__new": 183
                },
                "PLOC": {
                    "__old": 128,
                    "__new": 148
                },
                "LLOC": {
                    "__old": 39,
                    "__new": 69
                },
                "CLOC": {
                    "__old": 13,
                    "__new": 7
                },
                "BLANK": {
                    "__old": 19,
                    "__new": 28
                },
                "CC": {
                    "__old": 28,
                    "__new": 20
                },
                "COGNITIVE": {
                    "__old": 30,
                    "__new": 9
                },
                "NEXITS": {
                    "__old": 2,
                    "__new": 7
                },
                "NOM": {
                    "functions": {
                        "__old": 4,
                        "__new": 10
                    },
                    "total": {
                        "__old": 4,
                        "__new": 10
                    }
                },
                "Halstead": {
                    "n2": {
                        "__old": 85,
                        "__new": 70
                    },
                    "N1": {
                        "__old": 534,
                        "__new": 479
                    },
                    "N2": {
                        "__old": 429,
                        "__new": 303
                    },
                    "Vocabulary": {
                        "__old": 104,
                        "__new": 89
                    },
                    "Length": {
                        "__old": 963,
                        "__new": 782
                    },
                    "Volume": {
                        "__old": 6452.523448569871,
                        "__new": 5064.023543015723
                    },
                    "Difficulty": {
                        "__old": 47.94705882352941,
                        "__new": 41.121428571428574
                    },
                    "Level": {
                        "__old": 0.020856336645810332,
                        "__new": 0.02431822129581379
                    },
                    "Effort": {
                        "__old": 309379.52134878247,
                        "__new": 208239.8824081537
                    },
                    "Programming time": {
                        "__old": 17187.75118604347,
                        "__new": 11568.882356008538
                    },
                    "Bugs": {
                        "__old": 1.5247774273398966,
                        "__new": 1.171083922000504
                    },
                    "Estimated program length": {
                        "__old": 625.5088523271327,
                        "__new": 509.76043394157574
                    },
                    "Purity ratio": {
                        "__old": 0.6495419027280713,
                        "__new": 0.6518675625851352
                    }
                },
                "Mi": {
                    "Original": {
                        "__old": 36.72660605201497,
                        "__new": 37.6507579368477
                    },
                    "Sei": {
                        "__old": 1.5041821017136954,
                        "__new": -4.42709950213461
                    },
                    "Visual Studio": {
                        "__old": 21.477547398839164,
                        "__new": 22.01798709757175
                    }
                }
            }
        ]
    ]
}