{
    "SLOC": {
        "__old": 208,
        "__new": 50
    },
    "PLOC": {
        "__old": 111,
        "__new": 33
    },
    "LLOC": {
        "__old": 38,
        "__new": 16
    },
    "CLOC": {
        "__old": 51,
        "__new": 7
    },
    "BLANK": {
        "__old": 46,
        "__new": 10
    },
    "CC": {
        "__old": 12,
        "__new": 8
    },
    "COGNITIVE": {
        "__old": 11,
        "__new": 6
    },
    "NEXITS": {
        "__old": 1,
        "__new": 0
    },
    "NOM": {
        "functions": {
            "__old": 2,
            "__new": 1
        },
        "closures": {
            "__old": 0,
            "__new": 3
        },
        "total": {
            "__old": 2,
            "__new": 4
        }
    },
    "HALSTEAD": {
        "n1": {
            "__old": 26,
            "__new": 19
        },
        "n2": {
            "__old": 77,
            "__new": 31
        },
        "N1": {
            "__old": 410,
            "__new": 172
        },
        "N2": {
            "__old": 328,
            "__new": 75
        },
        "Vocabulary": {
            "__old": 103,
            "__new": 50
        },
        "Length": {
            "__old": 738,
            "__new": 247
        },
        "Volume": {
            "__old": 4934.637389061215,
            "__new": 1394.032478874357
        },
        "Difficulty": {
            "__old": 55.37662337662338,
            "__new": 22.983870967741936
        },
        "Level": {
            "__old": 0.018058161350844277,
            "__new": 0.04350877192982456
        },
        "Effort": {
            "__old": 273263.55619424704,
            "__new": 32040.262619289657
        },
        "Programming time": {
            "__old": 15181.308677458168,
            "__new": 1780.0145899605366
        },
        "Bugs": {
            "__old": 1.4036749703370608,
            "__new": 0.33626070824891074
        },
        "Estimated program length": {
            "__old": 604.7539963051757,
            "__new": 234.29070837742125
        },
        "Purity ratio": {
            "__old": 0.819449859492108,
            "__new": 0.9485453780462398
        }
    },
    "MI": {
        "Original": {
            "__old": 37.550903855613285,
            "__new": 68.13745668355399
        },
        "Sei": {
            "__old": 14.398456559195303,
            "__new": 50.802046889732566
        },
        "Visual Studio": {
            "__old": 21.959592898019466,
            "__new": 39.8464658968152
        }
    },
    "files": [
        [
            "~",
            {
                "filename": {
                    "__old": "Assets/C/regexredux.c",
                    "__new": "Assets/TypeScript/regexredux.ts"
                },
                "SLOC": {
                    "__old": 208,
                    "__new": 50
                },
                "PLOC": {
                    "__old": 111,
                    "__new": 33
                },
                "LLOC": {
                    "__old": 38,
                    "__new": 16
                },
                "CLOC": {
                    "__old": 51,
                    "__new": 7
                },
                "BLANK": {
                    "__old": 46,
                    "__new": 10
                },
                "CC": {
                    "__old": 12,
                    "__new": 8
                },
                "COGNITIVE": {
                    "__old": 11,
                    "__new": 6
                },
                "NEXITS": {
                    "__old": 1,
                    "__new": 0
                },
                "NOM": {
                    "functions": {
                        "__old": 2,
                        "__new": 1
                    },
                    "closures": {
                        "__old": 0,
                        "__new": 3
                    },
                    "total": {
                        "__old": 2,
                        "__new": 4
                    }
                },
                "Halstead": {
                    "n1": {
                        "__old": 26,
                        "__new": 19
                    },
                    "n2": {
                        "__old": 77,
                        "__new": 31
                    },
                    "N1": {
                        "__old": 410,
                        "__new": 172
                    },
                    "N2": {
                        "__old": 328,
                        "__new": 75
                    },
                    "Vocabulary": {
                        "__old": 103,
                        "__new": 50
                    },
                    "Length": {
                        "__old": 738,
                        "__new": 247
                    },
                    "Volume": {
                        "__old": 4934.637389061215,
                        "__new": 1394.032478874357
                    },
                    "Difficulty": {
                        "__old": 55.37662337662338,
                        "__new": 22.983870967741936
                    },
                    "Level": {
                        "__old": 0.018058161350844277,
                        "__new": 0.04350877192982456
                    },
                    "Effort": {
                        "__old": 273263.55619424704,
                        "__new": 32040.262619289657
                    },
                    "Programming time": {
                        "__old": 15181.308677458168,
                        "__new": 1780.0145899605366
                    },
                    "Bugs": {
                        "__old": 1.4036749703370608,
                        "__new": 0.33626070824891074
                    },
                    "Estimated program length": {
                        "__old": 604.7539963051757,
                        "__new": 234.29070837742125
                    },
                    "Purity ratio": {
                        "__old": 0.819449859492108,
                        "__new": 0.9485453780462398
                    }
                },
                "Mi": {
                    "Original": {
                        "__old": 37.550903855613285,
                        "__new": 68.13745668355399
                    },
                    "Sei": {
                        "__old": 14.398456559195303,
                        "__new": 50.802046889732566
                    },
                    "Visual Studio": {
                        "__old": 21.959592898019466,
                        "__new": 39.8464658968152
                    }
                }
            }
        ]
    ]
}