{
    "SLOC": {
        "__old": 151,
        "__new": 187
    },
    "PLOC": {
        "__old": 77,
        "__new": 154
    },
    "LLOC": {
        "__old": 37,
        "__new": 110
    },
    "CLOC": {
        "__old": 41,
        "__new": 19
    },
    "BLANK": {
        "__old": 33,
        "__new": 14
    },
    "CC": {
        "__old": 17,
        "__new": 25
    },
    "NARGS_AVG": {
        "__old": 1.5,
        "__new": 0.75
    },
    "NEXITS": {
        "__old": 1,
        "__new": 2
    },
    "NOM": {
        "functions": {
            "__old": 2,
            "__new": 4
        },
        "total": {
            "__old": 2,
            "__new": 4
        }
    },
    "HALSTEAD": {
        "n1": {
            "__old": 25,
            "__new": 31
        },
        "n2": {
            "__old": 29,
            "__new": 69
        },
        "N1": {
            "__old": 194,
            "__new": 453
        },
        "N2": {
            "__old": 128,
            "__new": 289
        },
        "Vocabulary": {
            "__old": 54,
            "__new": 100
        },
        "Length": {
            "__old": 322,
            "__new": 742
        },
        "Volume": {
            "__old": 1853.0737756966369,
            "__new": 4929.741292812845
        },
        "Difficulty": {
            "__old": 55.172413793103445,
            "__new": 64.92028985507247
        },
        "Level": {
            "__old": 0.018125000000000002,
            "__new": 0.015403504855452617
        },
        "Effort": {
            "__old": 102238.5531418834,
            "__new": 320040.23363992956
        },
        "Programming time": {
            "__old": 5679.919618993522,
            "__new": 17780.012979996085
        },
        "Bugs": {
            "__old": 0.7288226738088915,
            "__new": 1.5596068397265666
        },
        "Estimated program length": {
            "__old": 256.9778536030677,
            "__new": 575.0682731396869
        },
        "Purity ratio": {
            "__old": 0.7980678683325083,
            "__new": 0.7750246268728934
        }
    },
    "MI": {
        "Original": {
            "__old": 46.68214123724049,
            "__new": 36.29022310125957
        },
        "Sei": {
            "__old": 29.49766081859525,
            "__new": 2.8996639994044955
        },
        "Visual Studio": {
            "__old": 27.29949779955584,
            "__new": 21.22235269079507
        }
    },
    "files": [
        [
            "~",
            {
                "filename": {
                    "__old": "Assets/C/revcomp.c",
                    "__new": "Assets/TypeScript/revcomp.ts"
                },
                "SLOC": {
                    "__old": 151,
                    "__new": 187
                },
                "PLOC": {
                    "__old": 77,
                    "__new": 154
                },
                "LLOC": {
                    "__old": 37,
                    "__new": 110
                },
                "CLOC": {
                    "__old": 41,
                    "__new": 19
                },
                "BLANK": {
                    "__old": 33,
                    "__new": 14
                },
                "CC": {
                    "__old": 17,
                    "__new": 25
                },
                "COGNITIVE": {
                    "__old": 21,
                    "__new": 40
                },
                "NARGS_AVG": {
                    "__old": 1.5,
                    "__new": 0.75
                },
                "NEXITS": {
                    "__old": 1,
                    "__new": 2
                },
                "NOM": {
                    "functions": {
                        "__old": 2,
                        "__new": 4
                    },
                    "total": {
                        "__old": 2,
                        "__new": 4
                    }
                },
                "Halstead": {
                    "n1": {
                        "__old": 25,
                        "__new": 31
                    },
                    "n2": {
                        "__old": 29,
                        "__new": 69
                    },
                    "N1": {
                        "__old": 194,
                        "__new": 453
                    },
                    "N2": {
                        "__old": 128,
                        "__new": 289
                    },
                    "Vocabulary": {
                        "__old": 54,
                        "__new": 100
                    },
                    "Length": {
                        "__old": 322,
                        "__new": 742
                    },
                    "Volume": {
                        "__old": 1853.0737756966369,
                        "__new": 4929.741292812845
                    },
                    "Difficulty": {
                        "__old": 55.172413793103445,
                        "__new": 64.92028985507247
                    },
                    "Level": {
                        "__old": 0.018125000000000002,
                        "__new": 0.015403504855452617
                    },
                    "Effort": {
                        "__old": 102238.5531418834,
                        "__new": 320040.23363992956
                    },
                    "Programming time": {
                        "__old": 5679.919618993522,
                        "__new": 17780.012979996085
                    },
                    "Bugs": {
                        "__old": 0.7288226738088915,
                        "__new": 1.5596068397265666
                    },
                    "Estimated program length": {
                        "__old": 256.9778536030677,
                        "__new": 575.0682731396869
                    },
                    "Purity ratio": {
                        "__old": 0.7980678683325083,
                        "__new": 0.7750246268728934
                    }
                },
                "Mi": {
                    "Original": {
                        "__old": 46.68214123724049,
                        "__new": 36.29022310125957
                    },
                    "Sei": {
                        "__old": 29.49766081859525,
                        "__new": 2.8996639994044955
                    },
                    "Visual Studio": {
                        "__old": 27.29949779955584,
                        "__new": 21.22235269079507
                    }
                }
            }
        ]
    ]
}