{
    "SLOC": {
        "__old": 255,
        "__new": 55
    },
    "PLOC": {
        "__old": 156,
        "__new": 41
    },
    "LLOC": {
        "__old": 44,
        "__new": 40
    },
    "CLOC": {
        "__old": 63,
        "__new": 5
    },
    "BLANK": {
        "__old": 36,
        "__new": 9
    },
    "CC_SUM": {
        "__old": 28,
        "__new": 13
    },
    "CC_AVG": {
        "__old": 1.8666666666666667,
        "__new": 2.1666666666666665
    },
    "COGNITIVE_SUM": {
        "__old": 16,
        "__new": 9
    },
    "COGNITIVE_AVG": {
        "__old": 1.7777777777777777,
        "__new": 1.8
    },
    "NARGS_AVG": {
        "__old": 1.3333333333333333,
        "__new": 2.4
    },
    "NEXITS": {
        "__old": 6,
        "__new": 2
    },
    "NOM": {
        "functions": {
            "__old": 9,
            "__new": 5
        },
        "total": {
            "__old": 9,
            "__new": 5
        }
    },
    "HALSTEAD": {
        "n1": {
            "__old": 25,
            "__new": 18
        },
        "n2": {
            "__old": 67,
            "__new": 26
        },
        "N1": {
            "__old": 506,
            "__new": 166
        },
        "N2": {
            "__old": 363,
            "__new": 135
        },
        "Vocabulary": {
            "__old": 92,
            "__new": 44
        },
        "Length": {
            "__old": 869,
            "__new": 301
        },
        "Volume": {
            "__old": 5668.975339813544,
            "__new": 1643.2889172098264
        },
        "Difficulty": {
            "__old": 67.72388059701493,
            "__new": 46.73076923076923
        },
        "Level": {
            "__old": 0.014765840220385676,
            "__new": 0.02139917695473251
        },
        "Effort": {
            "__old": 383925.0090209546,
            "__new": 76792.15516961305
        },
        "Programming time": {
            "__old": 21329.167167830812,
            "__new": 4266.23084275628
        },
        "Bugs": {
            "__old": 1.7607985856908024,
            "__new": 0.6022220451854204
        },
        "Estimated program length": {
            "__old": 522.5243805050388,
            "__new": 197.27008269763002
        },
        "Purity ratio": {
            "__old": 0.6012938786018859,
            "__new": 0.6553823345436213
        }
    },
    "MI": {
        "Original": {
            "__old": 29.84915951402978,
            "__new": 64.58803665956509
        },
        "Sei": {
            "__old": 5.021060152791847,
            "__new": 41.31855991679847
        },
        "Visual Studio": {
            "__old": 17.455648838613907,
            "__new": 37.77078167226029
        }
    },
    "files": [
        [
            "~",
            {
                "filename": {
                    "__old": "Assets/C/spectralnorm.c",
                    "__new": "Assets/TypeScript/spectralnorm.ts"
                },
                "SLOC": {
                    "__old": 255,
                    "__new": 55
                },
                "PLOC": {
                    "__old": 156,
                    "__new": 41
                },
                "LLOC": {
                    "__old": 44,
                    "__new": 40
                },
                "CLOC": {
                    "__old": 63,
                    "__new": 5
                },
                "BLANK": {
                    "__old": 36,
                    "__new": 9
                },
                "CC_SUM": {
                    "__old": 28,
                    "__new": 13
                },
                "CC_AVG": {
                    "__old": 1.8666666666666667,
                    "__new": 2.1666666666666665
                },
                "COGNITIVE_SUM": {
                    "__old": 16,
                    "__new": 9
                },
                "COGNITIVE_AVG": {
                    "__old": 1.7777777777777777,
                    "__new": 1.8
                },
                "NARGS_AVG": {
                    "__old": 1.3333333333333333,
                    "__new": 2.4
                },
                "NEXITS": {
                    "__old": 6,
                    "__new": 2
                },
                "NOM": {
                    "functions": {
                        "__old": 9,
                        "__new": 5
                    },
                    "total": {
                        "__old": 9,
                        "__new": 5
                    }
                },
                "Halstead": {
                    "n1": {
                        "__old": 25,
                        "__new": 18
                    },
                    "n2": {
                        "__old": 67,
                        "__new": 26
                    },
                    "N1": {
                        "__old": 506,
                        "__new": 166
                    },
                    "N2": {
                        "__old": 363,
                        "__new": 135
                    },
                    "Vocabulary": {
                        "__old": 92,
                        "__new": 44
                    },
                    "Length": {
                        "__old": 869,
                        "__new": 301
                    },
                    "Volume": {
                        "__old": 5668.975339813544,
                        "__new": 1643.2889172098264
                    },
                    "Difficulty": {
                        "__old": 67.72388059701493,
                        "__new": 46.73076923076923
                    },
                    "Level": {
                        "__old": 0.014765840220385676,
                        "__new": 0.02139917695473251
                    },
                    "Effort": {
                        "__old": 383925.0090209546,
                        "__new": 76792.15516961305
                    },
                    "Programming time": {
                        "__old": 21329.167167830812,
                        "__new": 4266.23084275628
                    },
                    "Bugs": {
                        "__old": 1.7607985856908024,
                        "__new": 0.6022220451854204
                    },
                    "Estimated program length": {
                        "__old": 522.5243805050388,
                        "__new": 197.27008269763002
                    },
                    "Purity ratio": {
                        "__old": 0.6012938786018859,
                        "__new": 0.6553823345436213
                    }
                },
                "Mi": {
                    "Original": {
                        "__old": 29.84915951402978,
                        "__new": 64.58803665956509
                    },
                    "Sei": {
                        "__old": 5.021060152791847,
                        "__new": 41.31855991679847
                    },
                    "Visual Studio": {
                        "__old": 17.455648838613907,
                        "__new": 37.77078167226029
                    }
                }
            }
        ]
    ]
}