{
    "SLOC": {
        "__old": 75,
        "__new": 50
    },
    "PLOC": {
        "__old": 56,
        "__new": 36
    },
    "LLOC": {
        "__old": 74,
        "__new": 25
    },
    "CLOC": {
        "__old": 7,
        "__new": 5
    },
    "BLANK": {
        "__old": 12,
        "__new": 9
    },
    "CC": {
        "__old": 12,
        "__new": 8
    },
    "COGNITIVE_SUM": {
        "__old": 5,
        "__new": 7
    },
    "COGNITIVE_AVG": {
        "__old": 0.7142857142857143,
        "__new": 2.3333333333333335
    },
    "NARGS_SUM": {
        "__old": 14,
        "__new": 4
    },
    "NARGS_AVG": {
        "__old": 2,
        "__new": 1.3333333333333333
    },
    "NEXITS": {
        "__old": 3,
        "__new": 4
    },
    "NOM": {
        "functions": {
            "__old": 4,
            "__new": 3
        },
        "closures": {
            "__old": 3,
            "__new": 0
        },
        "total": {
            "__old": 7,
            "__new": 3
        }
    },
    "HALSTEAD": {
        "n1": {
            "__old": 22,
            "__new": 20
        },
        "n2": {
            "__old": 43,
            "__new": 27
        },
        "N1": {
            "__old": 193,
            "__new": 115
        },
        "N2": {
            "__old": 140,
            "__new": 85
        },
        "Vocabulary": {
            "__old": 65,
            "__new": 47
        },
        "Length": {
            "__old": 333,
            "__new": 200
        },
        "Volume": {
            "__old": 2005.4484817384753,
            "__new": 1110.9177703355276
        },
        "Difficulty": {
            "__old": 35.81395348837209,
            "__new": 31.48148148148148
        },
        "Level": {
            "__old": 0.02792207792207792,
            "__new": 0.031764705882352945
        },
        "Effort": {
            "__old": 71823.03864830818,
            "__new": 34973.33721426661
        },
        "Programming time": {
            "__old": 3990.168813794899,
            "__new": 1942.9631785703673
        },
        "Bugs": {
            "__old": 0.5759541722145377,
            "__new": 0.35648133497983825
        },
        "Estimated program length": {
            "__old": 331.4368800622107,
            "__new": 214.8205244561609
        },
        "Purity ratio": {
            "__old": 0.9953059461327649,
            "__new": 1.0741026222808046
        }
    },
    "MI": {
        "Original": {
            "__old": 58.75785297946959,
            "__new": 69.31793009349876
        },
        "Sei": {
            "__old": 33.08134287773029,
            "__new": 48.64513299274641
        },
        "Visual Studio": {
            "__old": 34.36131753185356,
            "__new": 40.53680122426828
        }
    },
    "files": [
        [
            "~",
            {
                "filename": {
                    "__old": "Assets/Rust/binarytrees.rs",
                    "__new": "Assets/JavaScript/binarytrees.js"
                },
                "SLOC": {
                    "__old": 75,
                    "__new": 50
                },
                "PLOC": {
                    "__old": 56,
                    "__new": 36
                },
                "LLOC": {
                    "__old": 74,
                    "__new": 25
                },
                "CLOC": {
                    "__old": 7,
                    "__new": 5
                },
                "BLANK": {
                    "__old": 12,
                    "__new": 9
                },
                "CC": {
                    "__old": 12,
                    "__new": 8
                },
                "COGNITIVE_SUM": {
                    "__old": 5,
                    "__new": 7
                },
                "COGNITIVE_AVG": {
                    "__old": 0.7142857142857143,
                    "__new": 2.3333333333333335
                },
                "NARGS_SUM": {
                    "__old": 14,
                    "__new": 4
                },
                "NARGS_AVG": {
                    "__old": 2,
                    "__new": 1.3333333333333333
                },
                "NEXITS": {
                    "__old": 3,
                    "__new": 4
                },
                "NOM": {
                    "functions": {
                        "__old": 4,
                        "__new": 3
                    },
                    "closures": {
                        "__old": 3,
                        "__new": 0
                    },
                    "total": {
                        "__old": 7,
                        "__new": 3
                    }
                },
                "Halstead": {
                    "n1": {
                        "__old": 22,
                        "__new": 20
                    },
                    "n2": {
                        "__old": 43,
                        "__new": 27
                    },
                    "N1": {
                        "__old": 193,
                        "__new": 115
                    },
                    "N2": {
                        "__old": 140,
                        "__new": 85
                    },
                    "Vocabulary": {
                        "__old": 65,
                        "__new": 47
                    },
                    "Length": {
                        "__old": 333,
                        "__new": 200
                    },
                    "Volume": {
                        "__old": 2005.4484817384753,
                        "__new": 1110.9177703355276
                    },
                    "Difficulty": {
                        "__old": 35.81395348837209,
                        "__new": 31.48148148148148
                    },
                    "Level": {
                        "__old": 0.02792207792207792,
                        "__new": 0.031764705882352945
                    },
                    "Effort": {
                        "__old": 71823.03864830818,
                        "__new": 34973.33721426661
                    },
                    "Programming time": {
                        "__old": 3990.168813794899,
                        "__new": 1942.9631785703673
                    },
                    "Bugs": {
                        "__old": 0.5759541722145377,
                        "__new": 0.35648133497983825
                    },
                    "Estimated program length": {
                        "__old": 331.4368800622107,
                        "__new": 214.8205244561609
                    },
                    "Purity ratio": {
                        "__old": 0.9953059461327649,
                        "__new": 1.0741026222808046
                    }
                },
                "Mi": {
                    "Original": {
                        "__old": 58.75785297946959,
                        "__new": 69.31793009349876
                    },
                    "Sei": {
                        "__old": 33.08134287773029,
                        "__new": 48.64513299274641
                    },
                    "Visual Studio": {
                        "__old": 34.36131753185356,
                        "__new": 40.53680122426828
                    }
                }
            }
        ]
    ]
}