{
    "SLOC": {
        "__old": 145,
        "__new": 52
    },
    "PLOC": {
        "__old": 95,
        "__new": 41
    },
    "LLOC": {
        "__old": 133,
        "__new": 60
    },
    "CLOC": {
        "__old": 33,
        "__new": 16
    },
    "BLANK": {
        "__old": 17,
        "__new": 0
    },
    "CC": {
        "__old": 22,
        "__new": 16
    },
    "NEXITS": {
        "__old": 2,
        "__new": 1
    },
    "NOM": {
        "functions": {
            "__old": 2,
            "__new": 1
        },
        "closures": {
            "__old": 4,
            "__new": 0
        },
        "total": {
            "__old": 6,
            "__new": 1
        }
    },
    "HALSTEAD": {
        "n1": {
            "__old": 32,
            "__new": 25
        },
        "n2": {
            "__old": 48,
            "__new": 27
        },
        "N1": {
            "__old": 286,
            "__new": 182
        },
        "N2": {
            "__old": 228,
            "__new": 162
        },
        "Vocabulary": {
            "__old": 80,
            "__new": 52
        },
        "Length": {
            "__old": 514,
            "__new": 344
        },
        "Volume": {
            "__old": 3249.4710407721045,
            "__new": 1960.9512630405357
        },
        "Difficulty": {
            "__old": 76,
            "__new": 75
        },
        "Level": {
            "__old": 0.013157894736842105,
            "__new": 0.013333333333333334
        },
        "Effort": {
            "__old": 246959.79909867994,
            "__new": 147071.34472804016
        },
        "Programming time": {
            "__old": 13719.988838815552,
            "__new": 8170.630262668898
        },
        "Bugs": {
            "__old": 1.3120878705738475,
            "__new": 0.9287470646953468
        },
        "Estimated program length": {
            "__old": 428.0782000346155,
            "__new": 244.47836730278175
        },
        "Purity ratio": {
            "__old": 0.8328369650478901,
            "__new": 0.7106929282057609
        }
    },
    "MI": {
        "Original": {
            "__old": 43.26842634474846,
            "__new": 63.887689900566386
        },
        "Sei": {
            "__old": 22.64193201844158,
            "__new": 55.96923838032948
        },
        "Visual Studio": {
            "__old": 25.30317330102249,
            "__new": 37.36122216407391
        }
    },
    "files": [
        [
            "~",
            {
                "filename": {
                    "__old": "Assets/Rust/fannkuchredux.rs",
                    "__new": "Assets/JavaScript/fannkuchredux.js"
                },
                "SLOC": {
                    "__old": 145,
                    "__new": 52
                },
                "PLOC": {
                    "__old": 95,
                    "__new": 41
                },
                "LLOC": {
                    "__old": 133,
                    "__new": 60
                },
                "CLOC": {
                    "__old": 33,
                    "__new": 16
                },
                "BLANK": {
                    "__old": 17,
                    "__new": 0
                },
                "CC": {
                    "__old": 22,
                    "__new": 16
                },
                "NEXITS": {
                    "__old": 2,
                    "__new": 1
                },
                "NOM": {
                    "functions": {
                        "__old": 2,
                        "__new": 1
                    },
                    "closures": {
                        "__old": 4,
                        "__new": 0
                    },
                    "total": {
                        "__old": 6,
                        "__new": 1
                    }
                },
                "Halstead": {
                    "n1": {
                        "__old": 32,
                        "__new": 25
                    },
                    "n2": {
                        "__old": 48,
                        "__new": 27
                    },
                    "N1": {
                        "__old": 286,
                        "__new": 182
                    },
                    "N2": {
                        "__old": 228,
                        "__new": 162
                    },
                    "Vocabulary": {
                        "__old": 80,
                        "__new": 52
                    },
                    "Length": {
                        "__old": 514,
                        "__new": 344
                    },
                    "Volume": {
                        "__old": 3249.4710407721045,
                        "__new": 1960.9512630405357
                    },
                    "Difficulty": {
                        "__old": 76,
                        "__new": 75
                    },
                    "Level": {
                        "__old": 0.013157894736842105,
                        "__new": 0.013333333333333334
                    },
                    "Effort": {
                        "__old": 246959.79909867994,
                        "__new": 147071.34472804016
                    },
                    "Programming time": {
                        "__old": 13719.988838815552,
                        "__new": 8170.630262668898
                    },
                    "Bugs": {
                        "__old": 1.3120878705738475,
                        "__new": 0.9287470646953468
                    },
                    "Estimated program length": {
                        "__old": 428.0782000346155,
                        "__new": 244.47836730278175
                    },
                    "Purity ratio": {
                        "__old": 0.8328369650478901,
                        "__new": 0.7106929282057609
                    }
                },
                "Mi": {
                    "Original": {
                        "__old": 43.26842634474846,
                        "__new": 63.887689900566386
                    },
                    "Sei": {
                        "__old": 22.64193201844158,
                        "__new": 55.96923838032948
                    },
                    "Visual Studio": {
                        "__old": 25.30317330102249,
                        "__new": 37.36122216407391
                    }
                }
            }
        ]
    ]
}