{
    "SLOC": {
        "__old": 221,
        "__new": 242
    },
    "PLOC": {
        "__old": 183,
        "__new": 177
    },
    "LLOC": {
        "__old": 84,
        "__new": 97
    },
    "CLOC": {
        "__old": 6,
        "__new": 5
    },
    "BLANK": {
        "__old": 32,
        "__new": 60
    },
    "CC_SUM": {
        "__old": 38,
        "__new": 35
    },
    "CC_AVG": {
        "__old": 2,
        "__new": 1.5909090909090908
    },
    "COGNITIVE_SUM": {
        "__old": 20,
        "__new": 23
    },
    "COGNITIVE_AVG": {
        "__old": 1.25,
        "__new": 1.3529411764705883
    },
    "NARGS_SUM": {
        "__old": 38,
        "__new": 22
    },
    "NARGS_AVG": {
        "__old": 2.375,
        "__new": 1.2941176470588236
    },
    "NEXITS": {
        "__old": 10,
        "__new": 17
    },
    "NEXITS_AVG": {
        "__old": 0.625,
        "__new": 1
    },
    "NOM": {
        "functions": {
            "__old": 11,
            "__new": 13
        },
        "closures": {
            "__old": 5,
            "__new": 4
        },
        "total": {
            "__old": 16,
            "__new": 17
        }
    },
    "HALSTEAD": {
        "n2": {
            "__old": 123,
            "__new": 105
        },
        "N1": {
            "__old": 578,
            "__new": 549
        },
        "N2": {
            "__old": 358,
            "__new": 330
        },
        "Vocabulary": {
            "__old": 154,
            "__new": 136
        },
        "Length": {
            "__old": 936,
            "__new": 879
        },
        "Volume": {
            "__old": 6801.712202090427,
            "__new": 6229.879837459048
        },
        "Difficulty": {
            "__old": 45.113821138211385,
            "__new": 48.714285714285715
        },
        "Level": {
            "__old": 0.0221661560641557,
            "__new": 0.020527859237536656
        },
        "Effort": {
            "__old": 306851.2277186974,
            "__new": 303484.1463676479
        },
        "Programming time": {
            "__old": 17047.290428816523,
            "__new": 16860.23035375822
        },
        "Bugs": {
            "__old": 1.5164589389453085,
            "__new": 1.5053451393999506
        },
        "Estimated program length": {
            "__old": 1007.5093697787196,
            "__new": 858.575864976936
        },
        "Purity ratio": {
            "__old": 1.0763988993362388,
            "__new": 0.9767643515095973
        }
    },
    "MI": {
        "Original": {
            "__old": 28.92013003516172,
            "__new": 28.59622475214701
        },
        "Sei": {
            "__old": -17.483852860928224,
            "__new": -19.839270012434973
        },
        "Visual Studio": {
            "__old": 16.912356745708607,
            "__new": 16.722938451547957
        }
    },
    "files": [
        [
            "~",
            {
                "filename": {
                    "__old": "Assets/Rust/fasta.rs",
                    "__new": "Assets/JavaScript/fasta.js"
                },
                "SLOC": {
                    "__old": 221,
                    "__new": 242
                },
                "PLOC": {
                    "__old": 183,
                    "__new": 177
                },
                "LLOC": {
                    "__old": 84,
                    "__new": 97
                },
                "CLOC": {
                    "__old": 6,
                    "__new": 5
                },
                "BLANK": {
                    "__old": 32,
                    "__new": 60
                },
                "CC_SUM": {
                    "__old": 38,
                    "__new": 35
                },
                "CC_AVG": {
                    "__old": 2,
                    "__new": 1.5909090909090908
                },
                "COGNITIVE_SUM": {
                    "__old": 20,
                    "__new": 23
                },
                "COGNITIVE_AVG": {
                    "__old": 1.25,
                    "__new": 1.3529411764705883
                },
                "NARGS_SUM": {
                    "__old": 38,
                    "__new": 22
                },
                "NARGS_AVG": {
                    "__old": 2.375,
                    "__new": 1.2941176470588236
                },
                "NEXITS": {
                    "__old": 10,
                    "__new": 17
                },
                "NEXITS_AVG": {
                    "__old": 0.625,
                    "__new": 1
                },
                "NOM": {
                    "functions": {
                        "__old": 11,
                        "__new": 13
                    },
                    "closures": {
                        "__old": 5,
                        "__new": 4
                    },
                    "total": {
                        "__old": 16,
                        "__new": 17
                    }
                },
                "Halstead": {
                    "n2": {
                        "__old": 123,
                        "__new": 105
                    },
                    "N1": {
                        "__old": 578,
                        "__new": 549
                    },
                    "N2": {
                        "__old": 358,
                        "__new": 330
                    },
                    "Vocabulary": {
                        "__old": 154,
                        "__new": 136
                    },
                    "Length": {
                        "__old": 936,
                        "__new": 879
                    },
                    "Volume": {
                        "__old": 6801.712202090427,
                        "__new": 6229.879837459048
                    },
                    "Difficulty": {
                        "__old": 45.113821138211385,
                        "__new": 48.714285714285715
                    },
                    "Level": {
                        "__old": 0.0221661560641557,
                        "__new": 0.020527859237536656
                    },
                    "Effort": {
                        "__old": 306851.2277186974,
                        "__new": 303484.1463676479
                    },
                    "Programming time": {
                        "__old": 17047.290428816523,
                        "__new": 16860.23035375822
                    },
                    "Bugs": {
                        "__old": 1.5164589389453085,
                        "__new": 1.5053451393999506
                    },
                    "Estimated program length": {
                        "__old": 1007.5093697787196,
                        "__new": 858.575864976936
                    },
                    "Purity ratio": {
                        "__old": 1.0763988993362388,
                        "__new": 0.9767643515095973
                    }
                },
                "Mi": {
                    "Original": {
                        "__old": 28.92013003516172,
                        "__new": 28.59622475214701
                    },
                    "Sei": {
                        "__old": -17.483852860928224,
                        "__new": -19.839270012434973
                    },
                    "Visual Studio": {
                        "__old": 16.912356745708607,
                        "__new": 16.722938451547957
                    }
                }
            }
        ]
    ]
}