{
    "SLOC": {
        "__old": 196,
        "__new": 92
    },
    "PLOC": {
        "__old": 174,
        "__new": 76
    },
    "LLOC": {
        "__old": 191,
        "__new": 64
    },
    "BLANK": {
        "__old": 15,
        "__new": 9
    },
    "CC": {
        "__old": 59,
        "__new": 28
    },
    "NEXITS": {
        "__old": 11,
        "__new": 5
    },
    "NOM": {
        "functions": {
            "__old": 16,
            "__new": 11
        },
        "closures": {
            "__old": 5,
            "__new": 1
        },
        "total": {
            "__old": 21,
            "__new": 12
        }
    },
    "HALSTEAD": {
        "n1": {
            "__old": 33,
            "__new": 30
        },
        "n2": {
            "__old": 107,
            "__new": 68
        },
        "N1": {
            "__old": 547,
            "__new": 283
        },
        "N2": {
            "__old": 337,
            "__new": 200
        },
        "Vocabulary": {
            "__old": 140,
            "__new": 98
        },
        "Length": {
            "__old": 884,
            "__new": 483
        },
        "Volume": {
            "__old": 6302.2861869793505,
            "__new": 3194.9048547076454
        },
        "Difficulty": {
            "__old": 51.967289719626166,
            "__new": 44.11764705882353
        },
        "Level": {
            "__old": 0.01924287384228037,
            "__new": 0.02266666666666667
        },
        "Effort": {
            "__old": 327512.73217475397,
            "__new": 140951.68476651376
        },
        "Programming time": {
            "__old": 18195.15178748633,
            "__new": 7830.649153695209
        },
        "Bugs": {
            "__old": 1.583789783999874,
            "__new": 0.9028014739671906
        },
        "Estimated program length": {
            "__old": 887.8019734837518,
            "__new": 561.1541910732786
        },
        "Purity ratio": {
            "__old": 1.0043008749816196,
            "__new": 1.161809919406374
        }
    },
    "MI": {
        "Original": {
            "__old": 26.431470306919564,
            "__new": 49.346599599748785
        },
        "Sei": {
            "__old": -17.130655094041984,
            "__new": 19.06419873801134
        },
        "Visual Studio": {
            "__old": 15.457000179485124,
            "__new": 28.857660584648414
        }
    },
    "files": [
        [
            "~",
            {
                "filename": {
                    "__old": "Assets/Rust/knucleotide.rs",
                    "__new": "Assets/JavaScript/knucleotide.js"
                },
                "SLOC": {
                    "__old": 196,
                    "__new": 92
                },
                "PLOC": {
                    "__old": 174,
                    "__new": 76
                },
                "LLOC": {
                    "__old": 191,
                    "__new": 64
                },
                "BLANK": {
                    "__old": 15,
                    "__new": 9
                },
                "CC": {
                    "__old": 59,
                    "__new": 28
                },
                "NEXITS": {
                    "__old": 11,
                    "__new": 5
                },
                "NOM": {
                    "functions": {
                        "__old": 16,
                        "__new": 11
                    },
                    "closures": {
                        "__old": 5,
                        "__new": 1
                    },
                    "total": {
                        "__old": 21,
                        "__new": 12
                    }
                },
                "Halstead": {
                    "n1": {
                        "__old": 33,
                        "__new": 30
                    },
                    "n2": {
                        "__old": 107,
                        "__new": 68
                    },
                    "N1": {
                        "__old": 547,
                        "__new": 283
                    },
                    "N2": {
                        "__old": 337,
                        "__new": 200
                    },
                    "Vocabulary": {
                        "__old": 140,
                        "__new": 98
                    },
                    "Length": {
                        "__old": 884,
                        "__new": 483
                    },
                    "Volume": {
                        "__old": 6302.2861869793505,
                        "__new": 3194.9048547076454
                    },
                    "Difficulty": {
                        "__old": 51.967289719626166,
                        "__new": 44.11764705882353
                    },
                    "Level": {
                        "__old": 0.01924287384228037,
                        "__new": 0.02266666666666667
                    },
                    "Effort": {
                        "__old": 327512.73217475397,
                        "__new": 140951.68476651376
                    },
                    "Programming time": {
                        "__old": 18195.15178748633,
                        "__new": 7830.649153695209
                    },
                    "Bugs": {
                        "__old": 1.583789783999874,
                        "__new": 0.9028014739671906
                    },
                    "Estimated program length": {
                        "__old": 887.8019734837518,
                        "__new": 561.1541910732786
                    },
                    "Purity ratio": {
                        "__old": 1.0043008749816196,
                        "__new": 1.161809919406374
                    }
                },
                "Mi": {
                    "Original": {
                        "__old": 26.431470306919564,
                        "__new": 49.346599599748785
                    },
                    "Sei": {
                        "__old": -17.130655094041984,
                        "__new": 19.06419873801134
                    },
                    "Visual Studio": {
                        "__old": 15.457000179485124,
                        "__new": 28.857660584648414
                    }
                }
            }
        ]
    ]
}