{
    "SLOC": {
        "__old": 143,
        "__new": 99
    },
    "PLOC": {
        "__old": 119,
        "__new": 76
    },
    "LLOC": {
        "__old": 137,
        "__new": 51
    },
    "CLOC": {
        "__old": 6,
        "__new": 11
    },
    "BLANK": {
        "__old": 18,
        "__new": 12
    },
    "CC_SUM": {
        "__old": 28,
        "__new": 17
    },
    "CC_AVG": {
        "__old": 1.4736842105263157,
        "__new": 4.25
    },
    "COGNITIVE_SUM": {
        "__old": 10,
        "__new": 26
    },
    "COGNITIVE_AVG": {
        "__old": 0.7142857142857143,
        "__new": 8.666666666666666
    },
    "NARGS_SUM": {
        "__old": 30,
        "__new": 3
    },
    "NARGS_AVG": {
        "__old": 2.142857142857143,
        "__new": 1
    },
    "NEXITS": {
        "__old": 8,
        "__new": 1
    },
    "NOM": {
        "functions": {
            "__old": 9,
            "__new": 3
        },
        "closures": {
            "__old": 5,
            "__new": 0
        },
        "total": {
            "__old": 14,
            "__new": 3
        }
    },
    "HALSTEAD": {
        "n1": {
            "__old": 26,
            "__new": 29
        },
        "n2": {
            "__old": 76,
            "__new": 56
        },
        "N1": {
            "__old": 322,
            "__new": 229
        },
        "N2": {
            "__old": 228,
            "__new": 179
        },
        "Vocabulary": {
            "__old": 102,
            "__new": 85
        },
        "Length": {
            "__old": 550,
            "__new": 408
        },
        "Volume": {
            "__old": 3669.833938084322,
            "__new": 2615.0315019441823
        },
        "Difficulty": {
            "__old": 39,
            "__new": 46.348214285714285
        },
        "Level": {
            "__old": 0.02564102564102564,
            "__new": 0.021575804276632634
        },
        "Effort": {
            "__old": 143123.52358528855,
            "__new": 121202.04041600223
        },
        "Programming time": {
            "__old": 7951.306865849364,
            "__new": 6733.446689777902
        },
        "Bugs": {
            "__old": 0.9120516325555061,
            "__new": 0.8163668592877504
        },
        "Estimated program length": {
            "__old": 597.0539236933809,
            "__new": 466.09332449392537
        },
        "Purity ratio": {
            "__old": 1.0855525885334196,
            "__new": 1.142385599249817
        }
    },
    "MI": {
        "Original": {
            "__old": 41.48082819374778,
            "__new": 51.730095027912654
        },
        "Sei": {
            "__old": 2.595911126556201,
            "__new": 25.34837941970405
        },
        "Visual Studio": {
            "__old": 24.25779426534958,
            "__new": 30.25151756018284
        }
    },
    "files": [
        [
            "~",
            {
                "filename": {
                    "__old": "Assets/Rust/mandelbrot.rs",
                    "__new": "Assets/JavaScript/mandelbrot.js"
                },
                "SLOC": {
                    "__old": 143,
                    "__new": 99
                },
                "PLOC": {
                    "__old": 119,
                    "__new": 76
                },
                "LLOC": {
                    "__old": 137,
                    "__new": 51
                },
                "CLOC": {
                    "__old": 6,
                    "__new": 11
                },
                "BLANK": {
                    "__old": 18,
                    "__new": 12
                },
                "CC_SUM": {
                    "__old": 28,
                    "__new": 17
                },
                "CC_AVG": {
                    "__old": 1.4736842105263157,
                    "__new": 4.25
                },
                "COGNITIVE_SUM": {
                    "__old": 10,
                    "__new": 26
                },
                "COGNITIVE_AVG": {
                    "__old": 0.7142857142857143,
                    "__new": 8.666666666666666
                },
                "NARGS_SUM": {
                    "__old": 30,
                    "__new": 3
                },
                "NARGS_AVG": {
                    "__old": 2.142857142857143,
                    "__new": 1
                },
                "NEXITS": {
                    "__old": 8,
                    "__new": 1
                },
                "NOM": {
                    "functions": {
                        "__old": 9,
                        "__new": 3
                    },
                    "closures": {
                        "__old": 5,
                        "__new": 0
                    },
                    "total": {
                        "__old": 14,
                        "__new": 3
                    }
                },
                "Halstead": {
                    "n1": {
                        "__old": 26,
                        "__new": 29
                    },
                    "n2": {
                        "__old": 76,
                        "__new": 56
                    },
                    "N1": {
                        "__old": 322,
                        "__new": 229
                    },
                    "N2": {
                        "__old": 228,
                        "__new": 179
                    },
                    "Vocabulary": {
                        "__old": 102,
                        "__new": 85
                    },
                    "Length": {
                        "__old": 550,
                        "__new": 408
                    },
                    "Volume": {
                        "__old": 3669.833938084322,
                        "__new": 2615.0315019441823
                    },
                    "Difficulty": {
                        "__old": 39,
                        "__new": 46.348214285714285
                    },
                    "Level": {
                        "__old": 0.02564102564102564,
                        "__new": 0.021575804276632634
                    },
                    "Effort": {
                        "__old": 143123.52358528855,
                        "__new": 121202.04041600223
                    },
                    "Programming time": {
                        "__old": 7951.306865849364,
                        "__new": 6733.446689777902
                    },
                    "Bugs": {
                        "__old": 0.9120516325555061,
                        "__new": 0.8163668592877504
                    },
                    "Estimated program length": {
                        "__old": 597.0539236933809,
                        "__new": 466.09332449392537
                    },
                    "Purity ratio": {
                        "__old": 1.0855525885334196,
                        "__new": 1.142385599249817
                    }
                },
                "Mi": {
                    "Original": {
                        "__old": 41.48082819374778,
                        "__new": 51.730095027912654
                    },
                    "Sei": {
                        "__old": 2.595911126556201,
                        "__new": 25.34837941970405
                    },
                    "Visual Studio": {
                        "__old": 24.25779426534958,
                        "__new": 30.25151756018284
                    }
                }
            }
        ]
    ]
}