{
    "SLOC": {
        "__old": 204,
        "__new": 162
    },
    "PLOC": {
        "__old": 157,
        "__new": 135
    },
    "LLOC": {
        "__old": 204,
        "__new": 79
    },
    "CLOC": {
        "__old": 24,
        "__new": 3
    },
    "BLANK": {
        "__old": 23,
        "__new": 24
    },
    "CC": {
        "__old": 36,
        "__new": 18
    },
    "COGNITIVE_SUM": {
        "__old": 6,
        "__new": 9
    },
    "COGNITIVE_AVG": {
        "__old": 0.3157894736842105,
        "__new": 0.9
    },
    "NARGS_SUM": {
        "__old": 41,
        "__new": 12
    },
    "NARGS_AVG": {
        "__old": 2.1578947368421053,
        "__new": 1.2
    },
    "NEXITS": {
        "__old": 9,
        "__new": 7
    },
    "NOM": {
        "functions": {
            "__old": 14,
            "__new": 10
        },
        "closures": {
            "__old": 5,
            "__new": 0
        },
        "total": {
            "__old": 19,
            "__new": 10
        }
    },
    "HALSTEAD": {
        "n1": {
            "__old": 26,
            "__new": 18
        },
        "n2": {
            "__old": 100,
            "__new": 80
        },
        "N1": {
            "__old": 573,
            "__new": 410
        },
        "N2": {
            "__old": 353,
            "__new": 311
        },
        "Vocabulary": {
            "__old": 126,
            "__new": 98
        },
        "Length": {
            "__old": 926,
            "__new": 721
        },
        "Volume": {
            "__old": 6460.961209160923,
            "__new": 4769.2057976070655
        },
        "Difficulty": {
            "__old": 45.89,
            "__new": 34.9875
        },
        "Level": {
            "__old": 0.021791239921551537,
            "__new": 0.0285816362986781
        },
        "Effort": {
            "__old": 296493.5098883948,
            "__new": 166862.5878437772
        },
        "Programming time": {
            "__old": 16471.861660466377,
            "__new": 9270.143769098733
        },
        "Bugs": {
            "__old": 1.4821387872186218,
            "__new": 1.0103024242212915
        },
        "Estimated program length": {
            "__old": 786.5970516491408,
            "__new": 580.8128976169506
        },
        "Purity ratio": {
            "__old": 0.8494568592323335,
            "__new": 0.8055657387197651
        }
    },
    "MI": {
        "Original": {
            "__old": 30.94408252530617,
            "__new": 40.39727700229028
        },
        "Sei": {
            "__old": -2.0567631101561155,
            "__new": -5.12412539241763
        },
        "Visual Studio": {
            "__old": 18.095954693161502,
            "__new": 23.624138597830573
        }
    },
    "files": [
        [
            "~",
            {
                "filename": {
                    "__old": "Assets/Rust/nbody.rs",
                    "__new": "Assets/JavaScript/nbody.js"
                },
                "SLOC": {
                    "__old": 204,
                    "__new": 162
                },
                "PLOC": {
                    "__old": 157,
                    "__new": 135
                },
                "LLOC": {
                    "__old": 204,
                    "__new": 79
                },
                "CLOC": {
                    "__old": 24,
                    "__new": 3
                },
                "BLANK": {
                    "__old": 23,
                    "__new": 24
                },
                "CC": {
                    "__old": 36,
                    "__new": 18
                },
                "COGNITIVE_SUM": {
                    "__old": 6,
                    "__new": 9
                },
                "COGNITIVE_AVG": {
                    "__old": 0.3157894736842105,
                    "__new": 0.9
                },
                "NARGS_SUM": {
                    "__old": 41,
                    "__new": 12
                },
                "NARGS_AVG": {
                    "__old": 2.1578947368421053,
                    "__new": 1.2
                },
                "NEXITS": {
                    "__old": 9,
                    "__new": 7
                },
                "NOM": {
                    "functions": {
                        "__old": 14,
                        "__new": 10
                    },
                    "closures": {
                        "__old": 5,
                        "__new": 0
                    },
                    "total": {
                        "__old": 19,
                        "__new": 10
                    }
                },
                "Halstead": {
                    "n1": {
                        "__old": 26,
                        "__new": 18
                    },
                    "n2": {
                        "__old": 100,
                        "__new": 80
                    },
                    "N1": {
                        "__old": 573,
                        "__new": 410
                    },
                    "N2": {
                        "__old": 353,
                        "__new": 311
                    },
                    "Vocabulary": {
                        "__old": 126,
                        "__new": 98
                    },
                    "Length": {
                        "__old": 926,
                        "__new": 721
                    },
                    "Volume": {
                        "__old": 6460.961209160923,
                        "__new": 4769.2057976070655
                    },
                    "Difficulty": {
                        "__old": 45.89,
                        "__new": 34.9875
                    },
                    "Level": {
                        "__old": 0.021791239921551537,
                        "__new": 0.0285816362986781
                    },
                    "Effort": {
                        "__old": 296493.5098883948,
                        "__new": 166862.5878437772
                    },
                    "Programming time": {
                        "__old": 16471.861660466377,
                        "__new": 9270.143769098733
                    },
                    "Bugs": {
                        "__old": 1.4821387872186218,
                        "__new": 1.0103024242212915
                    },
                    "Estimated program length": {
                        "__old": 786.5970516491408,
                        "__new": 580.8128976169506
                    },
                    "Purity ratio": {
                        "__old": 0.8494568592323335,
                        "__new": 0.8055657387197651
                    }
                },
                "Mi": {
                    "Original": {
                        "__old": 30.94408252530617,
                        "__new": 40.39727700229028
                    },
                    "Sei": {
                        "__old": -2.0567631101561155,
                        "__new": -5.12412539241763
                    },
                    "Visual Studio": {
                        "__old": 18.095954693161502,
                        "__new": 23.624138597830573
                    }
                }
            }
        ]
    ]
}