{
    "SLOC": {
        "__old": 86,
        "__new": 33
    },
    "PLOC": {
        "__old": 54,
        "__new": 22
    },
    "LLOC": {
        "__old": 67,
        "__new": 10
    },
    "CLOC": {
        "__old": 19,
        "__new": 8
    },
    "BLANK": {
        "__old": 13,
        "__new": 3
    },
    "CC": {
        "__old": 10,
        "__new": 4
    },
    "NEXITS": {
        "__old": 1,
        "__new": 0
    },
    "NOM": {
        "functions": {
            "__old": 2,
            "__new": 0
        },
        "closures": {
            "__old": 1,
            "__new": 0
        },
        "total": {
            "__old": 3,
            "__new": 0
        }
    },
    "HALSTEAD": {
        "n1": {
            "__old": 21,
            "__new": 14
        },
        "n2": {
            "__old": 70,
            "__new": 23
        },
        "N1": {
            "__old": 163,
            "__new": 113
        },
        "N2": {
            "__old": 136,
            "__new": 50
        },
        "Vocabulary": {
            "__old": 91,
            "__new": 37
        },
        "Length": {
            "__old": 299,
            "__new": 163
        },
        "Volume": {
            "__old": 1945.8305974194102,
            "__new": 849.1408985975189
        },
        "Difficulty": {
            "__old": 20.4,
            "__new": 15.217391304347826
        },
        "Level": {
            "__old": 0.04901960784313726,
            "__new": 0.06571428571428571
        },
        "Effort": {
            "__old": 39694.94418735596,
            "__new": 12921.709326483984
        },
        "Programming time": {
            "__old": 2205.274677075331,
            "__new": 717.8727403602213
        },
        "Bugs": {
            "__old": 0.38788430677563934,
            "__new": 0.18355183201932318
        },
        "Estimated program length": {
            "__old": 521.2884770645016,
            "__new": 157.34489389811776
        },
        "Purity ratio": {
            "__old": 1.7434397226237512,
            "__new": 0.9653060975344648
        }
    },
    "MI": {
        "Original": {
            "__old": 57.15766392288438,
            "__new": 78.36660682386069
        },
        "Sei": {
            "__old": 41.053693253235366,
            "__new": 72.31187482648421
        },
        "Visual Studio": {
            "__old": 33.425534457827126,
            "__new": 45.82842504319339
        }
    },
    "files": [
        [
            "~",
            {
                "filename": {
                    "__old": "Assets/Rust/regexredux.rs",
                    "__new": "Assets/JavaScript/regexredux.js"
                },
                "SLOC": {
                    "__old": 86,
                    "__new": 33
                },
                "PLOC": {
                    "__old": 54,
                    "__new": 22
                },
                "LLOC": {
                    "__old": 67,
                    "__new": 10
                },
                "CLOC": {
                    "__old": 19,
                    "__new": 8
                },
                "BLANK": {
                    "__old": 13,
                    "__new": 3
                },
                "CC": {
                    "__old": 10,
                    "__new": 4
                },
                "NEXITS": {
                    "__old": 1,
                    "__new": 0
                },
                "NOM": {
                    "functions": {
                        "__old": 2,
                        "__new": 0
                    },
                    "closures": {
                        "__old": 1,
                        "__new": 0
                    },
                    "total": {
                        "__old": 3,
                        "__new": 0
                    }
                },
                "Halstead": {
                    "n1": {
                        "__old": 21,
                        "__new": 14
                    },
                    "n2": {
                        "__old": 70,
                        "__new": 23
                    },
                    "N1": {
                        "__old": 163,
                        "__new": 113
                    },
                    "N2": {
                        "__old": 136,
                        "__new": 50
                    },
                    "Vocabulary": {
                        "__old": 91,
                        "__new": 37
                    },
                    "Length": {
                        "__old": 299,
                        "__new": 163
                    },
                    "Volume": {
                        "__old": 1945.8305974194102,
                        "__new": 849.1408985975189
                    },
                    "Difficulty": {
                        "__old": 20.4,
                        "__new": 15.217391304347826
                    },
                    "Level": {
                        "__old": 0.04901960784313726,
                        "__new": 0.06571428571428571
                    },
                    "Effort": {
                        "__old": 39694.94418735596,
                        "__new": 12921.709326483984
                    },
                    "Programming time": {
                        "__old": 2205.274677075331,
                        "__new": 717.8727403602213
                    },
                    "Bugs": {
                        "__old": 0.38788430677563934,
                        "__new": 0.18355183201932318
                    },
                    "Estimated program length": {
                        "__old": 521.2884770645016,
                        "__new": 157.34489389811776
                    },
                    "Purity ratio": {
                        "__old": 1.7434397226237512,
                        "__new": 0.9653060975344648
                    }
                },
                "Mi": {
                    "Original": {
                        "__old": 57.15766392288438,
                        "__new": 78.36660682386069
                    },
                    "Sei": {
                        "__old": 41.053693253235366,
                        "__new": 72.31187482648421
                    },
                    "Visual Studio": {
                        "__old": 33.425534457827126,
                        "__new": 45.82842504319339
                    }
                }
            }
        ]
    ]
}