{
    "SLOC": {
        "__old": 93,
        "__new": 50
    },
    "PLOC": {
        "__old": 60,
        "__new": 39
    },
    "LLOC": {
        "__old": 27,
        "__new": 42
    },
    "CLOC": {
        "__old": 19,
        "__new": 5
    },
    "BLANK": {
        "__old": 14,
        "__new": 6
    },
    "CC_SUM": {
        "__old": 15,
        "__new": 13
    },
    "CC_AVG": {
        "__old": 1.1538461538461537,
        "__new": 2.1666666666666665
    },
    "COGNITIVE_SUM": {
        "__old": 3,
        "__new": 9
    },
    "COGNITIVE_AVG": {
        "__old": 0.25,
        "__new": 1.8
    },
    "NARGS_SUM": {
        "__old": 33,
        "__new": 10
    },
    "NARGS_AVG": {
        "__old": 2.75,
        "__new": 2
    },
    "NEXITS": {
        "__old": 3,
        "__new": 2
    },
    "NEXITS_AVG": {
        "__old": 0.25,
        "__new": 0.4
    },
    "NOM": {
        "functions": {
            "__old": 7,
            "__new": 5
        },
        "closures": {
            "__old": 5,
            "__new": 0
        },
        "total": {
            "__old": 12,
            "__new": 5
        }
    },
    "HALSTEAD": {
        "n1": {
            "__old": 21,
            "__new": 16
        },
        "n2": {
            "__old": 49,
            "__new": 23
        },
        "N1": {
            "__old": 348,
            "__new": 146
        },
        "N2": {
            "__old": 241,
            "__new": 135
        },
        "Vocabulary": {
            "__old": 70,
            "__new": 39
        },
        "Length": {
            "__old": 589,
            "__new": 281
        },
        "Volume": {
            "__old": 3610.1476969805854,
            "__new": 1485.1980235002918
        },
        "Difficulty": {
            "__old": 51.642857142857146,
            "__new": 46.95652173913044
        },
        "Level": {
            "__old": 0.01936376210235131,
            "__new": 0.021296296296296296
        },
        "Effort": {
            "__old": 186438.3417797831,
            "__new": 69739.73327740502
        },
        "Programming time": {
            "__old": 10357.685654432395,
            "__new": 3874.4296265225007
        },
        "Bugs": {
            "__old": 1.0878497084026046,
            "__new": 0.5647621722518612
        },
        "Estimated program length": {
            "__old": 367.35944823999915,
            "__new": 168.0419249893113
        },
        "Purity ratio": {
            "__old": 0.6237002516808136,
            "__new": 0.5980139679334922
        }
    },
    "MI": {
        "Original": {
            "__old": 51.52606759925594,
            "__new": 66.65804967623784
        },
        "Sei": {
            "__old": 32.382541704237,
            "__new": 45.316836002428744
        },
        "Visual Studio": {
            "__old": 30.13220327441868,
            "__new": 38.981315600139084
        }
    },
    "files": [
        [
            "~",
            {
                "filename": {
                    "__old": "Assets/Rust/spectralnorm.rs",
                    "__new": "Assets/JavaScript/spectralnorm.js"
                },
                "SLOC": {
                    "__old": 93,
                    "__new": 50
                },
                "PLOC": {
                    "__old": 60,
                    "__new": 39
                },
                "LLOC": {
                    "__old": 27,
                    "__new": 42
                },
                "CLOC": {
                    "__old": 19,
                    "__new": 5
                },
                "BLANK": {
                    "__old": 14,
                    "__new": 6
                },
                "CC_SUM": {
                    "__old": 15,
                    "__new": 13
                },
                "CC_AVG": {
                    "__old": 1.1538461538461537,
                    "__new": 2.1666666666666665
                },
                "COGNITIVE_SUM": {
                    "__old": 3,
                    "__new": 9
                },
                "COGNITIVE_AVG": {
                    "__old": 0.25,
                    "__new": 1.8
                },
                "NARGS_SUM": {
                    "__old": 33,
                    "__new": 10
                },
                "NARGS_AVG": {
                    "__old": 2.75,
                    "__new": 2
                },
                "NEXITS": {
                    "__old": 3,
                    "__new": 2
                },
                "NEXITS_AVG": {
                    "__old": 0.25,
                    "__new": 0.4
                },
                "NOM": {
                    "functions": {
                        "__old": 7,
                        "__new": 5
                    },
                    "closures": {
                        "__old": 5,
                        "__new": 0
                    },
                    "total": {
                        "__old": 12,
                        "__new": 5
                    }
                },
                "Halstead": {
                    "n1": {
                        "__old": 21,
                        "__new": 16
                    },
                    "n2": {
                        "__old": 49,
                        "__new": 23
                    },
                    "N1": {
                        "__old": 348,
                        "__new": 146
                    },
                    "N2": {
                        "__old": 241,
                        "__new": 135
                    },
                    "Vocabulary": {
                        "__old": 70,
                        "__new": 39
                    },
                    "Length": {
                        "__old": 589,
                        "__new": 281
                    },
                    "Volume": {
                        "__old": 3610.1476969805854,
                        "__new": 1485.1980235002918
                    },
                    "Difficulty": {
                        "__old": 51.642857142857146,
                        "__new": 46.95652173913044
                    },
                    "Level": {
                        "__old": 0.01936376210235131,
                        "__new": 0.021296296296296296
                    },
                    "Effort": {
                        "__old": 186438.3417797831,
                        "__new": 69739.73327740502
                    },
                    "Programming time": {
                        "__old": 10357.685654432395,
                        "__new": 3874.4296265225007
                    },
                    "Bugs": {
                        "__old": 1.0878497084026046,
                        "__new": 0.5647621722518612
                    },
                    "Estimated program length": {
                        "__old": 367.35944823999915,
                        "__new": 168.0419249893113
                    },
                    "Purity ratio": {
                        "__old": 0.6237002516808136,
                        "__new": 0.5980139679334922
                    }
                },
                "Mi": {
                    "Original": {
                        "__old": 51.52606759925594,
                        "__new": 66.65804967623784
                    },
                    "Sei": {
                        "__old": 32.382541704237,
                        "__new": 45.316836002428744
                    },
                    "Visual Studio": {
                        "__old": 30.13220327441868,
                        "__new": 38.981315600139084
                    }
                }
            }
        ]
    ]
}