{
    "SLOC": {
        "__old": 139,
        "__new": 58
    },
    "PLOC": {
        "__old": 98,
        "__new": 41
    },
    "LLOC": {
        "__old": 25,
        "__new": 24
    },
    "CLOC": {
        "__old": 15,
        "__new": 7
    },
    "BLANK": {
        "__old": 26,
        "__new": 10
    },
    "CC": {
        "__old": 19,
        "__new": 9
    },
    "COGNITIVE_SUM": {
        "__old": 8,
        "__new": 7
    },
    "COGNITIVE_AVG": {
        "__old": 0.8888888888888888,
        "__new": 2.3333333333333335
    },
    "NARGS_SUM": {
        "__old": 2,
        "__new": 3
    },
    "NARGS_AVG": {
        "__old": 0.2222222222222222,
        "__new": 1
    },
    "NEXITS": {
        "__old": 5,
        "__new": 4
    },
    "NOM": {
        "functions": {
            "__old": 9,
            "__new": 3
        },
        "total": {
            "__old": 9,
            "__new": 3
        }
    },
    "HALSTEAD": {
        "n1": {
            "__old": 28,
            "__new": 21
        },
        "n2": {
            "__old": 56,
            "__new": 26
        },
        "N1": {
            "__old": 251,
            "__new": 115
        },
        "N2": {
            "__old": 173,
            "__new": 77
        },
        "Vocabulary": {
            "__old": 84,
            "__new": 47
        },
        "Length": {
            "__old": 424,
            "__new": 192
        },
        "Volume": {
            "__old": 2710.3425872581947,
            "__new": 1066.4810595221065
        },
        "Difficulty": {
            "__old": 43.25,
            "__new": 31.096153846153847
        },
        "Level": {
            "__old": 0.023121387283236993,
            "__new": 0.032158317872603585
        },
        "Effort": {
            "__old": 117222.31689891692,
            "__new": 33163.459100908585
        },
        "Programming time": {
            "__old": 6512.3509388287175,
            "__new": 1842.4143944949215
        },
        "Bugs": {
            "__old": 0.7983970910222301,
            "__new": 0.3440740826917404
        },
        "Estimated program length": {
            "__old": 459.81781345283866,
            "__new": 214.45009855002235
        },
        "Purity ratio": {
            "__old": 1.0844759751246196,
            "__new": 1.1169275966146996
        }
    },
    "MI": {
        "Original": {
            "__old": 45.586404609681736,
            "__new": 66.89580038208805
        },
        "Sei": {
            "__old": 16.3624350913677,
            "__new": 47.35516817393005
        },
        "Visual Studio": {
            "__old": 26.658716146012715,
            "__new": 39.12035110063629
        }
    },
    "files": [
        [
            "~",
            {
                "filename": {
                    "__old": "Assets/C++/binarytrees.cpp",
                    "__new": "Assets/TypeScript/binarytrees.ts"
                },
                "SLOC": {
                    "__old": 139,
                    "__new": 58
                },
                "PLOC": {
                    "__old": 98,
                    "__new": 41
                },
                "LLOC": {
                    "__old": 25,
                    "__new": 24
                },
                "CLOC": {
                    "__old": 15,
                    "__new": 7
                },
                "BLANK": {
                    "__old": 26,
                    "__new": 10
                },
                "CC": {
                    "__old": 19,
                    "__new": 9
                },
                "COGNITIVE_SUM": {
                    "__old": 8,
                    "__new": 7
                },
                "COGNITIVE_AVG": {
                    "__old": 0.8888888888888888,
                    "__new": 2.3333333333333335
                },
                "NARGS_SUM": {
                    "__old": 2,
                    "__new": 3
                },
                "NARGS_AVG": {
                    "__old": 0.2222222222222222,
                    "__new": 1
                },
                "NEXITS": {
                    "__old": 5,
                    "__new": 4
                },
                "NOM": {
                    "functions": {
                        "__old": 9,
                        "__new": 3
                    },
                    "total": {
                        "__old": 9,
                        "__new": 3
                    }
                },
                "Halstead": {
                    "n1": {
                        "__old": 28,
                        "__new": 21
                    },
                    "n2": {
                        "__old": 56,
                        "__new": 26
                    },
                    "N1": {
                        "__old": 251,
                        "__new": 115
                    },
                    "N2": {
                        "__old": 173,
                        "__new": 77
                    },
                    "Vocabulary": {
                        "__old": 84,
                        "__new": 47
                    },
                    "Length": {
                        "__old": 424,
                        "__new": 192
                    },
                    "Volume": {
                        "__old": 2710.3425872581947,
                        "__new": 1066.4810595221065
                    },
                    "Difficulty": {
                        "__old": 43.25,
                        "__new": 31.096153846153847
                    },
                    "Level": {
                        "__old": 0.023121387283236993,
                        "__new": 0.032158317872603585
                    },
                    "Effort": {
                        "__old": 117222.31689891692,
                        "__new": 33163.459100908585
                    },
                    "Programming time": {
                        "__old": 6512.3509388287175,
                        "__new": 1842.4143944949215
                    },
                    "Bugs": {
                        "__old": 0.7983970910222301,
                        "__new": 0.3440740826917404
                    },
                    "Estimated program length": {
                        "__old": 459.81781345283866,
                        "__new": 214.45009855002235
                    },
                    "Purity ratio": {
                        "__old": 1.0844759751246196,
                        "__new": 1.1169275966146996
                    }
                },
                "Mi": {
                    "Original": {
                        "__old": 45.586404609681736,
                        "__new": 66.89580038208805
                    },
                    "Sei": {
                        "__old": 16.3624350913677,
                        "__new": 47.35516817393005
                    },
                    "Visual Studio": {
                        "__old": 26.658716146012715,
                        "__new": 39.12035110063629
                    }
                }
            }
        ]
    ]
}