{
    "SLOC": {
        "__old": 198,
        "__new": 64
    },
    "PLOC": {
        "__old": 124,
        "__new": 46
    },
    "LLOC": {
        "__old": 51,
        "__new": 58
    },
    "CLOC": {
        "__old": 41,
        "__new": 7
    },
    "BLANK": {
        "__old": 33,
        "__new": 11
    },
    "CC": {
        "__old": 28,
        "__new": 14
    },
    "NOM": {
        "functions": {
            "__old": 5,
            "__new": 1
        },
        "total": {
            "__old": 5,
            "__new": 1
        }
    },
    "HALSTEAD": {
        "n1": {
            "__old": 33,
            "__new": 26
        },
        "n2": {
            "__old": 48,
            "__new": 27
        },
        "N1": {
            "__old": 332,
            "__new": 156
        },
        "N2": {
            "__old": 235,
            "__new": 146
        },
        "Vocabulary": {
            "__old": 81,
            "__new": 53
        },
        "Length": {
            "__old": 567,
            "__new": 302
        },
        "Volume": {
            "__old": 3594.694951635582,
            "__new": 1729.831977278086
        },
        "Difficulty": {
            "__old": 80.78125,
            "__new": 70.29629629629629
        },
        "Level": {
            "__old": 0.012379110251450677,
            "__new": 0.014225500526870391
        },
        "Effort": {
            "__old": 290383.95156181185,
            "__new": 121600.78121754841
        },
        "Programming time": {
            "__old": 16132.441753433992,
            "__new": 6755.598956530467
        },
        "Bugs": {
            "__old": 1.4617075354179188,
            "__new": 0.8181563811397001
        },
        "Estimated program length": {
            "__old": 434.5432059734445,
            "__new": 250.59339523008202
        },
        "Purity ratio": {
            "__old": 0.7663901339919656,
            "__new": 0.8297794544042452
        }
    },
    "MI": {
        "Original": {
            "__old": 36.31655915490933,
            "__new": 61.63604033853822
        },
        "Sei": {
            "__old": 11.94402167986491,
            "__new": 39.15787082613978
        },
        "Visual Studio": {
            "__old": 21.23775389175984,
            "__new": 36.04446803423288
        }
    },
    "files": [
        [
            "~",
            {
                "filename": {
                    "__old": "Assets/C++/fannkuchredux.cpp",
                    "__new": "Assets/TypeScript/fannkuchredux.ts"
                },
                "SLOC": {
                    "__old": 198,
                    "__new": 64
                },
                "PLOC": {
                    "__old": 124,
                    "__new": 46
                },
                "LLOC": {
                    "__old": 51,
                    "__new": 58
                },
                "CLOC": {
                    "__old": 41,
                    "__new": 7
                },
                "BLANK": {
                    "__old": 33,
                    "__new": 11
                },
                "CC": {
                    "__old": 28,
                    "__new": 14
                },
                "NOM": {
                    "functions": {
                        "__old": 5,
                        "__new": 1
                    },
                    "total": {
                        "__old": 5,
                        "__new": 1
                    }
                },
                "Halstead": {
                    "n1": {
                        "__old": 33,
                        "__new": 26
                    },
                    "n2": {
                        "__old": 48,
                        "__new": 27
                    },
                    "N1": {
                        "__old": 332,
                        "__new": 156
                    },
                    "N2": {
                        "__old": 235,
                        "__new": 146
                    },
                    "Vocabulary": {
                        "__old": 81,
                        "__new": 53
                    },
                    "Length": {
                        "__old": 567,
                        "__new": 302
                    },
                    "Volume": {
                        "__old": 3594.694951635582,
                        "__new": 1729.831977278086
                    },
                    "Difficulty": {
                        "__old": 80.78125,
                        "__new": 70.29629629629629
                    },
                    "Level": {
                        "__old": 0.012379110251450677,
                        "__new": 0.014225500526870391
                    },
                    "Effort": {
                        "__old": 290383.95156181185,
                        "__new": 121600.78121754841
                    },
                    "Programming time": {
                        "__old": 16132.441753433992,
                        "__new": 6755.598956530467
                    },
                    "Bugs": {
                        "__old": 1.4617075354179188,
                        "__new": 0.8181563811397001
                    },
                    "Estimated program length": {
                        "__old": 434.5432059734445,
                        "__new": 250.59339523008202
                    },
                    "Purity ratio": {
                        "__old": 0.7663901339919656,
                        "__new": 0.8297794544042452
                    }
                },
                "Mi": {
                    "Original": {
                        "__old": 36.31655915490933,
                        "__new": 61.63604033853822
                    },
                    "Sei": {
                        "__old": 11.94402167986491,
                        "__new": 39.15787082613978
                    },
                    "Visual Studio": {
                        "__old": 21.23775389175984,
                        "__new": 36.04446803423288
                    }
                }
            }
        ]
    ]
}