{
    "SLOC": {
        "__old": 314,
        "__new": 128
    },
    "PLOC": {
        "__old": 251,
        "__new": 105
    },
    "LLOC": {
        "__old": 64,
        "__new": 65
    },
    "CLOC": {
        "__old": 19,
        "__new": 8
    },
    "BLANK": {
        "__old": 44,
        "__new": 15
    },
    "CC_SUM": {
        "__old": 40,
        "__new": 23
    },
    "CC_AVG": {
        "__old": 1.8181818181818181,
        "__new": 2.875
    },
    "COGNITIVE_SUM": {
        "__old": 27,
        "__new": 28
    },
    "COGNITIVE_AVG": {
        "__old": 1.35,
        "__new": 4.666666666666667
    },
    "NARGS_SUM": {
        "__old": 35,
        "__new": 8
    },
    "NARGS_AVG": {
        "__old": 1.75,
        "__new": 1.3333333333333333
    },
    "NEXITS": {
        "__old": 16,
        "__new": 1
    },
    "NOM": {
        "functions": {
            "__old": 18,
            "__new": 6
        },
        "closures": {
            "__old": 2,
            "__new": 0
        },
        "total": {
            "__old": 20,
            "__new": 6
        }
    },
    "HALSTEAD": {
        "n1": {
            "__old": 32,
            "__new": 27
        },
        "n2": {
            "__old": 130,
            "__new": 82
        },
        "N1": {
            "__old": 676,
            "__new": 482
        },
        "N2": {
            "__old": 460,
            "__new": 302
        },
        "Vocabulary": {
            "__old": 162,
            "__new": 109
        },
        "Length": {
            "__old": 1136,
            "__new": 784
        },
        "Volume": {
            "__old": 8338.069603276934,
            "__new": 5306.25651062511
        },
        "Difficulty": {
            "__old": 56.61538461538461,
            "__new": 49.71951219512195
        },
        "Level": {
            "__old": 0.01766304347826087,
            "__new": 0.020112828059847928
        },
        "Effort": {
            "__old": 472063.017539371,
            "__new": 263824.4852904704
        },
        "Programming time": {
            "__old": 26225.72319663172,
            "__new": 14656.915849470579
        },
        "Bugs": {
            "__old": 2.0209026686719946,
            "__new": 1.3711621351267889
        },
        "Estimated program length": {
            "__old": 1072.907815693699,
            "__new": 649.7012269370965
        },
        "Purity ratio": {
            "__old": 0.9444611053641716,
            "__new": 0.8287005445626231
        }
    },
    "MI": {
        "Original": {
            "__old": 21.71118119643937,
            "__new": 42.508571963936674
        },
        "Sei": {
            "__old": -21.709224960453916,
            "__new": 6.852322535981969
        },
        "Visual Studio": {
            "__old": 12.696597190900217,
            "__new": 24.858814013998057
        }
    },
    "files": [
        [
            "~",
            {
                "filename": {
                    "__old": "Assets/C++/fasta.cpp",
                    "__new": "Assets/TypeScript/fasta.ts"
                },
                "SLOC": {
                    "__old": 314,
                    "__new": 128
                },
                "PLOC": {
                    "__old": 251,
                    "__new": 105
                },
                "LLOC": {
                    "__old": 64,
                    "__new": 65
                },
                "CLOC": {
                    "__old": 19,
                    "__new": 8
                },
                "BLANK": {
                    "__old": 44,
                    "__new": 15
                },
                "CC_SUM": {
                    "__old": 40,
                    "__new": 23
                },
                "CC_AVG": {
                    "__old": 1.8181818181818181,
                    "__new": 2.875
                },
                "COGNITIVE_SUM": {
                    "__old": 27,
                    "__new": 28
                },
                "COGNITIVE_AVG": {
                    "__old": 1.35,
                    "__new": 4.666666666666667
                },
                "NARGS_SUM": {
                    "__old": 35,
                    "__new": 8
                },
                "NARGS_AVG": {
                    "__old": 1.75,
                    "__new": 1.3333333333333333
                },
                "NEXITS": {
                    "__old": 16,
                    "__new": 1
                },
                "NOM": {
                    "functions": {
                        "__old": 18,
                        "__new": 6
                    },
                    "closures": {
                        "__old": 2,
                        "__new": 0
                    },
                    "total": {
                        "__old": 20,
                        "__new": 6
                    }
                },
                "Halstead": {
                    "n1": {
                        "__old": 32,
                        "__new": 27
                    },
                    "n2": {
                        "__old": 130,
                        "__new": 82
                    },
                    "N1": {
                        "__old": 676,
                        "__new": 482
                    },
                    "N2": {
                        "__old": 460,
                        "__new": 302
                    },
                    "Vocabulary": {
                        "__old": 162,
                        "__new": 109
                    },
                    "Length": {
                        "__old": 1136,
                        "__new": 784
                    },
                    "Volume": {
                        "__old": 8338.069603276934,
                        "__new": 5306.25651062511
                    },
                    "Difficulty": {
                        "__old": 56.61538461538461,
                        "__new": 49.71951219512195
                    },
                    "Level": {
                        "__old": 0.01766304347826087,
                        "__new": 0.020112828059847928
                    },
                    "Effort": {
                        "__old": 472063.017539371,
                        "__new": 263824.4852904704
                    },
                    "Programming time": {
                        "__old": 26225.72319663172,
                        "__new": 14656.915849470579
                    },
                    "Bugs": {
                        "__old": 2.0209026686719946,
                        "__new": 1.3711621351267889
                    },
                    "Estimated program length": {
                        "__old": 1072.907815693699,
                        "__new": 649.7012269370965
                    },
                    "Purity ratio": {
                        "__old": 0.9444611053641716,
                        "__new": 0.8287005445626231
                    }
                },
                "Mi": {
                    "Original": {
                        "__old": 21.71118119643937,
                        "__new": 42.508571963936674
                    },
                    "Sei": {
                        "__old": -21.709224960453916,
                        "__new": 6.852322535981969
                    },
                    "Visual Studio": {
                        "__old": 12.696597190900217,
                        "__new": 24.858814013998057
                    }
                }
            }
        ]
    ]
}