{
    "SLOC": {
        "__old": 154,
        "__new": 78
    },
    "PLOC": {
        "__old": 134,
        "__new": 63
    },
    "LLOC": {
        "__old": 50,
        "__new": 42
    },
    "BLANK": {
        "__old": 14,
        "__new": 9
    },
    "CC": {
        "__old": 29,
        "__new": 17
    },
    "NEXITS": {
        "__old": 6,
        "__new": 1
    },
    "NOM": {
        "functions": {
            "__old": 12,
            "__new": 5
        },
        "closures": {
            "__old": 0,
            "__new": 4
        },
        "total": {
            "__old": 12,
            "__new": 9
        }
    },
    "HALSTEAD": {
        "n1": {
            "__old": 31,
            "__new": 28
        },
        "n2": {
            "__old": 74,
            "__new": 51
        },
        "N1": {
            "__old": 431,
            "__new": 200
        },
        "N2": {
            "__old": 301,
            "__new": 140
        },
        "Vocabulary": {
            "__old": 105,
            "__new": 79
        },
        "Length": {
            "__old": 732,
            "__new": 340
        },
        "Volume": {
            "__old": 4914.827718931601,
            "__new": 2143.285454380215
        },
        "Difficulty": {
            "__old": 63.0472972972973,
            "__new": 38.431372549019606
        },
        "Level": {
            "__old": 0.0158611081341764,
            "__new": 0.026020408163265306
        },
        "Effort": {
            "__old": 309866.6043604782,
            "__new": 82369.4017761808
        },
        "Programming time": {
            "__old": 17214.8113533599,
            "__new": 4576.077876454489
        },
        "Bugs": {
            "__old": 1.526377400588348,
            "__new": 0.6310387372075408
        },
        "Estimated program length": {
            "__old": 613.0796346785355,
            "__new": 423.89963025815916
        },
        "Purity ratio": {
            "__old": 0.8375404845335185,
            "__new": 1.2467636184063504
        }
    },
    "MI": {
        "Original": {
            "__old": 38.5313055455879,
            "__new": 56.626822020841715
        },
        "Sei": {
            "__old": -2.1069019620075977,
            "__new": 28.553813090055428
        },
        "Visual Studio": {
            "__old": 22.532927219642044,
            "__new": 33.11510059698346
        }
    },
    "files": [
        [
            "~",
            {
                "filename": {
                    "__old": "Assets/C++/knucleotide.cpp",
                    "__new": "Assets/TypeScript/knucleotide.ts"
                },
                "SLOC": {
                    "__old": 154,
                    "__new": 78
                },
                "PLOC": {
                    "__old": 134,
                    "__new": 63
                },
                "LLOC": {
                    "__old": 50,
                    "__new": 42
                },
                "BLANK": {
                    "__old": 14,
                    "__new": 9
                },
                "CC": {
                    "__old": 29,
                    "__new": 17
                },
                "NEXITS": {
                    "__old": 6,
                    "__new": 1
                },
                "NOM": {
                    "functions": {
                        "__old": 12,
                        "__new": 5
                    },
                    "closures": {
                        "__old": 0,
                        "__new": 4
                    },
                    "total": {
                        "__old": 12,
                        "__new": 9
                    }
                },
                "Halstead": {
                    "n1": {
                        "__old": 31,
                        "__new": 28
                    },
                    "n2": {
                        "__old": 74,
                        "__new": 51
                    },
                    "N1": {
                        "__old": 431,
                        "__new": 200
                    },
                    "N2": {
                        "__old": 301,
                        "__new": 140
                    },
                    "Vocabulary": {
                        "__old": 105,
                        "__new": 79
                    },
                    "Length": {
                        "__old": 732,
                        "__new": 340
                    },
                    "Volume": {
                        "__old": 4914.827718931601,
                        "__new": 2143.285454380215
                    },
                    "Difficulty": {
                        "__old": 63.0472972972973,
                        "__new": 38.431372549019606
                    },
                    "Level": {
                        "__old": 0.0158611081341764,
                        "__new": 0.026020408163265306
                    },
                    "Effort": {
                        "__old": 309866.6043604782,
                        "__new": 82369.4017761808
                    },
                    "Programming time": {
                        "__old": 17214.8113533599,
                        "__new": 4576.077876454489
                    },
                    "Bugs": {
                        "__old": 1.526377400588348,
                        "__new": 0.6310387372075408
                    },
                    "Estimated program length": {
                        "__old": 613.0796346785355,
                        "__new": 423.89963025815916
                    },
                    "Purity ratio": {
                        "__old": 0.8375404845335185,
                        "__new": 1.2467636184063504
                    }
                },
                "Mi": {
                    "Original": {
                        "__old": 38.5313055455879,
                        "__new": 56.626822020841715
                    },
                    "Sei": {
                        "__old": -2.1069019620075977,
                        "__new": 28.553813090055428
                    },
                    "Visual Studio": {
                        "__old": 22.532927219642044,
                        "__new": 33.11510059698346
                    }
                }
            }
        ]
    ]
}