{
    "SLOC": {
        "__old": 177,
        "__new": 49
    },
    "PLOC": {
        "__old": 120,
        "__new": 32
    },
    "LLOC": {
        "__old": 50,
        "__new": 36
    },
    "CLOC": {
        "__old": 31,
        "__new": 7
    },
    "BLANK": {
        "__old": 26,
        "__new": 10
    },
    "CC": {
        "__old": 33,
        "__new": 8
    },
    "NARGS_SUM": {
        "__old": 14,
        "__new": 0
    },
    "NARGS_AVG": {
        "__old": 2.3333333333333335,
        "__new": 0
    },
    "NEXITS": {
        "__old": 5,
        "__new": 0
    },
    "NOM": {
        "functions": {
            "__old": 6,
            "__new": 0
        },
        "total": {
            "__old": 6,
            "__new": 0
        }
    },
    "HALSTEAD": {
        "n1": {
            "__old": 31,
            "__new": 23
        },
        "n2": {
            "__old": 76,
            "__new": 31
        },
        "N1": {
            "__old": 357,
            "__new": 118
        },
        "N2": {
            "__old": 277,
            "__new": 113
        },
        "Vocabulary": {
            "__old": 107,
            "__new": 54
        },
        "Length": {
            "__old": 634,
            "__new": 231
        },
        "Volume": {
            "__old": 4274.090069378328,
            "__new": 1329.3790129997612
        },
        "Difficulty": {
            "__old": 56.49342105263158,
            "__new": 41.91935483870968
        },
        "Level": {
            "__old": 0.01770117619657622,
            "__new": 0.023855328972681798
        },
        "Effort": {
            "__old": 241457.96990626122,
            "__new": 55726.71056107064
        },
        "Programming time": {
            "__old": 13414.331661458957,
            "__new": 3095.9283645039245
        },
        "Bugs": {
            "__old": 1.2925274501455593,
            "__new": 0.48631875375637595
        },
        "Estimated program length": {
            "__old": 628.4225766437056,
            "__new": 257.6220106113044
        },
        "Purity ratio": {
            "__old": 0.9912028022771382,
            "__new": 1.1152467991831359
        }
    },
    "MI": {
        "Original": {
            "__old": 36.0826764831795,
            "__new": 68.71168170636773
        },
        "Sei": {
            "__old": 9.908528038966214,
            "__new": 51.8761864722328
        },
        "Visual Studio": {
            "__old": 21.100980399520175,
            "__new": 40.182270003723815
        }
    },
    "files": [
        [
            "~",
            {
                "filename": {
                    "__old": "Assets/C++/mandelbrot.cpp",
                    "__new": "Assets/TypeScript/mandelbrot.ts"
                },
                "SLOC": {
                    "__old": 177,
                    "__new": 49
                },
                "PLOC": {
                    "__old": 120,
                    "__new": 32
                },
                "LLOC": {
                    "__old": 50,
                    "__new": 36
                },
                "CLOC": {
                    "__old": 31,
                    "__new": 7
                },
                "BLANK": {
                    "__old": 26,
                    "__new": 10
                },
                "CC": {
                    "__old": 33,
                    "__new": 8
                },
                "COGNITIVE": {
                    "__old": 23,
                    "__new": 14
                },
                "NARGS_SUM": {
                    "__old": 14,
                    "__new": 0
                },
                "NARGS_AVG": {
                    "__old": 2.3333333333333335,
                    "__new": 0
                },
                "NEXITS": {
                    "__old": 5,
                    "__new": 0
                },
                "NOM": {
                    "functions": {
                        "__old": 6,
                        "__new": 0
                    },
                    "total": {
                        "__old": 6,
                        "__new": 0
                    }
                },
                "Halstead": {
                    "n1": {
                        "__old": 31,
                        "__new": 23
                    },
                    "n2": {
                        "__old": 76,
                        "__new": 31
                    },
                    "N1": {
                        "__old": 357,
                        "__new": 118
                    },
                    "N2": {
                        "__old": 277,
                        "__new": 113
                    },
                    "Vocabulary": {
                        "__old": 107,
                        "__new": 54
                    },
                    "Length": {
                        "__old": 634,
                        "__new": 231
                    },
                    "Volume": {
                        "__old": 4274.090069378328,
                        "__new": 1329.3790129997612
                    },
                    "Difficulty": {
                        "__old": 56.49342105263158,
                        "__new": 41.91935483870968
                    },
                    "Level": {
                        "__old": 0.01770117619657622,
                        "__new": 0.023855328972681798
                    },
                    "Effort": {
                        "__old": 241457.96990626122,
                        "__new": 55726.71056107064
                    },
                    "Programming time": {
                        "__old": 13414.331661458957,
                        "__new": 3095.9283645039245
                    },
                    "Bugs": {
                        "__old": 1.2925274501455593,
                        "__new": 0.48631875375637595
                    },
                    "Estimated program length": {
                        "__old": 628.4225766437056,
                        "__new": 257.6220106113044
                    },
                    "Purity ratio": {
                        "__old": 0.9912028022771382,
                        "__new": 1.1152467991831359
                    }
                },
                "Mi": {
                    "Original": {
                        "__old": 36.0826764831795,
                        "__new": 68.71168170636773
                    },
                    "Sei": {
                        "__old": 9.908528038966214,
                        "__new": 51.8761864722328
                    },
                    "Visual Studio": {
                        "__old": 21.100980399520175,
                        "__new": 40.182270003723815
                    }
                }
            }
        ]
    ]
}