{
    "SLOC": {
        "__old": 184,
        "__new": 183
    },
    "PLOC": {
        "__old": 146,
        "__new": 148
    },
    "LLOC": {
        "__old": 38,
        "__new": 69
    },
    "CLOC": {
        "__old": 15,
        "__new": 7
    },
    "BLANK": {
        "__old": 23,
        "__new": 28
    },
    "CC": {
        "__old": 26,
        "__new": 20
    },
    "NARGS_SUM": {
        "__old": 10,
        "__new": 11
    },
    "NARGS_AVG": {
        "__old": 1.6666666666666667,
        "__new": 1.1
    },
    "NEXITS": {
        "__old": 2,
        "__new": 7
    },
    "NOM": {
        "functions": {
            "__old": 6,
            "__new": 10
        },
        "total": {
            "__old": 6,
            "__new": 10
        }
    },
    "HALSTEAD": {
        "n1": {
            "__old": 23,
            "__new": 19
        },
        "n2": {
            "__old": 98,
            "__new": 70
        },
        "N1": {
            "__old": 498,
            "__new": 479
        },
        "N2": {
            "__old": 388,
            "__new": 303
        },
        "Vocabulary": {
            "__old": 121,
            "__new": 89
        },
        "Length": {
            "__old": 886,
            "__new": 782
        },
        "Volume": {
            "__old": 6130.112828225291,
            "__new": 5064.023543015723
        },
        "Difficulty": {
            "__old": 45.53061224489796,
            "__new": 41.121428571428574
        },
        "Level": {
            "__old": 0.021963245181532944,
            "__new": 0.02431822129581379
        },
        "Effort": {
            "__old": 279107.7901994005,
            "__new": 208239.8824081537
        },
        "Programming time": {
            "__old": 15505.98834441114,
            "__new": 11568.882356008538
        },
        "Bugs": {
            "__old": 1.42361771684647,
            "__new": 1.171083922000504
        },
        "Estimated program length": {
            "__old": 752.2834897126016,
            "__new": 509.76043394157574
        },
        "Purity ratio": {
            "__old": 0.8490784308268642,
            "__new": 0.6518675625851352
        }
    },
    "MI": {
        "Original": {
            "__old": 35.18900486644846,
            "__new": 37.6507579368477
        },
        "Sei": {
            "__old": -0.8844006110354101,
            "__new": -4.42709950213461
        },
        "Visual Studio": {
            "__old": 20.578365418975707,
            "__new": 22.01798709757175
        }
    },
    "files": [
        [
            "~",
            {
                "filename": {
                    "__old": "Assets/C++/nbody.cpp",
                    "__new": "Assets/TypeScript/nbody.ts"
                },
                "SLOC": {
                    "__old": 184,
                    "__new": 183
                },
                "PLOC": {
                    "__old": 146,
                    "__new": 148
                },
                "LLOC": {
                    "__old": 38,
                    "__new": 69
                },
                "CLOC": {
                    "__old": 15,
                    "__new": 7
                },
                "BLANK": {
                    "__old": 23,
                    "__new": 28
                },
                "CC": {
                    "__old": 26,
                    "__new": 20
                },
                "COGNITIVE": {
                    "__old": 26,
                    "__new": 9
                },
                "NARGS_SUM": {
                    "__old": 10,
                    "__new": 11
                },
                "NARGS_AVG": {
                    "__old": 1.6666666666666667,
                    "__new": 1.1
                },
                "NEXITS": {
                    "__old": 2,
                    "__new": 7
                },
                "NOM": {
                    "functions": {
                        "__old": 6,
                        "__new": 10
                    },
                    "total": {
                        "__old": 6,
                        "__new": 10
                    }
                },
                "Halstead": {
                    "n1": {
                        "__old": 23,
                        "__new": 19
                    },
                    "n2": {
                        "__old": 98,
                        "__new": 70
                    },
                    "N1": {
                        "__old": 498,
                        "__new": 479
                    },
                    "N2": {
                        "__old": 388,
                        "__new": 303
                    },
                    "Vocabulary": {
                        "__old": 121,
                        "__new": 89
                    },
                    "Length": {
                        "__old": 886,
                        "__new": 782
                    },
                    "Volume": {
                        "__old": 6130.112828225291,
                        "__new": 5064.023543015723
                    },
                    "Difficulty": {
                        "__old": 45.53061224489796,
                        "__new": 41.121428571428574
                    },
                    "Level": {
                        "__old": 0.021963245181532944,
                        "__new": 0.02431822129581379
                    },
                    "Effort": {
                        "__old": 279107.7901994005,
                        "__new": 208239.8824081537
                    },
                    "Programming time": {
                        "__old": 15505.98834441114,
                        "__new": 11568.882356008538
                    },
                    "Bugs": {
                        "__old": 1.42361771684647,
                        "__new": 1.171083922000504
                    },
                    "Estimated program length": {
                        "__old": 752.2834897126016,
                        "__new": 509.76043394157574
                    },
                    "Purity ratio": {
                        "__old": 0.8490784308268642,
                        "__new": 0.6518675625851352
                    }
                },
                "Mi": {
                    "Original": {
                        "__old": 35.18900486644846,
                        "__new": 37.6507579368477
                    },
                    "Sei": {
                        "__old": -0.8844006110354101,
                        "__new": -4.42709950213461
                    },
                    "Visual Studio": {
                        "__old": 20.578365418975707,
                        "__new": 22.01798709757175
                    }
                }
            }
        ]
    ]
}