{
    "SLOC": {
        "__old": 94,
        "__new": 50
    },
    "PLOC": {
        "__old": 71,
        "__new": 33
    },
    "LLOC": {
        "__old": 23,
        "__new": 16
    },
    "BLANK": {
        "__old": 16,
        "__new": 10
    },
    "CC": {
        "__old": 6,
        "__new": 8
    },
    "COGNITIVE": {
        "__old": 5,
        "__new": 6
    },
    "NOM": {
        "closures": {
            "__old": 0,
            "__new": 3
        },
        "total": {
            "__old": 1,
            "__new": 4
        }
    },
    "HALSTEAD": {
        "n1": {
            "__old": 22,
            "__new": 19
        },
        "n2": {
            "__old": 71,
            "__new": 31
        },
        "N1": {
            "__old": 218,
            "__new": 172
        },
        "N2": {
            "__old": 161,
            "__new": 75
        },
        "Vocabulary": {
            "__old": 93,
            "__new": 50
        },
        "Length": {
            "__old": 379,
            "__new": 247
        },
        "Volume": {
            "__old": 2478.3411894099436,
            "__new": 1394.032478874357
        },
        "Difficulty": {
            "__old": 24.943661971830984,
            "__new": 22.983870967741936
        },
        "Level": {
            "__old": 0.04009034443817053,
            "__new": 0.04350877192982456
        },
        "Effort": {
            "__old": 61818.90487950718,
            "__new": 32040.262619289657
        },
        "Programming time": {
            "__old": 3434.3836044170657,
            "__new": 1780.0145899605366
        },
        "Bugs": {
            "__old": 0.5211462496741232,
            "__new": 0.33626070824891074
        },
        "Estimated program length": {
            "__old": 534.7395410948529,
            "__new": 234.29070837742125
        },
        "Purity ratio": {
            "__old": 1.4109222720180816,
            "__new": 0.9485453780462398
        }
    },
    "MI": {
        "Original": {
            "__old": 55.37883187857979,
            "__new": 68.13745668355399
        },
        "Sei": {
            "__old": 25.31864346324061,
            "__new": 50.802046889732566
        },
        "Visual Studio": {
            "__old": 32.38528180033906,
            "__new": 39.8464658968152
        }
    },
    "files": [
        [
            "~",
            {
                "filename": {
                    "__old": "Assets/C++/regexredux.cpp",
                    "__new": "Assets/TypeScript/regexredux.ts"
                },
                "SLOC": {
                    "__old": 94,
                    "__new": 50
                },
                "PLOC": {
                    "__old": 71,
                    "__new": 33
                },
                "LLOC": {
                    "__old": 23,
                    "__new": 16
                },
                "BLANK": {
                    "__old": 16,
                    "__new": 10
                },
                "CC": {
                    "__old": 6,
                    "__new": 8
                },
                "COGNITIVE": {
                    "__old": 5,
                    "__new": 6
                },
                "NOM": {
                    "closures": {
                        "__old": 0,
                        "__new": 3
                    },
                    "total": {
                        "__old": 1,
                        "__new": 4
                    }
                },
                "Halstead": {
                    "n1": {
                        "__old": 22,
                        "__new": 19
                    },
                    "n2": {
                        "__old": 71,
                        "__new": 31
                    },
                    "N1": {
                        "__old": 218,
                        "__new": 172
                    },
                    "N2": {
                        "__old": 161,
                        "__new": 75
                    },
                    "Vocabulary": {
                        "__old": 93,
                        "__new": 50
                    },
                    "Length": {
                        "__old": 379,
                        "__new": 247
                    },
                    "Volume": {
                        "__old": 2478.3411894099436,
                        "__new": 1394.032478874357
                    },
                    "Difficulty": {
                        "__old": 24.943661971830984,
                        "__new": 22.983870967741936
                    },
                    "Level": {
                        "__old": 0.04009034443817053,
                        "__new": 0.04350877192982456
                    },
                    "Effort": {
                        "__old": 61818.90487950718,
                        "__new": 32040.262619289657
                    },
                    "Programming time": {
                        "__old": 3434.3836044170657,
                        "__new": 1780.0145899605366
                    },
                    "Bugs": {
                        "__old": 0.5211462496741232,
                        "__new": 0.33626070824891074
                    },
                    "Estimated program length": {
                        "__old": 534.7395410948529,
                        "__new": 234.29070837742125
                    },
                    "Purity ratio": {
                        "__old": 1.4109222720180816,
                        "__new": 0.9485453780462398
                    }
                },
                "Mi": {
                    "Original": {
                        "__old": 55.37883187857979,
                        "__new": 68.13745668355399
                    },
                    "Sei": {
                        "__old": 25.31864346324061,
                        "__new": 50.802046889732566
                    },
                    "Visual Studio": {
                        "__old": 32.38528180033906,
                        "__new": 39.8464658968152
                    }
                }
            }
        ]
    ]
}