{
    "SLOC": {
        "__old": 282,
        "__new": 187
    },
    "PLOC": {
        "__old": 222,
        "__new": 154
    },
    "LLOC": {
        "__old": 113,
        "__new": 110
    },
    "CLOC": {
        "__old": 14,
        "__new": 19
    },
    "BLANK": {
        "__old": 46,
        "__new": 14
    },
    "CC_SUM": {
        "__old": 70,
        "__new": 25
    },
    "CC_AVG": {
        "__old": 1.8918918918918919,
        "__new": 4.166666666666667
    },
    "COGNITIVE_SUM": {
        "__old": 38,
        "__new": 40
    },
    "COGNITIVE_AVG": {
        "__old": 1.3571428571428572,
        "__new": 10
    },
    "NARGS_SUM": {
        "__old": 15,
        "__new": 3
    },
    "NARGS_AVG": {
        "__old": 0.5357142857142857,
        "__new": 0.75
    },
    "NEXITS": {
        "__old": 11,
        "__new": 2
    },
    "NOM": {
        "functions": {
            "__old": 28,
            "__new": 4
        },
        "total": {
            "__old": 28,
            "__new": 4
        }
    },
    "HALSTEAD": {
        "n1": {
            "__old": 38,
            "__new": 31
        },
        "n2": {
            "__old": 123,
            "__new": 69
        },
        "N1": {
            "__old": 819,
            "__new": 453
        },
        "N2": {
            "__old": 535,
            "__new": 289
        },
        "Vocabulary": {
            "__old": 161,
            "__new": 100
        },
        "Length": {
            "__old": 1354,
            "__new": 742
        },
        "Volume": {
            "__old": 9926.061452967191,
            "__new": 4929.741292812845
        },
        "Difficulty": {
            "__old": 82.64227642276423,
            "__new": 64.92028985507247
        },
        "Level": {
            "__old": 0.012100344318740778,
            "__new": 0.015403504855452617
        },
        "Effort": {
            "__old": 820312.3143854593,
            "__new": 320040.23363992956
        },
        "Programming time": {
            "__old": 45572.90635474774,
            "__new": 17780.012979996085
        },
        "Bugs": {
            "__old": 2.9210000610399707,
            "__new": 1.5596068397265666
        },
        "Estimated program length": {
            "__old": 1053.3505296675826,
            "__new": 575.0682731396869
        },
        "Purity ratio": {
            "__old": 0.7779546009361762,
            "__new": 0.7750246268728934
        }
    },
    "MI": {
        "Original": {
            "__old": 15.645926405158932,
            "__new": 36.29022310125957
        },
        "Sei": {
            "__old": -29.082878320616135,
            "__new": 2.8996639994044955
        },
        "Visual Studio": {
            "__old": 9.149664564420428,
            "__new": 21.22235269079507
        }
    },
    "files": [
        [
            "~",
            {
                "filename": {
                    "__old": "Assets/C++/revcomp.cpp",
                    "__new": "Assets/TypeScript/revcomp.ts"
                },
                "SLOC": {
                    "__old": 282,
                    "__new": 187
                },
                "PLOC": {
                    "__old": 222,
                    "__new": 154
                },
                "LLOC": {
                    "__old": 113,
                    "__new": 110
                },
                "CLOC": {
                    "__old": 14,
                    "__new": 19
                },
                "BLANK": {
                    "__old": 46,
                    "__new": 14
                },
                "CC_SUM": {
                    "__old": 70,
                    "__new": 25
                },
                "CC_AVG": {
                    "__old": 1.8918918918918919,
                    "__new": 4.166666666666667
                },
                "COGNITIVE_SUM": {
                    "__old": 38,
                    "__new": 40
                },
                "COGNITIVE_AVG": {
                    "__old": 1.3571428571428572,
                    "__new": 10
                },
                "NARGS_SUM": {
                    "__old": 15,
                    "__new": 3
                },
                "NARGS_AVG": {
                    "__old": 0.5357142857142857,
                    "__new": 0.75
                },
                "NEXITS": {
                    "__old": 11,
                    "__new": 2
                },
                "NOM": {
                    "functions": {
                        "__old": 28,
                        "__new": 4
                    },
                    "total": {
                        "__old": 28,
                        "__new": 4
                    }
                },
                "Halstead": {
                    "n1": {
                        "__old": 38,
                        "__new": 31
                    },
                    "n2": {
                        "__old": 123,
                        "__new": 69
                    },
                    "N1": {
                        "__old": 819,
                        "__new": 453
                    },
                    "N2": {
                        "__old": 535,
                        "__new": 289
                    },
                    "Vocabulary": {
                        "__old": 161,
                        "__new": 100
                    },
                    "Length": {
                        "__old": 1354,
                        "__new": 742
                    },
                    "Volume": {
                        "__old": 9926.061452967191,
                        "__new": 4929.741292812845
                    },
                    "Difficulty": {
                        "__old": 82.64227642276423,
                        "__new": 64.92028985507247
                    },
                    "Level": {
                        "__old": 0.012100344318740778,
                        "__new": 0.015403504855452617
                    },
                    "Effort": {
                        "__old": 820312.3143854593,
                        "__new": 320040.23363992956
                    },
                    "Programming time": {
                        "__old": 45572.90635474774,
                        "__new": 17780.012979996085
                    },
                    "Bugs": {
                        "__old": 2.9210000610399707,
                        "__new": 1.5596068397265666
                    },
                    "Estimated program length": {
                        "__old": 1053.3505296675826,
                        "__new": 575.0682731396869
                    },
                    "Purity ratio": {
                        "__old": 0.7779546009361762,
                        "__new": 0.7750246268728934
                    }
                },
                "Mi": {
                    "Original": {
                        "__old": 15.645926405158932,
                        "__new": 36.29022310125957
                    },
                    "Sei": {
                        "__old": -29.082878320616135,
                        "__new": 2.8996639994044955
                    },
                    "Visual Studio": {
                        "__old": 9.149664564420428,
                        "__new": 21.22235269079507
                    }
                }
            }
        ]
    ]
}