{
    "SLOC": {
        "__old": 135,
        "__new": 55
    },
    "PLOC": {
        "__old": 97,
        "__new": 41
    },
    "LLOC": {
        "__old": 33,
        "__new": 40
    },
    "CLOC": {
        "__old": 13,
        "__new": 5
    },
    "BLANK": {
        "__old": 25,
        "__new": 9
    },
    "CC": {
        "__old": 22,
        "__new": 13
    },
    "NEXITS": {
        "__old": 4,
        "__new": 2
    },
    "NOM": {
        "functions": {
            "__old": 8,
            "__new": 5
        },
        "total": {
            "__old": 8,
            "__new": 5
        }
    },
    "HALSTEAD": {
        "n1": {
            "__old": 24,
            "__new": 18
        },
        "n2": {
            "__old": 61,
            "__new": 26
        },
        "N1": {
            "__old": 409,
            "__new": 166
        },
        "N2": {
            "__old": 284,
            "__new": 135
        },
        "Vocabulary": {
            "__old": 85,
            "__new": 44
        },
        "Length": {
            "__old": 693,
            "__new": 301
        },
        "Volume": {
            "__old": 4441.707918743427,
            "__new": 1643.2889172098264
        },
        "Difficulty": {
            "__old": 55.868852459016395,
            "__new": 46.73076923076923
        },
        "Level": {
            "__old": 0.017899061032863848,
            "__new": 0.02139917695473251
        },
        "Effort": {
            "__old": 248153.1243783213,
            "__new": 76792.15516961305
        },
        "Programming time": {
            "__old": 13786.284687684518,
            "__new": 4266.23084275628
        },
        "Bugs": {
            "__old": 1.3163112012968532,
            "__new": 0.6022220451854204
        },
        "Estimated program length": {
            "__old": 471.81407760864386,
            "__new": 197.27008269763002
        },
        "Purity ratio": {
            "__old": 0.6808283948176679,
            "__new": 0.6553823345436213
        }
    },
    "MI": {
        "Original": {
            "__old": 42.800818500504576,
            "__new": 64.58803665956509
        },
        "Sei": {
            "__old": 11.409492315309578,
            "__new": 41.31855991679847
        },
        "Visual Studio": {
            "__old": 25.029718421347706,
            "__new": 37.77078167226029
        }
    },
    "files": [
        [
            "~",
            {
                "filename": {
                    "__old": "Assets/C++/spectralnorm.cpp",
                    "__new": "Assets/TypeScript/spectralnorm.ts"
                },
                "SLOC": {
                    "__old": 135,
                    "__new": 55
                },
                "PLOC": {
                    "__old": 97,
                    "__new": 41
                },
                "LLOC": {
                    "__old": 33,
                    "__new": 40
                },
                "CLOC": {
                    "__old": 13,
                    "__new": 5
                },
                "BLANK": {
                    "__old": 25,
                    "__new": 9
                },
                "CC": {
                    "__old": 22,
                    "__new": 13
                },
                "COGNITIVE": {
                    "__old": 12,
                    "__new": 9
                },
                "NEXITS": {
                    "__old": 4,
                    "__new": 2
                },
                "NOM": {
                    "functions": {
                        "__old": 8,
                        "__new": 5
                    },
                    "total": {
                        "__old": 8,
                        "__new": 5
                    }
                },
                "Halstead": {
                    "n1": {
                        "__old": 24,
                        "__new": 18
                    },
                    "n2": {
                        "__old": 61,
                        "__new": 26
                    },
                    "N1": {
                        "__old": 409,
                        "__new": 166
                    },
                    "N2": {
                        "__old": 284,
                        "__new": 135
                    },
                    "Vocabulary": {
                        "__old": 85,
                        "__new": 44
                    },
                    "Length": {
                        "__old": 693,
                        "__new": 301
                    },
                    "Volume": {
                        "__old": 4441.707918743427,
                        "__new": 1643.2889172098264
                    },
                    "Difficulty": {
                        "__old": 55.868852459016395,
                        "__new": 46.73076923076923
                    },
                    "Level": {
                        "__old": 0.017899061032863848,
                        "__new": 0.02139917695473251
                    },
                    "Effort": {
                        "__old": 248153.1243783213,
                        "__new": 76792.15516961305
                    },
                    "Programming time": {
                        "__old": 13786.284687684518,
                        "__new": 4266.23084275628
                    },
                    "Bugs": {
                        "__old": 1.3163112012968532,
                        "__new": 0.6022220451854204
                    },
                    "Estimated program length": {
                        "__old": 471.81407760864386,
                        "__new": 197.27008269763002
                    },
                    "Purity ratio": {
                        "__old": 0.6808283948176679,
                        "__new": 0.6553823345436213
                    }
                },
                "Mi": {
                    "Original": {
                        "__old": 42.800818500504576,
                        "__new": 64.58803665956509
                    },
                    "Sei": {
                        "__old": 11.409492315309578,
                        "__new": 41.31855991679847
                    },
                    "Visual Studio": {
                        "__old": 25.029718421347706,
                        "__new": 37.77078167226029
                    }
                }
            }
        ]
    ]
}