{
  "name": "Assets/JavaScript/binarytrees.js",
  "start_line": 1,
  "end_line": 50,
  "kind": "unit",
  "spaces": [
    {
      "name": "TreeNode",
      "start_line": 7,
      "end_line": 10,
      "kind": "function",
      "spaces": [],
      "metrics": {
        "nargs": {
          "sum": 3.0,
          "average": 3.0
        },
        "nexits": {
          "sum": 0.0,
          "average": 0.0
        },
        "cognitive": {
          "sum": 0.0,
          "average": 0.0
        },
        "cyclomatic": {
          "sum": 1.0,
          "average": 1.0
        },
        "halstead": {
          "n1": 5.0,
          "N1": 8.0,
          "n2": 5.0,
          "N2": 8.0,
          "length": 16.0,
          "estimated_program_length": 23.21928094887362,
          "purity_ratio": 1.4512050593046013,
          "vocabulary": 10.0,
          "volume": 53.150849518197795,
          "difficulty": 4.0,
          "level": 0.25,
          "effort": 212.60339807279118,
          "time": 11.811299892932844,
          "bugs": 0.011873867901807205
        },
        "loc": {
          "sloc": 4.0,
          "ploc": 4.0,
          "lloc": 3.0,
          "cloc": 0.0,
          "blank": 0.0
        },
        "nom": {
          "functions": 1.0,
          "closures": 0.0,
          "total": 1.0
        },
        "mi": {
          "mi_original": 127.65173409189691,
          "mi_sei": 108.56349160264799,
          "mi_visual_studio": 74.65013689584615
        }
      }
    },
    {
      "name": "<anonymous>",
      "start_line": 12,
      "end_line": 15,
      "kind": "function",
      "spaces": [],
      "metrics": {
        "nargs": {
          "sum": 0.0,
          "average": 0.0
        },
        "nexits": {
          "sum": 2.0,
          "average": 2.0
        },
        "cognitive": {
          "sum": 2.0,
          "average": 2.0
        },
        "cyclomatic": {
          "sum": 2.0,
          "average": 2.0
        },
        "halstead": {
          "n1": 8.0,
          "N1": 17.0,
          "n2": 3.0,
          "N2": 6.0,
          "length": 23.0,
          "estimated_program_length": 28.75488750216347,
          "purity_ratio": 1.2502125000940638,
          "vocabulary": 11.0,
          "volume": 79.56692722865783,
          "difficulty": 8.0,
          "level": 0.125,
          "effort": 636.5354178292627,
          "time": 35.36307876829237,
          "bugs": 0.02466571983523882
        },
        "loc": {
          "sloc": 4.0,
          "ploc": 4.0,
          "lloc": 4.0,
          "cloc": 0.0,
          "blank": 0.0
        },
        "nom": {
          "functions": 1.0,
          "closures": 0.0,
          "total": 1.0
        },
        "mi": {
          "mi_original": 125.32371904879835,
          "mi_sei": 105.30669570425925,
          "mi_visual_studio": 73.28872458994056
        }
      }
    },
    {
      "name": "bottomUpTree",
      "start_line": 17,
      "end_line": 27,
      "kind": "function",
      "spaces": [],
      "metrics": {
        "nargs": {
          "sum": 1.0,
          "average": 1.0
        },
        "nexits": {
          "sum": 2.0,
          "average": 2.0
        },
        "cognitive": {
          "sum": 2.0,
          "average": 2.0
        },
        "cyclomatic": {
          "sum": 2.0,
          "average": 2.0
        },
        "halstead": {
          "n1": 9.0,
          "N1": 20.0,
          "n2": 6.0,
          "N2": 14.0,
          "length": 34.0,
          "estimated_program_length": 44.039100017307746,
          "purity_ratio": 1.2952676475678748,
          "vocabulary": 15.0,
          "volume": 132.83428025068963,
          "difficulty": 10.5,
          "level": 0.09523809523809523,
          "effort": 1394.759942632241,
          "time": 77.48666347956895,
          "bugs": 0.04161134202231974
        },
        "loc": {
          "sloc": 11.0,
          "ploc": 11.0,
          "lloc": 6.0,
          "cloc": 0.0,
          "blank": 0.0
        },
        "nom": {
          "functions": 1.0,
          "closures": 0.0,
          "total": 1.0
        },
        "mi": {
          "mi_original": 106.27076442229043,
          "mi_sei": 77.8190925503139,
          "mi_visual_studio": 62.146645860988556
        }
      }
    }
  ],
  "metrics": {
    "nargs": {
      "sum": 4.0,
      "average": 1.3333333333333333
    },
    "nexits": {
      "sum": 4.0,
      "average": 1.3333333333333333
    },
    "cognitive": {
      "sum": 7.0,
      "average": 2.3333333333333335
    },
    "cyclomatic": {
      "sum": 8.0,
      "average": 2.0
    },
    "halstead": {
      "n1": 20.0,
      "N1": 115.0,
      "n2": 27.0,
      "N2": 85.0,
      "length": 200.0,
      "estimated_program_length": 214.8205244561609,
      "purity_ratio": 1.0741026222808046,
      "vocabulary": 47.0,
      "volume": 1110.9177703355276,
      "difficulty": 31.48148148148148,
      "level": 0.031764705882352945,
      "effort": 34973.33721426661,
      "time": 1942.9631785703673,
      "bugs": 0.35648133497983825
    },
    "loc": {
      "sloc": 50.0,
      "ploc": 36.0,
      "lloc": 25.0,
      "cloc": 5.0,
      "blank": 9.0
    },
    "nom": {
      "functions": 3.0,
      "closures": 0.0,
      "total": 3.0
    },
    "mi": {
      "mi_original": 69.31793009349876,
      "mi_sei": 48.64513299274641,
      "mi_visual_studio": 40.53680122426828
    }
  }
}
