{
  "name": "Assets/Rust/binarytrees.rs",
  "start_line": 1,
  "end_line": 75,
  "kind": "unit",
  "spaces": [
    {
      "name": "item_check",
      "start_line": 19,
      "end_line": 25,
      "kind": "function",
      "spaces": [],
      "metrics": {
        "nargs": {
          "sum": 1.0,
          "average": 1.0
        },
        "nexits": {
          "sum": 1.0,
          "average": 1.0
        },
        "cognitive": {
          "sum": 1.0,
          "average": 1.0
        },
        "cyclomatic": {
          "sum": 2.0,
          "average": 2.0
        },
        "halstead": {
          "n1": 11.0,
          "N1": 18.0,
          "n2": 6.0,
          "N2": 12.0,
          "length": 30.0,
          "estimated_program_length": 53.5635228093372,
          "purity_ratio": 1.78545076031124,
          "vocabulary": 17.0,
          "volume": 122.62388523751017,
          "difficulty": 11.0,
          "level": 0.09090909090909091,
          "effort": 1348.862737612612,
          "time": 74.93681875625622,
          "bugs": 0.04069339433303162
        },
        "loc": {
          "sloc": 7.0,
          "ploc": 7.0,
          "lloc": 3.0,
          "cloc": 0.0,
          "blank": 0.0
        },
        "nom": {
          "functions": 1.0,
          "closures": 0.0,
          "total": 1.0
        },
        "mi": {
          "mi_original": 114.0088220848072,
          "mi_sei": 88.98274996613964,
          "mi_visual_studio": 66.67182578058902
        }
      }
    },
    {
      "name": "bottom_up_tree",
      "start_line": 27,
      "end_line": 36,
      "kind": "function",
      "spaces": [],
      "metrics": {
        "nargs": {
          "sum": 2.0,
          "average": 2.0
        },
        "nexits": {
          "sum": 1.0,
          "average": 1.0
        },
        "cognitive": {
          "sum": 1.0,
          "average": 1.0
        },
        "cyclomatic": {
          "sum": 2.0,
          "average": 2.0
        },
        "halstead": {
          "n1": 14.0,
          "N1": 39.0,
          "n2": 11.0,
          "N2": 28.0,
          "length": 67.0,
          "estimated_program_length": 91.35671671381672,
          "purity_ratio": 1.3635330852808467,
          "vocabulary": 25.0,
          "volume": 311.1383647149065,
          "difficulty": 17.818181818181817,
          "level": 0.056122448979591844,
          "effort": 5543.91995310197,
          "time": 307.99555295010947,
          "bugs": 0.10441351414033229
        },
        "loc": {
          "sloc": 10.0,
          "ploc": 10.0,
          "lloc": 6.0,
          "cloc": 0.0,
          "blank": 0.0
        },
        "nom": {
          "functions": 1.0,
          "closures": 0.0,
          "total": 1.0
        },
        "mi": {
          "mi_original": 103.38888537102609,
          "mi_sei": 73.66141993461304,
          "mi_visual_studio": 60.461336474284266
        }
      }
    },
    {
      "name": "inner",
      "start_line": 38,
      "end_line": 45,
      "kind": "function",
      "spaces": [
        {
          "name": "<anonymous>",
          "start_line": 39,
          "end_line": 43,
          "kind": "function",
          "spaces": [],
          "metrics": {
            "nargs": {
              "sum": 3.0,
              "average": 3.0
            },
            "nexits": {
              "sum": 0.0,
              "average": 0.0
            },
            "cognitive": {
              "sum": 0.0,
              "average": 0.0
            },
            "cyclomatic": {
              "sum": 1.0,
              "average": 1.0
            },
            "halstead": {
              "n1": 7.0,
              "N1": 12.0,
              "n2": 8.0,
              "N2": 10.0,
              "length": 22.0,
              "estimated_program_length": 43.65148445440323,
              "purity_ratio": 1.984158384291056,
              "vocabulary": 15.0,
              "volume": 85.95159310338741,
              "difficulty": 4.375,
              "level": 0.22857142857142856,
              "effort": 376.0382198273199,
              "time": 20.891012212628883,
              "bugs": 0.017366010954952174
            },
            "loc": {
              "sloc": 5.0,
              "ploc": 5.0,
              "lloc": 3.0,
              "cloc": 0.0,
              "blank": 0.0
            },
            "nom": {
              "functions": 0.0,
              "closures": 1.0,
              "total": 1.0
            },
            "mi": {
              "mi_original": 121.53742763073245,
              "mi_sei": 99.74241199265069,
              "mi_visual_studio": 71.07451908229969
            }
          }
        }
      ],
      "metrics": {
        "nargs": {
          "sum": 5.0,
          "average": 2.5
        },
        "nexits": {
          "sum": 1.0,
          "average": 0.5
        },
        "cognitive": {
          "sum": 0.0,
          "average": 0.0
        },
        "cyclomatic": {
          "sum": 2.0,
          "average": 1.0
        },
        "halstead": {
          "n1": 12.0,
          "N1": 31.0,
          "n2": 14.0,
          "N2": 21.0,
          "length": 52.0,
          "estimated_program_length": 96.32251891746033,
          "purity_ratio": 1.8523561330280833,
          "vocabulary": 26.0,
          "volume": 244.42286534333678,
          "difficulty": 9.0,
          "level": 0.1111111111111111,
          "effort": 2199.805788090031,
          "time": 122.21143267166839,
          "bugs": 0.05638128531994684
        },
        "loc": {
          "sloc": 8.0,
          "ploc": 8.0,
          "lloc": 5.0,
          "cloc": 0.0,
          "blank": 0.0
        },
        "nom": {
          "functions": 1.0,
          "closures": 1.0,
          "total": 2.0
        },
        "mi": {
          "mi_original": 108.25876816892941,
          "mi_sei": 80.68717569685859,
          "mi_visual_studio": 63.3092211514207
        }
      }
    },
    {
      "name": "main",
      "start_line": 47,
      "end_line": 75,
      "kind": "function",
      "spaces": [
        {
          "name": "<anonymous>",
          "start_line": 49,
          "end_line": 49,
          "kind": "function",
          "spaces": [],
          "metrics": {
            "nargs": {
              "sum": 3.0,
              "average": 3.0
            },
            "nexits": {
              "sum": 0.0,
              "average": 0.0
            },
            "cognitive": {
              "sum": 0.0,
              "average": 0.0
            },
            "cyclomatic": {
              "sum": 1.0,
              "average": 1.0
            },
            "halstead": {
              "n1": 3.0,
              "N1": 6.0,
              "n2": 1.0,
              "N2": 2.0,
              "length": 8.0,
              "estimated_program_length": 4.754887502163468,
              "purity_ratio": 0.5943609377704335,
              "vocabulary": 4.0,
              "volume": 16.0,
              "difficulty": 3.0,
              "level": 0.3333333333333333,
              "effort": 48.0,
              "time": 2.6666666666666665,
              "bugs": 0.004402569665192835
            },
            "loc": {
              "sloc": 1.0,
              "ploc": 1.0,
              "lloc": 0.0,
              "cloc": 0.0,
              "blank": 0.0
            },
            "nom": {
              "functions": 0.0,
              "closures": 1.0,
              "total": 1.0
            },
            "mi": {
              "mi_original": 156.35253864435316,
              "mi_sei": 149.97,
              "mi_visual_studio": 91.43423312535272
            }
          }
        },
        {
          "name": "<anonymous>",
          "start_line": 64,
          "end_line": 68,
          "kind": "function",
          "spaces": [],
          "metrics": {
            "nargs": {
              "sum": 3.0,
              "average": 3.0
            },
            "nexits": {
              "sum": 0.0,
              "average": 0.0
            },