{
  "name": "Assets/C++/binarytrees.cpp",
  "start_line": 1,
  "end_line": 139,
  "kind": "unit",
  "spaces": [
    {
      "name": "Apr",
      "start_line": 20,
      "end_line": 32,
      "kind": "class",
      "spaces": [
        {
          "name": "Apr",
          "start_line": 23,
          "end_line": 26,
          "kind": "function",
          "spaces": [],
          "metrics": {
            "nargs": 0.0,
            "nexits": 0.0,
            "cognitive": 0.0,
            "cyclomatic": {
              "sum": 1.0,
              "average": 1.0
            },
            "halstead": {
              "n1": 3.0,
              "N1": 4.0,
              "n2": 2.0,
              "N2": 2.0,
              "length": 6.0,
              "estimated_program_length": 6.754887502163468,
              "purity_ratio": 1.1258145836939113,
              "vocabulary": 5.0,
              "volume": 13.931568569324174,
              "difficulty": 1.5,
              "level": 0.6666666666666666,
              "effort": 20.897352853986263,
              "time": 1.1609640474436813,
              "bugs": 0.002528946231858474
            },
            "loc": {
              "sloc": 4.0,
              "ploc": 4.0,
              "lloc": 1.0,
              "cloc": 0.0,
              "blank": 0.0
            },
            "nom": {
              "functions": 1.0,
              "closures": 0.0,
              "total": 1.0
            },
            "mi": {
              "mi_original": 134.61441294714626,
              "mi_sei": 118.60851385841869,
              "mi_visual_studio": 78.7218789164598
            }
          }
        },
        {
          "name": "~Apr",
          "start_line": 28,
          "end_line": 31,
          "kind": "function",
          "spaces": [],
          "metrics": {
            "nargs": 0.0,
            "nexits": 0.0,
            "cognitive": 0.0,
            "cyclomatic": {
              "sum": 1.0,
              "average": 1.0
            },
            "halstead": {
              "n1": 4.0,
              "N1": 5.0,
              "n2": 2.0,
              "N2": 2.0,
              "length": 7.0,
              "estimated_program_length": 10.0,
              "purity_ratio": 1.4285714285714286,
              "vocabulary": 6.0,
              "volume": 18.094737505048094,
              "difficulty": 2.0,
              "level": 0.5,
              "effort": 36.18947501009619,
              "time": 2.0105263894497885,
              "bugs": 0.0036469818385629123
            },
            "loc": {
              "sloc": 4.0,
              "ploc": 4.0,
              "lloc": 1.0,
              "cloc": 0.0,
              "blank": 0.0
            },
            "nom": {
              "functions": 1.0,
              "closures": 0.0,
              "total": 1.0
            },
            "mi": {
              "mi_original": 133.25480136767567,
              "mi_sei": 116.64700897518125,
              "mi_visual_studio": 77.92678442554133
            }
          }
        }
      ],
      "metrics": {
        "nargs": 0.0,
        "nexits": 0.0,
        "cognitive": 0.0,
        "cyclomatic": {
          "sum": 3.0,
          "average": 1.0
        },
        "halstead": {
          "n1": 5.0,
          "N1": 11.0,
          "n2": 3.0,
          "N2": 5.0,
          "length": 16.0,
          "estimated_program_length": 16.36452797660028,
          "purity_ratio": 1.0227829985375174,
          "vocabulary": 8.0,
          "volume": 48.0,
          "difficulty": 4.166666666666667,
          "level": 0.24,
          "effort": 200.0,
          "time": 11.11111111111111,
          "bugs": 0.01139983964451131
        },
        "loc": {
          "sloc": 13.0,
          "ploc": 12.0,
          "lloc": 2.0,
          "cloc": 0.0,
          "blank": 1.0
        },
        "nom": {
          "functions": 2.0,
          "closures": 0.0,
          "total": 2.0
        },
        "mi": {
          "mi_original": 108.62757515240207,
          "mi_sei": 81.32107156236428,
          "mi_visual_studio": 63.52489774994274
        }
      }
    },
    {
      "name": "Node",
      "start_line": 34,
      "end_line": 44,
      "kind": "struct",
      "spaces": [
        {
          "name": "check",
          "start_line": 38,
          "end_line": 43,
          "kind": "function",
          "spaces": [],
          "metrics": {
            "nargs": 0.0,
            "nexits": 2.0,
            "cognitive": 2.0,
            "cyclomatic": {
              "sum": 2.0,
              "average": 2.0
            },
            "halstead": {
              "n1": 9.0,
              "N1": 16.0,
              "n2": 4.0,
              "N2": 8.0,
              "length": 24.0,
              "estimated_program_length": 36.529325012980806,
              "purity_ratio": 1.5220552088742003,
              "vocabulary": 13.0,
              "volume": 88.81055323538621,
              "difficulty": 9.0,
              "level": 0.1111111111111111,
              "effort": 799.2949791184759,
              "time": 44.405276617693104,
              "bugs": 0.028708916482314276
            },
            "loc": {
              "sloc": 6.0,
              "ploc": 6.0,
              "lloc": 3.0,
              "cloc": 0.0,
              "blank": 0.0
            },
            "nom": {
              "functions": 1.0,
              "closures": 0.0,
              "total": 1.0
            },
            "mi": {
              "mi_original": 118.18366807298133,
              "mi_sei": 95.00577956975371,
              "mi_visual_studio": 69.11325618303002
            }
          }
        }
      ],
      "metrics": {
        "nargs": 0.0,
        "nexits": 2.0,
        "cognitive": 2.0,
        "cyclomatic": {
          "sum": 3.0,
          "average": 1.5
        },
        "halstead": {
          "n1": 11.0,
          "N1": 21.0,
          "n2": 5.0,
          "N2": 12.0,
          "length": 33.0,
          "estimated_program_length": 49.66338827944708,
          "purity_ratio": 1.5049511599832448,
          "vocabulary": 16.0,
          "volume": 132.0,
          "difficulty": 13.2,
          "level": 0.07575757575757576,
          "effort": 1742.3999999999999,
          "time": 96.8,
          "bugs": 0.048266297661407026
        },
        "loc": {
          "sloc": 11.0,
          "ploc": 10.0,
          "lloc": 3.0,
          "cloc": 0.0,
          "blank": 1.0
        },
        "nom": {
          "functions": 1.0,
          "closures": 0.0,
          "total": 1.0
        },
        "mi": {
          "mi_original": 106.07352658321727,
          "mi_sei": 77.63635835741182,
          "mi_visual_studio": 62.0313020954487
        }
      }
    },
    {
      "name": "NodePool",
      "start_line": 46,
      "end_line": 71,
      "kind": "class",
      "spaces": [
        {
          "name": "NodePool",
          "start_line": 49,
          "end_line": 52,
          "kind": "function",
          "spaces": [],
          "metrics": {
            "nargs": 0.0,
            "nexits": 0.0,
            "cognitive": 0.0,
            "cyclomatic": {
              "sum": 1.0,
              "average": 1.0
            },
            "halstead": {
              "n1": 4.0,
              "N1": 5.0,
              "n2": 3.0,
              "N2": 3.0,
              "length": 8.0,
              "estimated_program_length": 12.754887502163468,
              "purity_ratio": 1.5943609377704335,
              "vocabulary": 7.0,
              "volume": 22.458839376460833,
              "difficulty": 2.0,
              "level": 0.5,
              "effort": 44.91767875292167,
              "time": 2.495426597384537,
              "bugs": 0.00421201861424495
            },
            "loc": {
              "sloc": 4.0,
              "ploc": 4.0,
              "lloc": 1.0,
              "cloc": 0.0,
              "blank": 0.0
            },
            "nom": {
              "functions": 1.0,
              "closures": 0.0,