{
  "name": "Assets/C/fannkuchredux.c",
  "start_line": 1,
  "end_line": 174,
  "kind": "unit",
  "spaces": [
    {
      "name": "main",
      "start_line": 26,
      "end_line": 173,
      "kind": "function",
      "spaces": [],
      "metrics": {
        "nargs": 2.0,
        "nexits": 1.0,
        "cognitive": 56.0,
        "cyclomatic": {
          "sum": 21.0,
          "average": 21.0
        },
        "halstead": {
          "n1": 30.0,
          "N1": 283.0,
          "n2": 33.0,
          "N2": 238.0,
          "length": 521.0,
          "estimated_program_length": 313.6717238070845,
          "purity_ratio": 0.6020570514531373,
          "vocabulary": 63.0,
          "volume": 3114.162840143457,
          "difficulty": 108.18181818181819,
          "level": 0.009243697478991597,
          "effort": 336895.798160974,
          "time": 18716.43323116522,
          "bugs": 1.6138969773683238
        },
        "loc": {
          "sloc": 148.0,
          "ploc": 81.0,
          "lloc": 41.0,
          "cloc": 39.0,
          "blank": 28.0
        },
        "nom": {
          "functions": 1.0,
          "closures": 0.0,
          "total": 1.0
        },
        "mi": {
          "mi_original": 43.38783981651416,
          "mi_sei": 24.734936310279224,
          "mi_visual_studio": 25.373005740651557
        }
      }
    }
  ],
  "metrics": {
    "nargs": 0.0,
    "nexits": 1.0,
    "cognitive": 56.0,
    "cyclomatic": {
      "sum": 22.0,
      "average": 11.0
    },
    "halstead": {
      "n1": 30.0,
      "N1": 285.0,
      "n2": 33.0,
      "N2": 240.0,
      "length": 525.0,
      "estimated_program_length": 313.6717238070845,
      "purity_ratio": 0.5974699501087324,
      "vocabulary": 63.0,
      "volume": 3138.0719598374562,
      "difficulty": 109.0909090909091,
      "level": 0.009166666666666667,
      "effort": 342335.12289135886,
      "time": 19018.617938408825,
      "bugs": 1.6312219298557251
    },
    "loc": {
      "sloc": 174.0,
      "ploc": 86.0,
      "lloc": 41.0,
      "cloc": 54.0,
      "blank": 34.0
    },
    "nom": {
      "functions": 1.0,
      "closures": 0.0,
      "total": 1.0
    },
    "mi": {
      "mi_original": 40.49621205585848,
      "mi_sei": 22.95379571466426,
      "mi_visual_studio": 23.681995354303204
    }
  }
}