{
  "name": "Assets/C/fasta.c",
  "start_line": 1,
  "end_line": 344,
  "kind": "unit",
  "spaces": [
    {
      "name": null,
      "start_line": 36,
      "end_line": 40,
      "kind": "struct",
      "spaces": [],
      "metrics": {
        "nargs": {
          "sum": 0.0,
          "average": null
        },
        "nexits": {
          "sum": 0.0,
          "average": null
        },
        "cognitive": {
          "sum": 0.0,
          "average": null
        },
        "cyclomatic": {
          "sum": 1.0,
          "average": 1.0
        },
        "halstead": {
          "n1": 3.0,
          "N1": 5.0,
          "n2": 2.0,
          "N2": 2.0,
          "length": 7.0,
          "estimated_program_length": 6.754887502163468,
          "purity_ratio": 0.9649839288804954,
          "vocabulary": 5.0,
          "volume": 16.253496664211536,
          "difficulty": 1.5,
          "level": 0.6666666666666666,
          "effort": 24.380244996317302,
          "time": 1.3544580553509613,
          "bugs": 0.002802662411680566
        },
        "loc": {
          "sloc": 5.0,
          "ploc": 5.0,
          "lloc": 0.0,
          "cloc": 0.0,
          "blank": 0.0
        },
        "nom": {
          "functions": 0.0,
          "closures": 0.0,
          "total": 0.0
        },
        "mi": {
          "mi_original": 130.19790388075432,
          "mi_sei": 112.2368381302939,
          "mi_visual_studio": 76.13912507646452
        }
      }
    },
    {
      "name": "make_Sequence_Buffer",
      "start_line": 46,
      "end_line": 103,
      "kind": "function",
      "spaces": [],
      "metrics": {
        "nargs": {
          "sum": 0.0,
          "average": 0.0
        },
        "nexits": {
          "sum": 1.0,
          "average": 1.0
        },
        "cognitive": {
          "sum": 7.0,
          "average": 7.0
        },
        "cyclomatic": {
          "sum": 6.0,
          "average": 6.0
        },
        "halstead": {
          "n1": 19.0,
          "N1": 101.0,
          "n2": 22.0,
          "N2": 83.0,
          "length": 184.0,
          "estimated_program_length": 178.81811836544864,
          "purity_ratio": 0.9718375998122208,
          "vocabulary": 41.0,
          "volume": 985.7895688497274,
          "difficulty": 35.84090909090909,
          "level": 0.027901077996195307,
          "effort": 35331.59431990955,
          "time": 1962.866351106086,
          "bugs": 0.35891166099909605
        },
        "loc": {
          "sloc": 58.0,
          "ploc": 38.0,
          "lloc": 18.0,
          "cloc": 14.0,
          "blank": 6.0
        },
        "nom": {
          "functions": 1.0,
          "closures": 0.0,
          "total": 1.0
        },
        "mi": {
          "mi_original": 67.99492008254094,
          "mi_sei": 57.49280174881665,
          "mi_visual_studio": 39.763111159380664
        }
      }
    },
    {
      "name": "repeat_And_Wrap_String",
      "start_line": 105,
      "end_line": 121,
      "kind": "function",
      "spaces": [],
      "metrics": {
        "nargs": {
          "sum": 2.0,
          "average": 2.0
        },
        "nexits": {
          "sum": 0.0,
          "average": 0.0
        },
        "cognitive": {
          "sum": 2.0,
          "average": 2.0
        },
        "cyclomatic": {
          "sum": 3.0,
          "average": 3.0
        },
        "halstead": {
          "n1": 14.0,
          "N1": 42.0,
          "n2": 17.0,
          "N2": 37.0,
          "length": 79.0,
          "estimated_program_length": 122.78983721006222,
          "purity_ratio": 1.5543017368362306,
          "vocabulary": 31.0,
          "volume": 391.3815085205631,
          "difficulty": 15.235294117647058,
          "level": 0.06563706563706564,
          "effort": 5962.812394519167,
          "time": 331.2673552510648,
          "bugs": 0.10960898992594403
        },
        "loc": {
          "sloc": 17.0,
          "ploc": 15.0,
          "lloc": 7.0,
          "cloc": 2.0,
          "blank": 0.0
        },
        "nom": {
          "functions": 1.0,
          "closures": 0.0,
          "total": 1.0
        },
        "mi": {
          "mi_original": 93.3695932174532,
          "mi_sei": 84.64415623001813,
          "mi_visual_studio": 54.60210129675626
        }
      }
    },
    {
      "name": "rng_init",
      "start_line": 146,
      "end_line": 150,
      "kind": "function",
      "spaces": [],
      "metrics": {
        "nargs": {
          "sum": 1.0,
          "average": 1.0
        },
        "nexits": {
          "sum": 0.0,
          "average": 0.0
        },
        "cognitive": {
          "sum": 0.0,
          "average": 0.0
        },
        "cyclomatic": {
          "sum": 1.0,
          "average": 1.0
        },
        "halstead": {
          "n1": 5.0,
          "N1": 8.0,
          "n2": 4.0,
          "N2": 4.0,
          "length": 12.0,
          "estimated_program_length": 19.60964047443681,
          "purity_ratio": 1.6341367062030674,
          "vocabulary": 9.0,
          "volume": 38.039100017307746,
          "difficulty": 2.5,
          "level": 0.4,
          "effort": 95.09775004326937,
          "time": 5.2832083357371875,
          "bugs": 0.006944786620971931
        },
        "loc": {
          "sloc": 5.0,
          "ploc": 5.0,
          "lloc": 2.0,
          "cloc": 0.0,
          "blank": 0.0
        },
        "nom": {
          "functions": 1.0,
          "closures": 0.0,
          "total": 1.0
        },
        "mi": {
          "mi_original": 125.77631001012679,
          "mi_sei": 105.85782658031451,
          "mi_visual_studio": 73.55339766674082
        }
      }
    },
    {
      "name": "rng_gen_blk",
      "start_line": 152,
      "end_line": 178,
      "kind": "function",
      "spaces": [],
      "metrics": {
        "nargs": {
          "sum": 3.0,
          "average": 3.0
        },
        "nexits": {
          "sum": 1.0,
          "average": 1.0
        },
        "cognitive": {
          "sum": 5.0,
          "average": 5.0
        },
        "cyclomatic": {
          "sum": 5.0,
          "average": 5.0
        },
        "halstead": {
          "n1": 20.0,
          "N1": 51.0,
          "n2": 17.0,
          "N2": 36.0,
          "length": 87.0,
          "estimated_program_length": 155.92543019900302,
          "purity_ratio": 1.7922463241264714,
          "vocabulary": 37.0,
          "volume": 453.22244280971864,
          "difficulty": 21.176470588235293,
          "level": 0.04722222222222222,
          "effort": 9597.651730088159,
          "time": 533.2028738937865,
          "bugs": 0.15054121021326405
        },
        "loc": {
          "sloc": 27.0,
          "ploc": 22.0,
          "lloc": 12.0,
          "cloc": 2.0,
          "blank": 3.0
        },
        "nom": {
          "functions": 1.0,
          "closures": 0.0,
          "total": 1.0
        },
        "mi": {
          "mi_original": 84.65225091753888,
          "mi_sei": 67.39836250987781,
          "mi_visual_studio": 49.50424030265432
        }
      }
    },
    {
      "name": "out_init",
      "start_line": 193,
      "end_line": 197,
      "kind": "function",
      "spaces": [],
      "metrics": {
        "nargs": {
          "sum": 1.0,
          "average": 1.0
        },
        "nexits": {
          "sum": 0.0,
          "average": 0.0
        },
        "cognitive": {
          "sum": 0.0,
          "average": 0.0
        },
        "cyclomatic": {
          "sum": 1.0,
          "average": 1.0
        },
        "halstead": {
          "n1": 5.0,
          "N1": 8.0,
          "n2": 4.0,
          "N2": 4.0,
          "length": 12.0,
          "estimated_program_length": 19.60964047443681,
          "purity_ratio": 1.6341367062030674,
          "vocabulary": 9.0,
          "volume": 38.039100017307746,
          "difficulty": 2.5,
          "level": 0.4,
          "effort": 95.09775004326937,
          "time": 5.2832083357371875,