{
  "name": "Assets/JavaScript/knucleotide.js",
  "start_line": 1,
  "end_line": 92,
  "kind": "unit",
  "spaces": [
    {
      "name": "RefNum",
      "start_line": 13,
      "end_line": 13,
      "kind": "function",
      "spaces": [],
      "metrics": {
        "nargs": 1.0,
        "nexits": 0.0,
        "cognitive": 0.0,
        "cyclomatic": {
          "sum": 1.0,
          "average": 1.0
        },
        "halstead": {
          "n1": 4.0,
          "N1": 4.0,
          "n2": 3.0,
          "N2": 4.0,
          "length": 8.0,
          "estimated_program_length": 12.754887502163468,
          "purity_ratio": 1.5943609377704335,
          "vocabulary": 7.0,
          "volume": 22.458839376460833,
          "difficulty": 2.6666666666666665,
          "level": 0.375,
          "effort": 59.89023833722889,
          "time": 3.327235463179383,
          "bugs": 0.005102497174224526
        },
        "loc": {
          "sloc": 1.0,
          "ploc": 1.0,
          "lloc": 2.0,
          "cloc": 0.0,
          "blank": 0.0
        },
        "nom": {
          "functions": 1.0,
          "closures": 0.0,
          "total": 1.0
        },
        "mi": {
          "mi_original": 154.58924178123317,
          "mi_sei": 147.42610035996177,
          "mi_visual_studio": 90.40306536914221
        }
      }
    },
    {
      "name": "<anonymous>",
      "start_line": 14,
      "end_line": 14,
      "kind": "function",
      "spaces": [],
      "metrics": {
        "nargs": 0.0,
        "nexits": 1.0,
        "cognitive": 0.0,
        "cyclomatic": {
          "sum": 1.0,
          "average": 1.0
        },
        "halstead": {
          "n1": 4.0,
          "N1": 6.0,
          "n2": 1.0,
          "N2": 1.0,
          "length": 7.0,
          "estimated_program_length": 8.0,
          "purity_ratio": 1.1428571428571428,
          "vocabulary": 5.0,
          "volume": 16.253496664211536,
          "difficulty": 2.0,
          "level": 0.5,
          "effort": 32.50699332842307,
          "time": 1.8059440738012817,
          "bugs": 0.0033951837220142296
        },
        "loc": {
          "sloc": 1.0,
          "ploc": 1.0,
          "lloc": 2.0,
          "cloc": 0.0,
          "blank": 0.0
        },
        "nom": {
          "functions": 1.0,
          "closures": 0.0,
          "total": 1.0
        },
        "mi": {
          "mi_original": 156.27079806218674,
          "mi_sei": 149.85207326746917,
          "mi_visual_studio": 91.3864316153139
        }
      }
    },
    {
      "name": "frequency",
      "start_line": 16,
      "end_line": 24,
      "kind": "function",
      "spaces": [],
      "metrics": {
        "nargs": 2.0,
        "nexits": 1.0,
        "cognitive": 3.0,
        "cyclomatic": {
          "sum": 3.0,
          "average": 3.0
        },
        "halstead": {
          "n1": 16.0,
          "N1": 39.0,
          "n2": 13.0,
          "N2": 31.0,
          "length": 70.0,
          "estimated_program_length": 112.10571633583419,
          "purity_ratio": 1.6015102333690598,
          "vocabulary": 29.0,
          "volume": 340.05866965893006,
          "difficulty": 19.076923076923077,
          "level": 0.05241935483870968,
          "effort": 6487.273082724204,
          "time": 360.40406015134465,
          "bugs": 0.11594540234073789
        },
        "loc": {
          "sloc": 9.0,
          "ploc": 9.0,
          "lloc": 9.0,
          "cloc": 0.0,
          "blank": 0.0
        },
        "nom": {
          "functions": 1.0,
          "closures": 0.0,
          "total": 1.0
        },
        "mi": {
          "mi_original": 104.40354741232339,
          "mi_sei": 75.22708768917538,
          "mi_visual_studio": 61.054706089078
        }
      }
    },
    {
      "name": "sort",
      "start_line": 26,
      "end_line": 34,
      "kind": "function",
      "spaces": [
        {
          "name": "<anonymous>",
          "start_line": 29,
          "end_line": 29,
          "kind": "function",
          "spaces": [],
          "metrics": {
            "nargs": 2.0,
            "nexits": 0.0,
            "cognitive": 0.0,
            "cyclomatic": {
              "sum": 1.0,
              "average": 1.0
            },
            "halstead": {
              "n1": 4.0,
              "N1": 7.0,
              "n2": 3.0,
              "N2": 6.0,
              "length": 13.0,
              "estimated_program_length": 12.754887502163468,
              "purity_ratio": 0.9811451924741129,
              "vocabulary": 7.0,
              "volume": 36.49561398674886,
              "difficulty": 4.0,
              "level": 0.25,
              "effort": 145.98245594699543,
              "time": 8.110136441499746,
              "bugs": 0.009241572093397096
            },
            "loc": {
              "sloc": 1.0,
              "ploc": 1.0,
              "lloc": 0.0,
              "cloc": 0.0,
              "blank": 0.0
            },
            "nom": {
              "functions": 0.0,
              "closures": 1.0,
              "total": 1.0
            },
            "mi": {
              "mi_original": 152.06460113916833,
              "mi_sei": 143.78381382562807,
              "mi_visual_studio": 88.92666733284698
            }
          }
        }
      ],
      "metrics": {
        "nargs": 2.0,
        "nexits": 1.0,
        "cognitive": 1.0,
        "cyclomatic": {
          "sum": 3.0,
          "average": 1.5
        },
        "halstead": {
          "n1": 14.0,
          "N1": 48.0,
          "n2": 18.0,
          "N2": 37.0,
          "length": 85.0,
          "estimated_program_length": 128.36161893476807,
          "purity_ratio": 1.5101366933502127,
          "vocabulary": 32.0,
          "volume": 425.0,
          "difficulty": 14.38888888888889,
          "level": 0.0694980694980695,
          "effort": 6115.277777777778,
          "time": 339.7376543209877,
          "bugs": 0.11146953889588519
        },
        "loc": {
          "sloc": 9.0,
          "ploc": 9.0,
          "lloc": 6.0,
          "cloc": 0.0,
          "blank": 0.0
        },
        "nom": {
          "functions": 1.0,
          "closures": 1.0,
          "total": 2.0
        },
        "mi": {
          "mi_original": 103.24409816874628,
          "mi_sei": 73.55435601530421,
          "mi_visual_studio": 60.376665595758055
        }
      }
    },
    {
      "name": "find",
      "start_line": 36,
      "end_line": 39,
      "kind": "function",
      "spaces": [],
      "metrics": {
        "nargs": 2.0,
        "nexits": 1.0,
        "cognitive": 1.0,
        "cyclomatic": {
          "sum": 2.0,
          "average": 2.0
        },
        "halstead": {
          "n1": 9.0,
          "N1": 18.0,
          "n2": 8.0,
          "N2": 13.0,
          "length": 31.0,
          "estimated_program_length": 52.529325012980806,
          "purity_ratio": 1.6944943552574454,
          "vocabulary": 17.0,
          "volume": 126.71134807876051,
          "difficulty": 7.3125,
          "level": 0.13675213675213677,
          "effort": 926.5767328259362,
          "time": 51.47648515699646,
          "bugs": 0.031681057685672545
        },
        "loc": {
          "sloc": 4.0,
          "ploc": 4.0,
          "lloc": 2.0,
          "cloc": 0.0,
          "blank": 0.0
        },
        "nom": {
          "functions": 1.0,
          "closures": 0.0,
          "total": 1.0
        },
        "mi": {
          "mi_original": 122.9040907706815,
          "mi_sei": 101.81590998662537,
          "mi_visual_studio": 71.8737372927962
        }
      }
    },
    {
      "name": "master",
      "start_line": 41,
      "end_line": 58,
      "kind": "function",
      "spaces": [
        {
          "name": "messageHandler",
          "start_line": 47,
          "end_line": 55,
          "kind": "function",
          "spaces": [
            {
              "name": "<anonymous>",
              "start_line": 48,
              "end_line": 54,