{
  "name": "Assets/C++/knucleotide.cpp",
  "start_line": 1,
  "end_line": 154,
  "kind": "unit",
  "spaces": [
    {
      "name": "init",
      "start_line": 22,
      "end_line": 32,
      "kind": "function",
      "spaces": [],
      "metrics": {
        "nargs": 0.0,
        "nexits": 0.0,
        "cognitive": 0.0,
        "cyclomatic": {
          "sum": 1.0,
          "average": 1.0
        },
        "halstead": {
          "n1": 6.0,
          "N1": 27.0,
          "n2": 7.0,
          "N2": 17.0,
          "length": 44.0,
          "estimated_program_length": 35.161259458730164,
          "purity_ratio": 0.7991195331529583,
          "vocabulary": 13.0,
          "volume": 162.81934759820805,
          "difficulty": 7.285714285714286,
          "level": 0.13725490196078433,
          "effort": 1186.2552467869443,
          "time": 65.90306926594135,
          "bugs": 0.03735346057671736
        },
        "loc": {
          "sloc": 11.0,
          "ploc": 11.0,
          "lloc": 8.0,
          "cloc": 0.0,
          "blank": 0.0
        },
        "nom": {
          "functions": 1.0,
          "closures": 0.0,
          "total": 1.0
        },
        "mi": {
          "mi_original": 105.4423618765766,
          "mi_sei": 76.5221404463483,
          "mi_visual_studio": 61.66219992782257
        }
      }
    },
    {
      "name": "T",
      "start_line": 34,
      "end_line": 75,
      "kind": "struct",
      "spaces": [
        {
          "name": "T",
          "start_line": 35,
          "end_line": 39,
          "kind": "function",
          "spaces": [],
          "metrics": {
            "nargs": 1.0,
            "nexits": 0.0,
            "cognitive": 0.0,
            "cyclomatic": {
              "sum": 1.0,
              "average": 1.0
            },
            "halstead": {
              "n1": 9.0,
              "N1": 19.0,
              "n2": 7.0,
              "N2": 14.0,
              "length": 33.0,
              "estimated_program_length": 48.18080946738404,
              "purity_ratio": 1.4600245293146679,
              "vocabulary": 16.0,
              "volume": 132.0,
              "difficulty": 9.0,
              "level": 0.1111111111111111,
              "effort": 1188.0,
              "time": 66.0,
              "bugs": 0.0373900781062185
            },
            "loc": {
              "sloc": 5.0,
              "ploc": 5.0,
              "lloc": 1.0,
              "cloc": 0.0,
              "blank": 0.0
            },
            "nom": {
              "functions": 1.0,
              "closures": 0.0,
              "total": 1.0
            },
            "mi": {
              "mi_original": 119.30653582111847,
              "mi_sei": 96.52391544216079,
              "mi_visual_studio": 69.76990398895816
            }
          }
        },
        {
          "name": "reset",
          "start_line": 40,
          "end_line": 49,
          "kind": "function",
          "spaces": [],
          "metrics": {
            "nargs": 3.0,
            "nexits": 0.0,
            "cognitive": 1.0,
            "cyclomatic": {
              "sum": 2.0,
              "average": 2.0
            },
            "halstead": {
              "n1": 15.0,
              "N1": 27.0,
              "n2": 12.0,
              "N2": 22.0,
              "length": 49.0,
              "estimated_program_length": 101.62290894278166,
              "purity_ratio": 2.073936917199626,
              "vocabulary": 27.0,
              "volume": 232.98948760600993,
              "difficulty": 13.75,
              "level": 0.07272727272727272,
              "effort": 3203.6054545826364,
              "time": 177.97808081014648,
              "bugs": 0.0724388301790101
            },
            "loc": {
              "sloc": 10.0,
              "ploc": 10.0,
              "lloc": 5.0,
              "cloc": 0.0,
              "blank": 0.0
            },
            "nom": {
              "functions": 1.0,
              "closures": 0.0,
              "total": 1.0
            },
            "mi": {
              "mi_original": 104.89295615161554,
              "mi_sei": 75.83133539091541,
              "mi_visual_studio": 61.34091003018453
            }
          }
        },
        {
          "name": "operator<",
          "start_line": 50,
          "end_line": 53,
          "kind": "function",
          "spaces": [],
          "metrics": {
            "nargs": 1.0,
            "nexits": 1.0,
            "cognitive": 0.0,
            "cyclomatic": {
              "sum": 1.0,
              "average": 1.0
            },
            "halstead": {
              "n1": 8.0,
              "N1": 8.0,
              "n2": 3.0,
              "N2": 5.0,
              "length": 13.0,
              "estimated_program_length": 28.75488750216347,
              "purity_ratio": 2.2119144232433436,
              "vocabulary": 11.0,
              "volume": 44.97261104228487,
              "difficulty": 6.666666666666667,
              "level": 0.15,
              "effort": 299.8174069485658,
              "time": 16.656522608253656,
              "bugs": 0.014931953922627762
            },
            "loc": {
              "sloc": 4.0,
              "ploc": 4.0,
              "lloc": 1.0,
              "cloc": 0.0,
              "blank": 0.0
            },
            "nom": {
              "functions": 1.0,
              "closures": 0.0,
              "total": 1.0
            },
            "mi": {
              "mi_original": 128.52055231282995,
              "mi_sei": 109.81693134142208,
              "mi_visual_studio": 75.15821772680114
            }
          }
        },
        {
          "name": "operator==",
          "start_line": 54,
          "end_line": 57,
          "kind": "function",
          "spaces": [],
          "metrics": {
            "nargs": 1.0,
            "nexits": 1.0,
            "cognitive": 0.0,
            "cyclomatic": {
              "sum": 1.0,
              "average": 1.0
            },
            "halstead": {
              "n1": 8.0,
              "N1": 8.0,
              "n2": 3.0,
              "N2": 5.0,
              "length": 13.0,
              "estimated_program_length": 28.75488750216347,
              "purity_ratio": 2.2119144232433436,
              "vocabulary": 11.0,
              "volume": 44.97261104228487,
              "difficulty": 6.666666666666667,
              "level": 0.15,
              "effort": 299.8174069485658,
              "time": 16.656522608253656,
              "bugs": 0.014931953922627762
            },
            "loc": {
              "sloc": 4.0,
              "ploc": 4.0,
              "lloc": 1.0,
              "cloc": 0.0,
              "blank": 0.0
            },
            "nom": {
              "functions": 1.0,
              "closures": 0.0,
              "total": 1.0
            },
            "mi": {
              "mi_original": 128.52055231282995,
              "mi_sei": 109.81693134142208,
              "mi_visual_studio": 75.15821772680114
            }
          }
        },
        {
          "name": "operator std::string()const",
          "start_line": 58,
          "end_line": 69,
          "kind": "function",
          "spaces": [],
          "metrics": {
            "nargs": 0.0,
            "nexits": 1.0,
            "cognitive": 1.0,
            "cyclomatic": {
              "sum": 2.0,
              "average": 2.0
            },
            "halstead": {
              "n1": 16.0,
              "N1": 32.0,
              "n2": 13.0,
              "N2": 22.0,
              "length": 54.0,
              "estimated_program_length": 112.10571633583419,
              "purity_ratio": 2.0760317839969296,
              "vocabulary": 29.0,
              "volume": 262.3309737368889,
              "difficulty": 13.538461538461538,
              "level": 0.07386363636363637,
              "effort": 3551.557798284034,
              "time": 197.30876657133524,