{
  "name": "Assets/C++/mandelbrot.cpp",
  "start_line": 1,
  "end_line": 177,
  "kind": "unit",
  "spaces": [
    {
      "name": "numDigits",
      "start_line": 28,
      "end_line": 37,
      "kind": "function",
      "spaces": [],
      "metrics": {
        "nargs": {
          "sum": 1.0,
          "average": 1.0
        },
        "nexits": {
          "sum": 1.0,
          "average": 1.0
        },
        "cognitive": {
          "sum": 1.0,
          "average": 1.0
        },
        "cyclomatic": {
          "sum": 2.0,
          "average": 2.0
        },
        "halstead": {
          "n1": 9.0,
          "N1": 15.0,
          "n2": 5.0,
          "N2": 10.0,
          "length": 25.0,
          "estimated_program_length": 40.13896548741762,
          "purity_ratio": 1.6055586194967049,
          "vocabulary": 14.0,
          "volume": 95.1838730514401,
          "difficulty": 9.0,
          "level": 0.1111111111111111,
          "effort": 856.6548574629609,
          "time": 47.59193652572005,
          "bugs": 0.030066485534799934
        },
        "loc": {
          "sloc": 10.0,
          "ploc": 10.0,
          "lloc": 4.0,
          "cloc": 0.0,
          "blank": 0.0
        },
        "nom": {
          "functions": 1.0,
          "closures": 0.0,
          "total": 1.0
        },
        "mi": {
          "mi_original": 109.54790675451487,
          "mi_sei": 82.54700954130136,
          "mi_visual_studio": 64.06310336521337
        }
      }
    },
    {
      "name": "vec_le",
      "start_line": 41,
      "end_line": 52,
      "kind": "function",
      "spaces": [],
      "metrics": {
        "nargs": {
          "sum": 2.0,
          "average": 2.0
        },
        "nexits": {
          "sum": 1.0,
          "average": 1.0
        },
        "cognitive": {
          "sum": 1.0,
          "average": 1.0
        },
        "cyclomatic": {
          "sum": 8.0,
          "average": 8.0
        },
        "halstead": {
          "n1": 10.0,
          "N1": 33.0,
          "n2": 11.0,
          "N2": 27.0,
          "length": 60.0,
          "estimated_program_length": 71.27302875388389,
          "purity_ratio": 1.1878838125647315,
          "vocabulary": 21.0,
          "volume": 263.53904536672565,
          "difficulty": 12.272727272727273,
          "level": 0.08148148148148147,
          "effort": 3234.342829500724,
          "time": 179.6857127500402,
          "bugs": 0.07290144104699739
        },
        "loc": {
          "sloc": 12.0,
          "ploc": 12.0,
          "lloc": 1.0,
          "cloc": 0.0,
          "blank": 0.0
        },
        "nom": {
          "functions": 1.0,
          "closures": 0.0,
          "total": 1.0
        },
        "mi": {
          "mi_original": 99.91866428226288,
          "mi_sei": 69.26586833549281,
          "mi_visual_studio": 58.431967416528
        }
      }
    },
    {
      "name": "pixels",
      "start_line": 56,
      "end_line": 68,
      "kind": "function",
      "spaces": [],
      "metrics": {
        "nargs": {
          "sum": 2.0,
          "average": 2.0
        },
        "nexits": {
          "sum": 1.0,
          "average": 1.0
        },
        "cognitive": {
          "sum": 8.0,
          "average": 8.0
        },
        "cyclomatic": {
          "sum": 9.0,
          "average": 9.0
        },
        "halstead": {
          "n1": 12.0,
          "N1": 60.0,
          "n2": 20.0,
          "N2": 46.0,
          "length": 106.0,
          "estimated_program_length": 129.45811190640111,
          "purity_ratio": 1.221302942513218,
          "vocabulary": 32.0,
          "volume": 530.0,
          "difficulty": 13.8,
          "level": 0.07246376811594203,
          "effort": 7314.0,
          "time": 406.3333333333333,
          "bugs": 0.12559780492104522
        },
        "loc": {
          "sloc": 13.0,
          "ploc": 13.0,
          "lloc": 17.0,
          "cloc": 0.0,
          "blank": 0.0
        },
        "nom": {
          "functions": 1.0,
          "closures": 0.0,
          "total": 1.0
        },
        "mi": {
          "mi_original": 94.75885997508303,
          "mi_sei": 61.92366410897138,
          "mi_visual_studio": 55.41453799712458
        }
      }
    },
    {
      "name": "calcSum",
      "start_line": 75,
      "end_line": 93,
      "kind": "function",
      "spaces": [],
      "metrics": {
        "nargs": {
          "sum": 5.0,
          "average": 5.0
        },
        "nexits": {
          "sum": 0.0,
          "average": 0.0
        },
        "cognitive": {
          "sum": 1.0,
          "average": 1.0
        },
        "cyclomatic": {
          "sum": 2.0,
          "average": 2.0
        },
        "halstead": {
          "n1": 14.0,
          "N1": 70.0,
          "n2": 17.0,
          "N2": 54.0,
          "length": 124.0,
          "estimated_program_length": 122.78983721006222,
          "purity_ratio": 0.990240622661792,
          "vocabulary": 31.0,
          "volume": 614.3203424879725,
          "difficulty": 22.235294117647058,
          "level": 0.04497354497354498,
          "effort": 13659.593497673743,
          "time": 758.8663054263191,
          "bugs": 0.19047468413584526
        },
        "loc": {
          "sloc": 19.0,
          "ploc": 16.0,
          "lloc": 4.0,
          "cloc": 0.0,
          "blank": 3.0
        },
        "nom": {
          "functions": 1.0,
          "closures": 0.0,
          "total": 1.0
        },
        "mi": {
          "mi_original": 89.45340262034988,
          "mi_sei": 53.556768077818745,
          "mi_visual_studio": 52.311931356929755
        }
      }
    },
    {
      "name": "mand8",
      "start_line": 100,
      "end_line": 130,
      "kind": "function",
      "spaces": [],
      "metrics": {
        "nargs": {
          "sum": 2.0,
          "average": 2.0
        },
        "nexits": {
          "sum": 1.0,
          "average": 1.0
        },
        "cognitive": {
          "sum": 7.0,
          "average": 7.0
        },
        "cyclomatic": {
          "sum": 6.0,
          "average": 6.0
        },
        "halstead": {
          "n1": 15.0,
          "N1": 75.0,
          "n2": 21.0,
          "N2": 53.0,
          "length": 128.0,
          "estimated_program_length": 150.84202481248175,
          "purity_ratio": 1.1784533188475137,
          "vocabulary": 36.0,
          "volume": 661.750400184616,
          "difficulty": 18.928571428571427,
          "level": 0.052830188679245285,
          "effort": 12525.98971778023,
          "time": 695.8883176544573,
          "bugs": 0.17978499645464024
        },
        "loc": {
          "sloc": 31.0,
          "ploc": 26.0,
          "lloc": 12.0,
          "cloc": 0.0,
          "blank": 5.0
        },
        "nom": {
          "functions": 1.0,
          "closures": 0.0,
          "total": 1.0
        },
        "mi": {
          "mi_original": 80.21598736895243,
          "mi_sei": 40.63727434161342,
          "mi_visual_studio": 46.90993413389031
        }
      }
    },
    {
      "name": "main",
      "start_line": 132,
      "end_line": 177,
      "kind": "function",
      "spaces": [],
      "metrics": {
        "nargs": {
          "sum": 2.0,
          "average": 2.0
        },
        "nexits": {
          "sum": 1.0,
          "average": 1.0
        },
        "cognitive": {
          "sum": 5.0,
          "average": 5.0
        },
        "cyclomatic": {
          "sum": 5.0,
          "average": 5.0
        },
        "halstead": {
          "n1": 25.0,
          "N1": 99.0,
          "n2": 28.0,
          "N2": 74.0,
          "length": 173.0,
          "estimated_program_length": 250.70234256198103,
          "purity_ratio": 1.4491464887975782,
          "vocabulary": 53.0,
          "volume": 990.9302386394334,
          "difficulty": 33.035714285714285,
          "level": 0.03027027027027027,
          "effort": 32736.088240766992,
          "time": 1818.6715689314997,