{
  "name": "Assets/JavaScript/nbody.js",
  "start_line": 1,
  "end_line": 162,
  "kind": "unit",
  "spaces": [
    {
      "name": "Body",
      "start_line": 9,
      "end_line": 17,
      "kind": "function",
      "spaces": [],
      "metrics": {
        "nargs": 7.0,
        "nexits": 0.0,
        "cognitive": 0.0,
        "cyclomatic": {
          "sum": 1.0,
          "average": 1.0
        },
        "halstead": {
          "n1": 5.0,
          "N1": 22.0,
          "n2": 9.0,
          "N2": 22.0,
          "length": 44.0,
          "estimated_program_length": 40.13896548741762,
          "purity_ratio": 0.9122492156231278,
          "vocabulary": 14.0,
          "volume": 167.52361657053459,
          "difficulty": 6.111111111111111,
          "level": 0.16363636363636364,
          "effort": 1023.7554345977113,
          "time": 56.875301922095076,
          "bugs": 0.033859163569322136
        },
        "loc": {
          "sloc": 9.0,
          "ploc": 9.0,
          "lloc": 8.0,
          "cloc": 0.0,
          "blank": 0.0
        },
        "nom": {
          "functions": 1.0,
          "closures": 0.0,
          "total": 1.0
        },
        "mi": {
          "mi_original": 108.54511530111135,
          "mi_sei": 80.9984674250258,
          "mi_visual_studio": 63.476675614685
        }
      }
    },
    {
      "name": "<anonymous>",
      "start_line": 19,
      "end_line": 24,
      "kind": "function",
      "spaces": [],
      "metrics": {
        "nargs": 3.0,
        "nexits": 1.0,
        "cognitive": 0.0,
        "cyclomatic": {
          "sum": 1.0,
          "average": 1.0
        },
        "halstead": {
          "n1": 8.0,
          "N1": 17.0,
          "n2": 5.0,
          "N2": 13.0,
          "length": 30.0,
          "estimated_program_length": 35.60964047443681,
          "purity_ratio": 1.1869880158145603,
          "vocabulary": 13.0,
          "volume": 111.01319154423277,
          "difficulty": 10.4,
          "level": 0.09615384615384615,
          "effort": 1154.5371920600207,
          "time": 64.1409551144456,
          "bugs": 0.036684620480674494
        },
        "loc": {
          "sloc": 6.0,
          "ploc": 6.0,
          "lloc": 5.0,
          "cloc": 0.0,
          "blank": 0.0
        },
        "nom": {
          "functions": 1.0,
          "closures": 0.0,
          "total": 1.0
        },
        "mi": {
          "mi_original": 117.25332160614747,
          "mi_sei": 93.56175347633945,
          "mi_visual_studio": 68.56919392172367
        }
      }
    },
    {
      "name": "Jupiter",
      "start_line": 26,
      "end_line": 36,
      "kind": "function",
      "spaces": [],
      "metrics": {
        "nargs": 0.0,
        "nexits": 1.0,
        "cognitive": 0.0,
        "cyclomatic": {
          "sum": 1.0,
          "average": 1.0
        },
        "halstead": {
          "n1": 7.0,
          "N1": 18.0,
          "n2": 11.0,
          "N2": 13.0,
          "length": 31.0,
          "estimated_program_length": 57.70523225941349,
          "purity_ratio": 1.8614591051423708,
          "vocabulary": 18.0,
          "volume": 129.26767504471167,
          "difficulty": 4.136363636363637,
          "level": 0.24175824175824173,
          "effort": 534.6981104122165,
          "time": 29.70545057845647,
          "bugs": 0.021959267281144532
        },
        "loc": {
          "sloc": 11.0,
          "ploc": 11.0,
          "lloc": 2.0,
          "cloc": 0.0,
          "blank": 0.0
        },
        "nom": {
          "functions": 1.0,
          "closures": 0.0,
          "total": 1.0
        },
        "mi": {
          "mi_original": 106.64229325535027,
          "mi_sei": 78.25327549591212,
          "mi_visual_studio": 62.363914184415364
        }
      }
    },
    {
      "name": "Saturn",
      "start_line": 38,
      "end_line": 48,
      "kind": "function",
      "spaces": [],
      "metrics": {
        "nargs": 0.0,
        "nexits": 1.0,
        "cognitive": 0.0,
        "cyclomatic": {
          "sum": 1.0,
          "average": 1.0
        },
        "halstead": {
          "n1": 7.0,
          "N1": 17.0,
          "n2": 11.0,
          "N2": 13.0,
          "length": 30.0,
          "estimated_program_length": 57.70523225941349,
          "purity_ratio": 1.9235077419804498,
          "vocabulary": 18.0,
          "volume": 125.09775004326937,
          "difficulty": 4.136363636363637,
          "level": 0.24175824175824173,
          "effort": 517.449784269887,
          "time": 28.747210237215945,
          "bugs": 0.02148444893631736
        },
        "loc": {
          "sloc": 11.0,
          "ploc": 11.0,
          "lloc": 2.0,
          "cloc": 0.0,
          "blank": 0.0
        },
        "nom": {
          "functions": 1.0,
          "closures": 0.0,
          "total": 1.0
        },
        "mi": {
          "mi_original": 106.81280033402982,
          "mi_sei": 78.49926521275957,
          "mi_visual_studio": 62.46362592633323
        }
      }
    },
    {
      "name": "Uranus",
      "start_line": 50,
      "end_line": 60,
      "kind": "function",
      "spaces": [],
      "metrics": {
        "nargs": 0.0,
        "nexits": 1.0,
        "cognitive": 0.0,
        "cyclomatic": {
          "sum": 1.0,
          "average": 1.0
        },
        "halstead": {
          "n1": 7.0,
          "N1": 18.0,
          "n2": 11.0,
          "N2": 13.0,
          "length": 31.0,
          "estimated_program_length": 57.70523225941349,
          "purity_ratio": 1.8614591051423708,
          "vocabulary": 18.0,
          "volume": 129.26767504471167,
          "difficulty": 4.136363636363637,
          "level": 0.24175824175824173,
          "effort": 534.6981104122165,
          "time": 29.70545057845647,
          "bugs": 0.021959267281144532
        },
        "loc": {
          "sloc": 11.0,
          "ploc": 11.0,
          "lloc": 2.0,
          "cloc": 0.0,
          "blank": 0.0
        },
        "nom": {
          "functions": 1.0,
          "closures": 0.0,
          "total": 1.0
        },
        "mi": {
          "mi_original": 106.64229325535027,
          "mi_sei": 78.25327549591212,
          "mi_visual_studio": 62.363914184415364
        }
      }
    },
    {
      "name": "Neptune",
      "start_line": 62,
      "end_line": 72,
      "kind": "function",
      "spaces": [],
      "metrics": {
        "nargs": 0.0,
        "nexits": 1.0,
        "cognitive": 0.0,
        "cyclomatic": {
          "sum": 1.0,
          "average": 1.0
        },
        "halstead": {
          "n1": 7.0,
          "N1": 17.0,
          "n2": 11.0,
          "N2": 13.0,
          "length": 30.0,
          "estimated_program_length": 57.70523225941349,
          "purity_ratio": 1.9235077419804498,
          "vocabulary": 18.0,
          "volume": 125.09775004326937,
          "difficulty": 4.136363636363637,
          "level": 0.24175824175824173,
          "effort": 517.449784269887,
          "time": 28.747210237215945,
          "bugs": 0.02148444893631736
        },
        "loc": {
          "sloc": 11.0,
          "ploc": 11.0,
          "lloc": 2.0,
          "cloc": 0.0,
          "blank": 0.0
        },
        "nom": {
          "functions": 1.0,
          "closures": 0.0,
          "total": 1.0
        },
        "mi": {
          "mi_original": 106.81280033402982,
          "mi_sei": 78.49926521275957,
          "mi_visual_studio": 62.46362592633323
        }
      }
    },
    {
      "name": "Sun",
      "start_line": 74,
      "end_line": 76,
      "kind": "function",
      "spaces": [],
      "metrics": {
        "nargs": 0.0,
        "nexits": 1.0,
        "cognitive": 0.0,
        "cyclomatic": {
          "sum": 1.0,
          "average": 1.0
        },
        "halstead": {
          "n1": 5.0,
          "N1": 11.0,
          "n2": 4.0,
          "N2": 9.0,
          "length": 20.0,
          "estimated_program_length": 19.60964047443681,