{
  "name": "Assets/JavaScript/revcomp.js",
  "start_line": 1,
  "end_line": 186,
  "kind": "unit",
  "spaces": [
    {
      "name": "LinkedArray",
      "start_line": 22,
      "end_line": 27,
      "kind": "function",
      "spaces": [],
      "metrics": {
        "nargs": {
          "sum": 1.0,
          "average": 1.0
        },
        "nexits": {
          "sum": 0.0,
          "average": 0.0
        },
        "cognitive": {
          "sum": 0.0,
          "average": 0.0
        },
        "cyclomatic": {
          "sum": 1.0,
          "average": 1.0
        },
        "halstead": {
          "n1": 5.0,
          "N1": 11.0,
          "n2": 5.0,
          "N2": 9.0,
          "length": 20.0,
          "estimated_program_length": 23.21928094887362,
          "purity_ratio": 1.160964047443681,
          "vocabulary": 10.0,
          "volume": 66.43856189774725,
          "difficulty": 4.5,
          "level": 0.2222222222222222,
          "effort": 298.9735285398626,
          "time": 16.609640474436812,
          "bugs": 0.014903922034486459
        },
        "loc": {
          "sloc": 6.0,
          "ploc": 6.0,
          "lloc": 5.0,
          "cloc": 0.0,
          "blank": 0.0
        },
        "nom": {
          "functions": 1.0,
          "closures": 0.0,
          "total": 1.0
        },
        "mi": {
          "mi_original": 119.92285287371075,
          "mi_sei": 97.41307299755098,
          "mi_visual_studio": 70.1303233179595
        }
      }
    },
    {
      "name": "reverseCompPrint",
      "start_line": 29,
      "end_line": 66,
      "kind": "function",
      "spaces": [],
      "metrics": {
        "nargs": {
          "sum": 1.0,
          "average": 1.0
        },
        "nexits": {
          "sum": 0.0,
          "average": 0.0
        },
        "cognitive": {
          "sum": 8.0,
          "average": 8.0
        },
        "cyclomatic": {
          "sum": 5.0,
          "average": 5.0
        },
        "halstead": {
          "n1": 17.0,
          "N1": 71.0,
          "n2": 21.0,
          "N2": 63.0,
          "length": 134.0,
          "estimated_program_length": 161.72553417960972,
          "purity_ratio": 1.2069069714896248,
          "vocabulary": 38.0,
          "volume": 703.2222868014404,
          "difficulty": 25.5,
          "level": 0.0392156862745098,
          "effort": 17932.16831343673,
          "time": 996.2315729687073,
          "bugs": 0.22836731704421015
        },
        "loc": {
          "sloc": 38.0,
          "ploc": 34.0,
          "lloc": 24.0,
          "cloc": 2.0,
          "blank": 2.0
        },
        "nom": {
          "functions": 1.0,
          "closures": 0.0,
          "total": 1.0
        },
        "mi": {
          "mi_original": 76.83160440821615,
          "mi_sei": 53.05152895864792,
          "mi_visual_studio": 44.93076281182231
        }
      }
    },
    {
      "name": "reverse",
      "start_line": 69,
      "end_line": 98,
      "kind": "function",
      "spaces": [],
      "metrics": {
        "nargs": {
          "sum": 1.0,
          "average": 1.0
        },
        "nexits": {
          "sum": 0.0,
          "average": 0.0
        },
        "cognitive": {
          "sum": 6.0,
          "average": 6.0
        },
        "cyclomatic": {
          "sum": 5.0,
          "average": 5.0
        },
        "halstead": {
          "n1": 16.0,
          "N1": 50.0,
          "n2": 16.0,
          "N2": 42.0,
          "length": 92.0,
          "estimated_program_length": 128.0,
          "purity_ratio": 1.391304347826087,
          "vocabulary": 32.0,
          "volume": 460.0,
          "difficulty": 21.0,
          "level": 0.047619047619047616,
          "effort": 9660.0,
          "time": 536.6666666666666,
          "bugs": 0.15119247028498897
        },
        "loc": {
          "sloc": 30.0,
          "ploc": 27.0,
          "lloc": 22.0,
          "cloc": 1.0,
          "blank": 2.0
        },
        "nom": {
          "functions": 1.0,
          "closures": 0.0,
          "total": 1.0
        },
        "mi": {
          "mi_original": 82.86822467176074,
          "mi_sei": 58.316150713812775,
          "mi_visual_studio": 48.46095010044488
        }
      }
    },
    {
      "name": "read",
      "start_line": 112,
      "end_line": 183,
      "kind": "function",
      "spaces": [],
      "metrics": {
        "nargs": {
          "sum": 0.0,
          "average": 0.0
        },
        "nexits": {
          "sum": 2.0,
          "average": 2.0
        },
        "cognitive": {
          "sum": 26.0,
          "average": 26.0
        },
        "cyclomatic": {
          "sum": 12.0,
          "average": 12.0
        },
        "halstead": {
          "n1": 22.0,
          "N1": 144.0,
          "n2": 26.0,
          "N2": 110.0,
          "length": 254.0,
          "estimated_program_length": 220.31892828168893,
          "purity_ratio": 0.8673973554397202,
          "vocabulary": 48.0,
          "volume": 1418.5804751831736,
          "difficulty": 46.53846153846154,
          "level": 0.021487603305785124,
          "effort": 66018.55288352462,
          "time": 3667.6973824180345,
          "bugs": 0.5444893784478247
        },
        "loc": {
          "sloc": 72.0,
          "ploc": 63.0,
          "lloc": 58.0,
          "cloc": 9.0,
          "blank": 0.0
        },
        "nom": {
          "functions": 1.0,
          "closures": 0.0,
          "total": 1.0
        },
        "mi": {
          "mi_original": 61.21946654873,
          "mi_sei": 39.879222092197374,
          "mi_visual_studio": 35.800857630836255
        }
      }
    }
  ],
  "metrics": {
    "nargs": {
      "sum": 3.0,
      "average": 0.75
    },
    "nexits": {
      "sum": 2.0,
      "average": 0.5
    },
    "cognitive": {
      "sum": 40.0,
      "average": 10.0
    },
    "cyclomatic": {
      "sum": 24.0,
      "average": 4.8
    },
    "halstead": {
      "n1": 29.0,
      "N1": 439.0,
      "n2": 69.0,
      "N2": 290.0,
      "length": 729.0,
      "estimated_program_length": 562.3696363763933,
      "purity_ratio": 0.7714261129991677,
      "vocabulary": 98.0,
      "volume": 4822.123476359987,
      "difficulty": 60.94202898550725,
      "level": 0.016409036860879904,
      "effort": 293869.9886680253,
      "time": 16326.110481556962,
      "bugs": 1.4733827109553517
    },
    "loc": {
      "sloc": 186.0,
      "ploc": 148.0,
      "lloc": 110.0,
      "cloc": 20.0,
      "blank": 18.0
    },
    "nom": {
      "functions": 4.0,
      "closures": 0.0,
      "total": 4.0
    },
    "mi": {
      "mi_original": 36.72186162633774,
      "mi_sei": 4.042833620573553,
      "mi_visual_studio": 21.474772880899263
    }
  }
}
