{
  "name": "Assets/Rust/revcomp.rs",
  "start_line": 1,
  "end_line": 182,
  "kind": "unit",
  "spaces": [
    {
      "name": "build_table",
      "start_line": 20,
      "end_line": 44,
      "kind": "function",
      "spaces": [],
      "metrics": {
        "nargs": {
          "sum": 0.0,
          "average": 0.0
        },
        "nexits": {
          "sum": 1.0,
          "average": 1.0
        },
        "cognitive": {
          "sum": 3.0,
          "average": 3.0
        },
        "cyclomatic": {
          "sum": 19.0,
          "average": 19.0
        },
        "halstead": {
          "n1": 15.0,
          "N1": 74.0,
          "n2": 38.0,
          "N2": 61.0,
          "length": 135.0,
          "estimated_program_length": 258.024604444984,
          "purity_ratio": 1.9112933662591407,
          "vocabulary": 53.0,
          "volume": 773.2692613660319,
          "difficulty": 12.039473684210526,
          "level": 0.08306010928961749,
          "effort": 9309.754923025252,
          "time": 517.2086068347362,
          "bugs": 0.14751547348242852
        },
        "loc": {
          "sloc": 25.0,
          "ploc": 25.0,
          "lloc": 3.0,
          "cloc": 0.0,
          "blank": 0.0
        },
        "nom": {
          "functions": 1.0,
          "closures": 0.0,
          "total": 1.0
        },
        "mi": {
          "mi_original": 79.90094956856954,
          "mi_sei": 41.50642904156648,
          "mi_visual_studio": 46.72570150208745
        }
      }
    },
    {
      "name": "SplitOff",
      "start_line": 47,
      "end_line": 50,
      "kind": "trait",
      "spaces": [],
      "metrics": {
        "nargs": {
          "sum": 0.0,
          "average": null
        },
        "nexits": {
          "sum": 0.0,
          "average": null
        },
        "cognitive": {
          "sum": 0.0,
          "average": null
        },
        "cyclomatic": {
          "sum": 1.0,
          "average": 1.0
        },
        "halstead": {
          "n1": 7.0,
          "N1": 13.0,
          "n2": 4.0,
          "N2": 6.0,
          "length": 19.0,
          "estimated_program_length": 27.651484454403228,
          "purity_ratio": 1.455341287073854,
          "vocabulary": 11.0,
          "volume": 65.72920075410865,
          "difficulty": 5.25,
          "level": 0.19047619047619047,
          "effort": 345.0783039590704,
          "time": 19.17101688661502,
          "bugs": 0.01639924478676122
        },
        "loc": {
          "sloc": 4.0,
          "ploc": 4.0,
          "lloc": 0.0,
          "cloc": 0.0,
          "blank": 0.0
        },
        "nom": {
          "functions": 0.0,
          "closures": 0.0,
          "total": 0.0
        },
        "mi": {
          "mi_original": 126.54720627996446,
          "mi_sei": 106.96999480584913,
          "mi_visual_studio": 74.00421419880962
        }
      }
    },
    {
      "name": "&'a mut [T]",
      "start_line": 51,
      "end_line": 69,
      "kind": "impl",
      "spaces": [
        {
          "name": "split_off_left",
          "start_line": 53,
          "end_line": 59,
          "kind": "function",
          "spaces": [],
          "metrics": {
            "nargs": {
              "sum": 2.0,
              "average": 2.0
            },
            "nexits": {
              "sum": 1.0,
              "average": 1.0
            },
            "cognitive": {
              "sum": 0.0,
              "average": 0.0
            },
            "cyclomatic": {
              "sum": 1.0,
              "average": 1.0
            },
            "halstead": {
              "n1": 12.0,
              "N1": 28.0,
              "n2": 8.0,
              "N2": 18.0,
              "length": 46.0,
              "estimated_program_length": 67.01955000865388,
              "purity_ratio": 1.4569467393185627,
              "vocabulary": 20.0,
              "volume": 198.80869236481868,
              "difficulty": 13.5,
              "level": 0.07407407407407407,
              "effort": 2683.9173469250522,
              "time": 149.10651927361403,
              "bugs": 0.06437612577418264
            },
            "loc": {
              "sloc": 7.0,
              "ploc": 7.0,
              "lloc": 4.0,
              "cloc": 0.0,
              "blank": 0.0
            },
            "nom": {
              "functions": 1.0,
              "closures": 0.0,
              "total": 1.0
            },
            "mi": {
              "mi_original": 111.72607189463827,
              "mi_sei": 85.5876177277901,
              "mi_visual_studio": 65.33688414891127
            }
          }
        },
        {
          "name": "split_off_right",
          "start_line": 61,
          "end_line": 68,
          "kind": "function",
          "spaces": [],
          "metrics": {
            "nargs": {
              "sum": 2.0,
              "average": 2.0
            },
            "nexits": {
              "sum": 1.0,
              "average": 1.0
            },
            "cognitive": {
              "sum": 0.0,
              "average": 0.0
            },
            "cyclomatic": {
              "sum": 1.0,
              "average": 1.0
            },
            "halstead": {
              "n1": 13.0,
              "N1": 31.0,
              "n2": 9.0,
              "N2": 21.0,
              "length": 52.0,
              "estimated_program_length": 76.63504134881501,
              "purity_ratio": 1.4737507951695195,
              "vocabulary": 22.0,
              "volume": 231.89044416913947,
              "difficulty": 15.166666666666666,
              "level": 0.06593406593406594,
              "effort": 3517.005069898615,
              "time": 195.38917054992305,
              "bugs": 0.07708929515931587
            },
            "loc": {
              "sloc": 8.0,
              "ploc": 8.0,
              "lloc": 5.0,
              "cloc": 0.0,
              "blank": 0.0
            },
            "nom": {
              "functions": 1.0,
              "closures": 0.0,
              "total": 1.0
            },
            "mi": {
              "mi_original": 108.76246883381751,
              "mi_sei": 81.31204228878067,
              "mi_visual_studio": 63.60378294375293
            }
          }
        }
      ],
      "metrics": {
        "nargs": {
          "sum": 4.0,
          "average": 2.0
        },
        "nexits": {
          "sum": 2.0,
          "average": 1.0
        },
        "cognitive": {
          "sum": 0.0,
          "average": 0.0
        },
        "cyclomatic": {
          "sum": 4.0,
          "average": 1.3333333333333333
        },
        "halstead": {
          "n1": 16.0,
          "N1": 67.0,
          "n2": 12.0,
          "N2": 41.0,
          "length": 108.0,
          "estimated_program_length": 107.01955000865388,
          "purity_ratio": 0.9909217593393878,
          "vocabulary": 28.0,
          "volume": 519.1943315822213,
          "difficulty": 27.333333333333332,
          "level": 0.03658536585365854,
          "effort": 14191.311729914047,
          "time": 788.406207217447,
          "bugs": 0.19538614844318525
        },
        "loc": {
          "sloc": 19.0,
          "ploc": 17.0,
          "lloc": 9.0,
          "cloc": 2.0,
          "blank": 0.0
        },
        "nom": {
          "functions": 2.0,
          "closures": 0.0,
          "total": 2.0
        },
        "mi": {
          "mi_original": 89.8682416493048,
          "mi_sei": 78.44525734198697,
          "mi_visual_studio": 52.554527280295204
        }
      }
    },
    {
      "name": "reverse_chunks",
      "start_line": 76,
      "end_line": 80,
      "kind": "function",
      "spaces": [],
      "metrics": {
        "nargs": {
          "sum": 3.0,
          "average": 3.0
        },
        "nexits": {
          "sum": 0.0,
          "average": 0.0
        },
        "cognitive": {
          "sum": 1.0,
          "average": 1.0
        },