{
  "name": "Assets/C++/spectralnorm.cpp",
  "start_line": 1,
  "end_line": 135,
  "kind": "unit",
  "spaces": [
    {
      "name": "Index",
      "start_line": 20,
      "end_line": 22,
      "kind": "function",
      "spaces": [],
      "metrics": {
        "nargs": {
          "sum": 2.0,
          "average": 2.0
        },
        "nexits": {
          "sum": 1.0,
          "average": 1.0
        },
        "cognitive": {
          "sum": 0.0,
          "average": 0.0
        },
        "cyclomatic": {
          "sum": 2.0,
          "average": 2.0
        },
        "halstead": {
          "n1": 11.0,
          "N1": 22.0,
          "n2": 5.0,
          "N2": 13.0,
          "length": 35.0,
          "estimated_program_length": 49.66338827944708,
          "purity_ratio": 1.4189539508413451,
          "vocabulary": 16.0,
          "volume": 140.0,
          "difficulty": 14.3,
          "level": 0.06993006993006992,
          "effort": 2002.0,
          "time": 111.22222222222223,
          "bugs": 0.05294863810122092
        },
        "loc": {
          "sloc": 3.0,
          "ploc": 3.0,
          "lloc": 1.0,
          "cloc": 0.0,
          "blank": 0.0
        },
        "nom": {
          "functions": 1.0,
          "closures": 0.0,
          "total": 1.0
        },
        "mi": {
          "mi_original": 127.04594032600824,
          "mi_sei": 107.79133580020343,
          "mi_visual_studio": 74.29587153567734
        }
      }
    },
    {
      "name": "EvalPart",
      "start_line": 25,
      "end_line": 56,
      "kind": "function",
      "spaces": [],
      "metrics": {
        "nargs": {
          "sum": 7.0,
          "average": 7.0
        },
        "nexits": {
          "sum": 0.0,
          "average": 0.0
        },
        "cognitive": {
          "sum": 6.0,
          "average": 6.0
        },
        "cyclomatic": {
          "sum": 6.0,
          "average": 6.0
        },
        "halstead": {
          "n1": 17.0,
          "N1": 131.0,
          "n2": 22.0,
          "N2": 102.0,
          "length": 233.0,
          "estimated_program_length": 167.5943639112763,
          "purity_ratio": 0.71928911549904,
          "vocabulary": 39.0,
          "volume": 1231.498716994904,
          "difficulty": 39.40909090909091,
          "level": 0.025374855824682817,
          "effort": 48532.24489248099,
          "time": 2696.235827360055,
          "bugs": 0.44350548865176864
        },
        "loc": {
          "sloc": 32.0,
          "ploc": 27.0,
          "lloc": 9.0,
          "cloc": 0.0,
          "blank": 5.0
        },
        "nom": {
          "functions": 1.0,
          "closures": 0.0,
          "total": 1.0
        },
        "mi": {
          "mi_original": 76.47194506081208,
          "mi_sei": 35.23576307078086,
          "mi_visual_studio": 44.72043570807724
        }
      }
    },
    {
      "name": "EvalATimesU",
      "start_line": 58,
      "end_line": 60,
      "kind": "function",
      "spaces": [],
      "metrics": {
        "nargs": {
          "sum": 5.0,
          "average": 5.0
        },
        "nexits": {
          "sum": 0.0,
          "average": 0.0
        },
        "cognitive": {
          "sum": 0.0,
          "average": 0.0
        },
        "cyclomatic": {
          "sum": 1.0,
          "average": 1.0
        },
        "halstead": {
          "n1": 8.0,
          "N1": 22.0,
          "n2": 8.0,
          "N2": 13.0,
          "length": 35.0,
          "estimated_program_length": 48.0,
          "purity_ratio": 1.3714285714285714,
          "vocabulary": 16.0,
          "volume": 140.0,
          "difficulty": 6.5,
          "level": 0.15384615384615385,
          "effort": 910.0,
          "time": 50.55555555555556,
          "bugs": 0.03130206628948973
        },
        "loc": {
          "sloc": 3.0,
          "ploc": 3.0,
          "lloc": 1.0,
          "cloc": 0.0,
          "blank": 0.0
        },
        "nom": {
          "functions": 1.0,
          "closures": 0.0,
          "total": 1.0
        },
        "mi": {
          "mi_original": 127.27594032600825,
          "mi_sei": 108.02133580020345,
          "mi_visual_studio": 74.43037445965395
        }
      }
    },
    {
      "name": "EvalAtTimesU",
      "start_line": 62,
      "end_line": 64,
      "kind": "function",
      "spaces": [],
      "metrics": {
        "nargs": {
          "sum": 5.0,
          "average": 5.0
        },
        "nexits": {
          "sum": 0.0,
          "average": 0.0
        },
        "cognitive": {
          "sum": 0.0,
          "average": 0.0
        },
        "cyclomatic": {
          "sum": 1.0,
          "average": 1.0
        },
        "halstead": {
          "n1": 8.0,
          "N1": 22.0,
          "n2": 8.0,
          "N2": 13.0,
          "length": 35.0,
          "estimated_program_length": 48.0,
          "purity_ratio": 1.3714285714285714,
          "vocabulary": 16.0,
          "volume": 140.0,
          "difficulty": 6.5,
          "level": 0.15384615384615385,
          "effort": 910.0,
          "time": 50.55555555555556,
          "bugs": 0.03130206628948973
        },
        "loc": {
          "sloc": 3.0,
          "ploc": 3.0,
          "lloc": 1.0,
          "cloc": 0.0,
          "blank": 0.0
        },
        "nom": {
          "functions": 1.0,
          "closures": 0.0,
          "total": 1.0
        },
        "mi": {
          "mi_original": 127.27594032600825,
          "mi_sei": 108.02133580020345,
          "mi_visual_studio": 74.43037445965395
        }
      }
    },
    {
      "name": "EvalAtATimesU",
      "start_line": 66,
      "end_line": 72,
      "kind": "function",
      "spaces": [],
      "metrics": {
        "nargs": {
          "sum": 6.0,
          "average": 6.0
        },
        "nexits": {
          "sum": 0.0,
          "average": 0.0
        },
        "cognitive": {
          "sum": 0.0,
          "average": 0.0
        },
        "cyclomatic": {
          "sum": 1.0,
          "average": 1.0
        },
        "halstead": {
          "n1": 6.0,
          "N1": 29.0,
          "n2": 9.0,
          "N2": 19.0,
          "length": 48.0,
          "estimated_program_length": 44.039100017307746,
          "purity_ratio": 0.917481250360578,
          "vocabulary": 15.0,
          "volume": 187.53074858920888,
          "difficulty": 6.333333333333333,
          "level": 0.15789473684210528,
          "effort": 1187.6947410649896,
          "time": 65.9830411702772,
          "bugs": 0.03738367286251928
        },
        "loc": {
          "sloc": 7.0,
          "ploc": 7.0,
          "lloc": 2.0,
          "cloc": 0.0,
          "blank": 0.0
        },
        "nom": {
          "functions": 1.0,
          "closures": 0.0,
          "total": 1.0
        },
        "mi": {
          "mi_original": 112.029752898211,
          "mi_sei": 86.02573680565669,
          "mi_visual_studio": 65.51447537907076
        }
      }
    },
    {
      "name": "GetThreadCount",
      "start_line": 74,
      "end_line": 85,
      "kind": "function",
      "spaces": [],
      "metrics": {
        "nargs": {
          "sum": 0.0,
          "average": 0.0
        },
        "nexits": {
          "sum": 1.0,
          "average": 1.0
        },
        "cognitive": {
          "sum": 3.0,
          "average": 3.0
        },
        "cyclomatic": {
          "sum": 3.0,
          "average": 3.0
        },
        "halstead": {
          "n1": 13.0,
          "N1": 34.0,
          "n2": 10.0,
          "N2": 21.0,
          "length": 55.0,
          "estimated_program_length": 81.32499728470782,
          "purity_ratio": 1.4786363142674148,
          "vocabulary": 23.0,
          "volume": 248.79590758313572,
          "difficulty": 13.65,
          "level": 0.07326007326007326,
          "effort": 3396.0641385098024,
          "time": 188.67022991721126,
          "bugs": 0.07531173760087359
        },
        "loc": {
          "sloc": 12.0,