{
    "SLOC": 198,
    "PLOC": 124,
    "LLOC": 51,
    "CLOC": 41,
    "BLANK": 33,
    "CC_SUM": 28,
    "CC_AVG": 4.0,
    "COGNITIVE_SUM": 46,
    "COGNITIVE_AVG": 9.2,
    "NARGS_SUM": 5,
    "NARGS_AVG": 1.0,
    "NEXITS": 2,
    "NOM": {
        "functions": 5,
        "closures": 0,
        "total": 5
    },
    "HALSTEAD": {
        "n1": 33,
        "n2": 48,
        "N1": 332,
        "N2": 235,
        "Vocabulary": 81,
        "Length": 567,
        "Volume": 3594.694951635582,
        "Difficulty": 80.78125,
        "Level": 0.012379110251450677,
        "Effort": 290383.95156181185,
        "Programming time": 16132.441753433992,
        "Bugs": 1.4617075354179188,
        "Estimated program length": 434.5432059734445,
        "Purity ratio": 0.7663901339919656
    },
    "MI": {
        "Original": 36.31655915490933,
        "Sei": 11.94402167986491,
        "Visual Studio": 21.23775389175984
    },
    "files": [
        {
            "filename": "Assets/C++/fannkuchredux.cpp",
            "SLOC": 198,
            "PLOC": 124,
            "LLOC": 51,
            "CLOC": 41,
            "BLANK": 33,
            "CC_SUM": 28,
            "CC_AVG": 4.0,
            "COGNITIVE_SUM": 46,
            "COGNITIVE_AVG": 9.2,
            "NARGS_SUM": 5,
            "NARGS_AVG": 1.0,
            "NEXITS": 2,
            "NOM": {
                "functions": 5,
                "closures": 0,
                "total": 5
            },
            "Halstead": {
                "n1": 33,
                "n2": 48,
                "N1": 332,
                "N2": 235,
                "Vocabulary": 81,
                "Length": 567,
                "Volume": 3594.694951635582,
                "Difficulty": 80.78125,
                "Level": 0.012379110251450677,
                "Effort": 290383.95156181185,
                "Programming time": 16132.441753433992,
                "Bugs": 1.4617075354179188,
                "Estimated program length": 434.5432059734445,
                "Purity ratio": 0.7663901339919656
            },
            "Mi": {
                "Original": 36.31655915490933,
                "Sei": 11.94402167986491,
                "Visual Studio": 21.23775389175984
            },
            "spaces": [
                {
                    "name": "initializeFact",
                    "kind": "function",
                    "start_line": 19,
                    "end_line": 24,
                    "SLOC": 6,
                    "PLOC": 6,
                    "LLOC": 3,
                    "CLOC": 0,
                    "BLANK": 0,
                    "CC": {
                        "sum": 2,
                        "average": 2.0
                    },
                    "COGNITIVE": 1,
                    "NARGS": 1,
                    "NEXITS": 0,
                    "NOM": {
                        "functions": 1,
                        "closures": 0,
                        "total": 1
                    },
                    "Halstead": {
                        "n1": 11,
                        "n2": 6,
                        "N1": 20,
                        "N2": 16,
                        "Vocabulary": 17,
                        "Length": 36,
                        "Volume": 147.14866228501222,
                        "Difficulty": 14.666666666666666,
                        "Level": 0.06818181818181819,
                        "Effort": 2158.1803801801793,
                        "Programming time": 119.89891001000996,
                        "Bugs": 0.0556677803984911,
                        "Estimated program length": 53.5635228093372,
                        "Purity ratio": 1.4878756335927
                    },
                    "Mi": {
                        "Original": 115.55799100268021,
                        "Sei": 91.21772828145438,
                        "Visual Studio": 67.57777251618725
                    }
                },
                {
                    "name": "Permutation",
                    "kind": "class",
                    "start_line": 26,
                    "end_line": 37,
                    "SLOC": 12,
                    "PLOC": 10,
                    "LLOC": 0,
                    "CLOC": 0,
                    "BLANK": 2,
                    "CC": {
                        "sum": 1,
                        "average": 1.0
                    },
                    "COGNITIVE": 0,
                    "NARGS": 0,
                    "NEXITS": 0,
                    "NOM": {
                        "functions": 0,
                        "closures": 0,
                        "total": 0
                    },
                    "Halstead": {
                        "n1": 8,
                        "n2": 8,
                        "N1": 22,
                        "N2": 10,
                        "Vocabulary": 16,
                        "Length": 32,
                        "Volume": 128.0,
                        "Difficulty": 5.0,
                        "Level": 0.2,
                        "Effort": 640.0,
                        "Programming time": 35.55555555555556,
                        "Bugs": 0.024755140445934812,
                        "Estimated program length": 48.0,
                        "Purity ratio": 1.5
                    },
                    "Mi": {
                        "Original": 105.2839549010524,
                        "Sei": 76.29360748831728,
                        "Visual Studio": 61.56956426962129
                    }
                },
                {
                    "name": "Permutation::Permutation",
                    "kind": "function",
                    "start_line": 43,
                    "end_line": 66,
                    "SLOC": 24,
                    "PLOC": 19,
                    "LLOC": 9,
                    "CLOC": 2,
                    "BLANK": 3,
                    "CC": {
                        "sum": 4,
                        "average": 4.0
                    },
                    "COGNITIVE": 3,
                    "NARGS": 2,
                    "NEXITS": 0,
                    "NOM": {
                        "functions": 1,
                        "closures": 0,
                        "total": 1
                    },
                    "Halstead": {
                        "n1": 18,
                        "n2": 14,
                        "N1": 65,
                        "N2": 53,
                        "Vocabulary": 32,
                        "Length": 118,
                        "Volume": 590.0,
                        "Difficulty": 34.07142857142857,
                        "Level": 0.029350104821802937,
                        "Effort": 20102.142857142855,
                        "Programming time": 1116.7857142857142,
                        "Bugs": 0.24643760641402138,
                        "Estimated program length": 128.36161893476807,
                        "Purity ratio": 1.0878103299556616
                    },
                    "Mi": {
                        "Original": 85.41889075648453,
                        "Sei": 69.5625794859149,
                        "Visual Studio": 49.9525676938506
                    }
                },
                {
                    "name": "Permutation::advance",
                    "kind": "function",
                    "start_line": 71,
                    "end_line": 86,
                    "SLOC": 16,
                    "PLOC": 14,
                    "LLOC": 8,
                    "CLOC": 1,
                    "BLANK": 1,
                    "CC": {
                        "sum": 4,
                        "average": 4.0
                    },
                    "COGNITIVE": 5,
                    "NARGS": 0,
                    "NEXITS": 0,
                    "NOM": {
                        "functions": 1,
                        "closures": 0,
                        "total": 1
                    },