{
    "LLOC": 23,
    "files": [
        {
            "LLOC": 23,
            "spaces": [
                {
                    "name": "main",
                    "kind": "function",
                    "start_line": 19,
                    "end_line": 94,
                    "SLOC": 76,
                    "PLOC": 64,
                    "LLOC": 23,
                    "CLOC": 0,
                    "BLANK": 12,
                    "CC": {
                        "sum": 5,
                        "average": 5.0
                    },
                    "NOM": {
                        "functions": 1,
                        "closures": 0,
                        "total": 1
                    },
                    "Halstead": {
                        "n1": 22,
                        "n2": 65,
                        "N1": 208,
                        "N2": 154,
                        "Vocabulary": 87,
                        "Length": 362,
                        "Volume": 2332.3455454972395,
                        "Difficulty": 26.06153846153846,
                        "Level": 0.03837072018890201,
                        "Effort": 60784.513139574214,
                        "Programming time": 3376.9173966430117,
                        "Bugs": 0.5153164903467059,
                        "Estimated program length": 489.56140345687004,
                        "Purity ratio": 1.3523795675604144
                    },
                    "Mi": {
                        "Original": 59.368045384479785,
                        "Sei": 10.458231968469477,
                        "Visual Studio": 34.718155195602215
                    }
                }
            ]
        }
    ]
}