{
    "SLOC": 31,
    "PLOC": 26,
    "LLOC": 13,
    "CLOC": 0,
    "BLANK": 5,
    "CC": 7,
    "NARGS_SUM": 2,
    "NARGS_AVG": 1.0,
    "NEXITS": 0,
    "NOM": {
        "functions": 2,
        "closures": 0,
        "total": 2
    },
    "HALSTEAD": {
        "n1": 20,
        "n2": 28,
        "N1": 110,
        "N2": 70,
        "Vocabulary": 48,
        "Length": 180,
        "Volume": 1005.2932501298081,
        "Difficulty": 25.0,
        "Level": 0.04,
        "Effort": 25132.331253245204,
        "Programming time": 1396.240625180289,
        "Bugs": 0.28600080933168737,
        "Estimated program length": 221.04449971536013,
        "Purity ratio": 1.2280249984186673
    },
    "MI": {
        "Original": 77.81162752799801,
        "Sei": 37.27033618196039,
        "Visual Studio": 45.50387574736726
    },
    "files": [
        {
            "filename": "Assets/C++/bubble_sort.cpp",
            "SLOC": 31,
            "PLOC": 26,
            "LLOC": 13,
            "CLOC": 0,
            "BLANK": 5,
            "CC": 7,
            "COGNITIVE": 7,
            "NARGS_SUM": 2,
            "NARGS_AVG": 1.0,
            "NEXITS": 0,
            "NOM": {
                "functions": 2,
                "closures": 0,
                "total": 2
            },
            "Halstead": {
                "n1": 20,
                "n2": 28,
                "N1": 110,
                "N2": 70,
                "Vocabulary": 48,
                "Length": 180,
                "Volume": 1005.2932501298081,
                "Difficulty": 25.0,
                "Level": 0.04,
                "Effort": 25132.331253245204,
                "Programming time": 1396.240625180289,
                "Bugs": 0.28600080933168737,
                "Estimated program length": 221.04449971536013,
                "Purity ratio": 1.2280249984186673
            },
            "Mi": {
                "Original": 77.81162752799801,
                "Sei": 37.27033618196039,
                "Visual Studio": 45.50387574736726
            },
            "spaces": [
                {
                    "name": "bubble_sort",
                    "kind": "function",
                    "start_line": 6,
                    "end_line": 17,
                    "SLOC": 12,
                    "PLOC": 12,
                    "LLOC": 6,
                    "CLOC": 0,
                    "BLANK": 0,
                    "CC": 5,
                    "COGNITIVE": 7,
                    "NARGS": 2,
                    "NEXITS": 0,
                    "NOM": {
                        "functions": 1,
                        "closures": 0,
                        "total": 1
                    },
                    "Halstead": {
                        "n1": 17,
                        "n2": 10,
                        "N1": 38,
                        "N2": 26,
                        "Vocabulary": 27,
                        "Length": 64,
                        "Volume": 304.31280013846197,
                        "Difficulty": 22.1,
                        "Level": 0.04524886877828054,
                        "Effort": 6725.31288306001,
                        "Programming time": 373.62849350333386,
                        "Bugs": 0.11876461755016625,
                        "Estimated program length": 102.70614925012939,
                        "Purity ratio": 1.6047835820332716
                    },
                    "Mi": {
                        "Original": 99.86062044825843,
                        "Sei": 68.87666920580703,
                        "Visual Studio": 58.3980236539523
                    }
                },
                {
                    "name": "main",
                    "kind": "function",
                    "start_line": 19,
                    "end_line": 31,
                    "SLOC": 13,
                    "PLOC": 10,
                    "LLOC": 7,
                    "CLOC": 0,
                    "BLANK": 3,
                    "CC": 1,
                    "COGNITIVE": 0,
                    "NARGS": 0,
                    "NEXITS": 0,
                    "NOM": {
                        "functions": 1,
                        "closures": 0,
                        "total": 1
                    },
                    "Halstead": {
                        "n1": 11,
                        "n2": 22,
                        "N1": 70,
                        "N2": 43,
                        "Vocabulary": 33,
                        "Length": 113,
                        "Volume": 570.0165354875053,
                        "Difficulty": 10.75,
                        "Level": 0.09302325581395349,
                        "Effort": 6127.6777564906815,
                        "Programming time": 340.4265420272601,
                        "Bugs": 0.11162017290443282,
                        "Estimated program length": 136.1612434150308,
                        "Purity ratio": 1.2049667558852284
                    },
                    "Mi": {
                        "Original": 96.22036048494098,
                        "Sei": 63.217604771564424,
                        "Visual Studio": 56.26921665786022
                    }
                }
            ]
        }
    ]
}