{
    "SLOC": 29,
    "PLOC": 47,
    "LLOC": 10,
    "CLOC": 2,
    "BLANK": 0,
    "CC": 10.0,
    "NARGS": 0,
    "NEXITS": 1,
    "NOM": {
        "functions": 4,
        "closures": 0,
        "total": 4
    },
    "HALSTEAD": {
        "n1": 24,
        "n2": 34,
        "N1": 147,
        "N2": 110,
        "Vocabulary": 58,
        "Length": 257,
        "Volume": 1505.501115747786,
        "Difficulty": 38.8235294117647,
        "Level": 0.02575757575757576,
        "Effort": 58448.86684667874,
        "Programming time": 3247.15926925993,
        "Bugs": 0.5020297753264329,
        "Estimated program length": 283.01283661981927,
        "Purity ratio": 1.1012172631121373
    },
    "MI": {
        "Original": 76.10202589123216,
        "Sei": 54.89473685255974,
        "Visual Studio": 44.5041087083229
    },
    "files": [
        {
            "filename": "Assets/C++/pidigits.cpp",
            "SLOC": 29,
            "PLOC": 47,
            "LLOC": 10,
            "CLOC": 2,
            "BLANK": 0,
            "CC": 10.0,
            "COGNITIVE": 0,
            "NARGS": 0,
            "NEXITS": 1,
            "NOM": {
                "functions": 4,
                "closures": 0,
                "total": 4
            },
            "Halstead": {
                "n1": 24,
                "n2": 34,
                "N1": 147,
                "N2": 110,
                "Vocabulary": 58,
                "Length": 257,
                "Volume": 1505.501115747786,
                "Difficulty": 38.8235294117647,
                "Level": 0.02575757575757576,
                "Effort": 58448.86684667874,
                "Programming time": 3247.15926925993,
                "Bugs": 0.5020297753264329,
                "Estimated program length": 283.01283661981927,
                "Purity ratio": 1.1012172631121373
            },
            "Mi": {
                "Original": 76.10202589123216,
                "Sei": 54.89473685255974,
                "Visual Studio": 44.5041087083229
            },
            "spaces": [
                {
                    "name": "LFT",
                    "kind": "function",
                    "start_line": 19,
                    "end_line": 19,
                    "SLOC": 1,
                    "PLOC": 1,
                    "LLOC": 0,
                    "CLOC": 0,
                    "BLANK": 0,
                    "CC": 1.0,
                    "COGNITIVE": 0,
                    "NARGS": 0,
                    "NEXITS": 0,
                    "NOM": {
                        "functions": 1,
                        "closures": 0,
                        "total": 1
                    },
                    "Halstead": {
                        "n1": 4,
                        "n2": 7,
                        "N1": 10,
                        "N2": 9,
                        "Vocabulary": 11,
                        "Length": 19,
                        "Volume": 65.72920075410865,
                        "Difficulty": 2.5714285714285716,
                        "Level": 0.38888888888888884,
                        "Effort": 169.01794479627938,
                        "Programming time": 9.389885822015522,
                        "Bugs": 0.010189838236110945,
                        "Estimated program length": 27.651484454403228,
                        "Purity ratio": 1.455341287073854
                    },
                    "Mi": {
                        "Original": 149.00517493010668,
                        "Sei": 139.36999480584913,
                        "Visual Studio": 87.13752919889279
                    }
                },
                {
                    "name": "next",
                    "kind": "function",
                    "start_line": 21,
                    "end_line": 26,
                    "SLOC": 6,
                    "PLOC": 6,
                    "LLOC": 4,
                    "CLOC": 0,
                    "BLANK": 0,
                    "CC": 1.0,
                    "COGNITIVE": 0,
                    "NARGS": 0,
                    "NEXITS": 0,
                    "NOM": {
                        "functions": 1,
                        "closures": 0,
                        "total": 1
                    },
                    "Halstead": {
                        "n1": 8,
                        "n2": 7,
                        "N1": 23,
                        "N2": 17,
                        "Vocabulary": 15,
                        "Length": 40,
                        "Volume": 156.27562382434076,
                        "Difficulty": 9.714285714285714,
                        "Level": 0.10294117647058824,
                        "Effort": 1518.1060600078815,
                        "Programming time": 84.33922555599342,
                        "Bugs": 0.04402981099764242,
                        "Estimated program length": 43.65148445440323,
                        "Purity ratio": 1.0912871113600808
                    },
                    "Mi": {
                        "Original": 115.47506600674114,
                        "Sei": 90.99627294164287,
                        "Visual Studio": 67.52927836651529
                    }
                },
                {
                    "name": "extract",
                    "kind": "function",
                    "start_line": 28,
                    "end_line": 33,
                    "SLOC": 6,
                    "PLOC": 6,
                    "LLOC": 3,
                    "CLOC": 0,
                    "BLANK": 0,
                    "CC": 1.0,
                    "COGNITIVE": 0,
                    "NARGS": 1,
                    "NEXITS": 1,
                    "NOM": {
                        "functions": 1,
                        "closures": 0,
                        "total": 1
                    },
                    "Halstead": {
                        "n1": 10,
                        "n2": 9,
                        "N1": 15,
                        "N2": 14,
                        "Vocabulary": 19,
                        "Length": 29,
                        "Volume": 123.18989788986397,
                        "Difficulty": 7.777777777777778,
                        "Level": 0.1285714285714286,
                        "Effort": 958.1436502544975,
                        "Programming time": 53.230202791916525,
                        "Bugs": 0.032396579768778536,
                        "Estimated program length": 61.74860596185444,
                        "Purity ratio": 2.1292622745467047
                    },
                    "Mi": {
                        "Original": 116.71211593803636,
                        "Sei": 92.78095874285455,
                        "Visual Studio": 68.25269937896864
                    }
                },
                {
                    "name": "produce",
                    "kind": "function",
                    "start_line": 35,
                    "end_line": 38,
                    "SLOC": 4,
                    "PLOC": 4,
                    "LLOC": 2,
                    "CLOC": 0,
                    "BLANK": 0,
                    "CC": 1.0,
                    "COGNITIVE": 0,
                    "NARGS": 1,
                    "NEXITS": 0,
                    "NOM": {
                        "functions": 1,
                        "closures": 0,
                        "total": 1
                    },
                    "Halstead": {
                        "n1": 7,
                        "n2": 6,
                        "N1": 12,
                        "N2": 10,
                        "Vocabulary": 13,
                        "Length": 22,
                        "Volume": 81.40967379910403,
                        "Difficulty": 5.833333333333333,
                        "Level": 0.17142857142857143,
                        "Effort": 474.8897638281068,
                        "Programming time": 26.382764657117047,