{
    "SLOC": 135,
    "PLOC": 97,
    "LLOC": 33,
    "CLOC": 13,
    "BLANK": 25,
    "CC": 22.0,
    "NARGS": 0,
    "NEXITS": 4,
    "NOM": {
        "functions": 8,
        "closures": 0,
        "total": 8
    },
    "HALSTEAD": {
        "n1": 24,
        "n2": 61,
        "N1": 409,
        "N2": 284,
        "Vocabulary": 85,
        "Length": 693,
        "Volume": 4441.707918743427,
        "Difficulty": 55.868852459016395,
        "Level": 0.017899061032863848,
        "Effort": 248153.1243783213,
        "Programming time": 13786.284687684518,
        "Bugs": 1.3163112012968532,
        "Estimated program length": 471.81407760864386,
        "Purity ratio": 0.6808283948176679
    },
    "MI": {
        "Original": 42.800818500504576,
        "Sei": 11.409492315309578,
        "Visual Studio": 25.029718421347706
    },
    "files": [
        {
            "filename": "Assets/C++/spectralnorm.cpp",
            "SLOC": 135,
            "PLOC": 97,
            "LLOC": 33,
            "CLOC": 13,
            "BLANK": 25,
            "CC": 22.0,
            "COGNITIVE": 12,
            "NARGS": 0,
            "NEXITS": 4,
            "NOM": {
                "functions": 8,
                "closures": 0,
                "total": 8
            },
            "Halstead": {
                "n1": 24,
                "n2": 61,
                "N1": 409,
                "N2": 284,
                "Vocabulary": 85,
                "Length": 693,
                "Volume": 4441.707918743427,
                "Difficulty": 55.868852459016395,
                "Level": 0.017899061032863848,
                "Effort": 248153.1243783213,
                "Programming time": 13786.284687684518,
                "Bugs": 1.3163112012968532,
                "Estimated program length": 471.81407760864386,
                "Purity ratio": 0.6808283948176679
            },
            "Mi": {
                "Original": 42.800818500504576,
                "Sei": 11.409492315309578,
                "Visual Studio": 25.029718421347706
            },
            "spaces": [
                {
                    "name": "Index",
                    "kind": "function",
                    "start_line": 20,
                    "end_line": 22,
                    "SLOC": 3,
                    "PLOC": 3,
                    "LLOC": 1,
                    "CLOC": 0,
                    "BLANK": 0,
                    "CC": 2.0,
                    "COGNITIVE": 0,
                    "NARGS": 2,
                    "NEXITS": 1,
                    "NOM": {
                        "functions": 1,
                        "closures": 0,
                        "total": 1
                    },
                    "Halstead": {
                        "n1": 11,
                        "n2": 5,
                        "N1": 22,
                        "N2": 13,
                        "Vocabulary": 16,
                        "Length": 35,
                        "Volume": 140.0,
                        "Difficulty": 14.3,
                        "Level": 0.06993006993006992,
                        "Effort": 2002.0,
                        "Programming time": 111.22222222222223,
                        "Bugs": 0.05294863810122092,
                        "Estimated program length": 49.66338827944708,
                        "Purity ratio": 1.4189539508413451
                    },
                    "Mi": {
                        "Original": 127.04594032600824,
                        "Sei": 107.79133580020343,
                        "Visual Studio": 74.29587153567734
                    }
                },
                {
                    "name": "EvalPart",
                    "kind": "function",
                    "start_line": 25,
                    "end_line": 56,
                    "SLOC": 32,
                    "PLOC": 27,
                    "LLOC": 9,
                    "CLOC": 0,
                    "BLANK": 5,
                    "CC": 6.0,
                    "COGNITIVE": 6,
                    "NARGS": 7,
                    "NEXITS": 0,
                    "NOM": {
                        "functions": 1,
                        "closures": 0,
                        "total": 1
                    },
                    "Halstead": {
                        "n1": 17,
                        "n2": 22,
                        "N1": 131,
                        "N2": 102,
                        "Vocabulary": 39,
                        "Length": 233,
                        "Volume": 1231.498716994904,
                        "Difficulty": 39.40909090909091,
                        "Level": 0.025374855824682817,
                        "Effort": 48532.24489248099,
                        "Programming time": 2696.235827360055,
                        "Bugs": 0.44350548865176864,
                        "Estimated program length": 167.5943639112763,
                        "Purity ratio": 0.71928911549904
                    },
                    "Mi": {
                        "Original": 76.47194506081208,
                        "Sei": 35.23576307078086,
                        "Visual Studio": 44.72043570807724
                    }
                },
                {
                    "name": "EvalATimesU",
                    "kind": "function",
                    "start_line": 58,
                    "end_line": 60,
                    "SLOC": 3,
                    "PLOC": 3,
                    "LLOC": 1,
                    "CLOC": 0,
                    "BLANK": 0,
                    "CC": 1.0,
                    "COGNITIVE": 0,
                    "NARGS": 5,
                    "NEXITS": 0,
                    "NOM": {
                        "functions": 1,
                        "closures": 0,
                        "total": 1
                    },
                    "Halstead": {
                        "n1": 8,
                        "n2": 8,
                        "N1": 22,
                        "N2": 13,
                        "Vocabulary": 16,
                        "Length": 35,
                        "Volume": 140.0,
                        "Difficulty": 6.5,
                        "Level": 0.15384615384615385,
                        "Effort": 910.0,
                        "Programming time": 50.55555555555556,
                        "Bugs": 0.03130206628948973,
                        "Estimated program length": 48.0,
                        "Purity ratio": 1.3714285714285714
                    },
                    "Mi": {
                        "Original": 127.27594032600825,
                        "Sei": 108.02133580020345,
                        "Visual Studio": 74.43037445965395
                    }
                },
                {
                    "name": "EvalAtTimesU",
                    "kind": "function",
                    "start_line": 62,
                    "end_line": 64,
                    "SLOC": 3,
                    "PLOC": 3,
                    "LLOC": 1,
                    "CLOC": 0,
                    "BLANK": 0,
                    "CC": 1.0,
                    "COGNITIVE": 0,
                    "NARGS": 5,
                    "NEXITS": 0,
                    "NOM": {
                        "functions": 1,
                        "closures": 0,
                        "total": 1
                    },
                    "Halstead": {
                        "n1": 8,
                        "n2": 8,
                        "N1": 22,
                        "N2": 13,
                        "Vocabulary": 16,
                        "Length": 35,
                        "Volume": 140.0,
                        "Difficulty": 6.5,
                        "Level": 0.15384615384615385,
                        "Effort": 910.0,
                        "Programming time": 50.55555555555556,
                        "Bugs": 0.03130206628948973,