{
    "SLOC": {
        "__old": 139,
        "__new": 76
    },
    "PLOC": {
        "__old": 74,
        "__new": 48
    },
    "LLOC": {
        "__old": 28,
        "__new": 39
    },
    "CLOC": {
        "__old": 39,
        "__new": 6
    },
    "BLANK": {
        "__old": 26,
        "__new": 22
    },
    "CC": {
        "__old": 12,
        "__new": 16
    },
    "NEXITS": {
        "__old": 4,
        "__new": 5
    },
    "NOM": {
        "functions": {
            "__old": 3,
            "__new": 5
        },
        "total": {
            "__old": 3,
            "__new": 5
        }
    },
    "HALSTEAD": {
        "n2": {
            "__old": 45,
            "__new": 52
        },
        "N1": {
            "__old": 204,
            "__new": 132
        },
        "N2": {
            "__old": 166,
            "__new": 142
        },
        "Vocabulary": {
            "__old": 68,
            "__new": 75
        },
        "Length": {
            "__old": 370,
            "__new": 274
        },
        "Volume": {
            "__old": 2252.3612512626255,
            "__new": 1706.6963211958712
        },
        "Difficulty": {
            "__old": 42.422222222222224,
            "__new": 31.403846153846153
        },
        "Level": {
            "__old": 0.023572551073860658,
            "__new": 0.03184323331292101
        },
        "Effort": {
            "__old": 95550.1695257856,
            "__new": 53596.828702170336
        },
        "Programming time": {
            "__old": 5308.342751432534,
            "__new": 2977.601594565019
        },
        "Bugs": {
            "__old": 0.6966795348870725,
            "__new": 0.473847006044388
        },
        "Estimated program length": {
            "__old": 351.17531432414665,
            "__new": 400.464790332648
        },
        "Purity ratio": {
            "__old": 0.9491224711463423,
            "__new": 1.4615503296811971
        }
    },
    "MI": {
        "Original": {
            "__old": 48.15890345569035,
            "__new": 58.46208290180243
        },
        "Sei": {
            "__old": 31.577285388498545,
            "__new": 31.354698957570236
        },
        "Visual Studio": {
            "__old": 28.16310143607623,
            "__new": 34.18835257415347
        }
    },
    "files": [
        [
            "~",
            {
                "filename": {
                    "__old": "Assets/C/binarytrees.c",
                    "__new": "Assets/Python/binarytrees.py"
                },
                "SLOC": {
                    "__old": 139,
                    "__new": 76
                },
                "PLOC": {
                    "__old": 74,
                    "__new": 48
                },
                "LLOC": {
                    "__old": 28,
                    "__new": 39
                },
                "CLOC": {
                    "__old": 39,
                    "__new": 6
                },
                "BLANK": {
                    "__old": 26,
                    "__new": 22
                },
                "CC": {
                    "__old": 12,
                    "__new": 16
                },
                "NEXITS": {
                    "__old": 4,
                    "__new": 5
                },
                "NOM": {
                    "functions": {
                        "__old": 3,
                        "__new": 5
                    },
                    "total": {
                        "__old": 3,
                        "__new": 5
                    }
                },
                "Halstead": {
                    "n2": {
                        "__old": 45,
                        "__new": 52
                    },
                    "N1": {
                        "__old": 204,
                        "__new": 132
                    },
                    "N2": {
                        "__old": 166,
                        "__new": 142
                    },
                    "Vocabulary": {
                        "__old": 68,
                        "__new": 75
                    },
                    "Length": {
                        "__old": 370,
                        "__new": 274
                    },
                    "Volume": {
                        "__old": 2252.3612512626255,
                        "__new": 1706.6963211958712
                    },
                    "Difficulty": {
                        "__old": 42.422222222222224,
                        "__new": 31.403846153846153
                    },
                    "Level": {
                        "__old": 0.023572551073860658,
                        "__new": 0.03184323331292101
                    },
                    "Effort": {
                        "__old": 95550.1695257856,
                        "__new": 53596.828702170336
                    },
                    "Programming time": {
                        "__old": 5308.342751432534,
                        "__new": 2977.601594565019
                    },
                    "Bugs": {
                        "__old": 0.6966795348870725,
                        "__new": 0.473847006044388
                    },
                    "Estimated program length": {
                        "__old": 351.17531432414665,
                        "__new": 400.464790332648
                    },
                    "Purity ratio": {
                        "__old": 0.9491224711463423,
                        "__new": 1.4615503296811971
                    }
                },
                "Mi": {
                    "Original": {
                        "__old": 48.15890345569035,
                        "__new": 58.46208290180243
                    },
                    "Sei": {
                        "__old": 31.577285388498545,
                        "__new": 31.354698957570236
                    },
                    "Visual Studio": {
                        "__old": 28.16310143607623,
                        "__new": 34.18835257415347
                    }
                }
            }
        ]
    ]
}