{
    "SLOC": {
        "__old": 139,
        "__new": 76
    },
    "PLOC": {
        "__old": 74,
        "__new": 48
    },
    "LLOC": {
        "__old": 28,
        "__new": 39
    },
    "CLOC": {
        "__old": 39,
        "__new": 6
    },
    "BLANK": {
        "__old": 26,
        "__new": 22
    },
    "CC": {
        "__old": 12,
        "__new": 16
    },
    "NARGS_SUM": {
        "__old": 3,
        "__new": 10
    },
    "NARGS_AVG": {
        "__old": 1,
        "__new": 2
    },
    "NEXITS": {
        "__old": 4,
        "__new": 5
    },
    "NOM": {
        "functions": {
            "__old": 3,
            "__new": 5
        },
        "total": {
            "__old": 3,
            "__new": 5
        }
    },
    "HALSTEAD": {
        "n1": {
            "__old": 23,
            "__new": 22
        },
        "n2": {
            "__old": 45,
            "__new": 52
        },
        "N1": {
            "__old": 204,
            "__new": 94
        },
        "N2": {
            "__old": 166,
            "__new": 142
        },
        "Vocabulary": {
            "__old": 68,
            "__new": 74
        },
        "Length": {
            "__old": 370,
            "__new": 236
        },
        "Volume": {
            "__old": 2252.3612512626255,
            "__new": 1465.4309942884322
        },
        "Difficulty": {
            "__old": 42.422222222222224,
            "__new": 30.03846153846154
        },
        "Level": {
            "__old": 0.023572551073860658,
            "__new": 0.03329065300896287
        },
        "Effort": {
            "__old": 95550.1695257856,
            "__new": 44019.29255920252
        },
        "Programming time": {
            "__old": 5308.342751432534,
            "__new": 2445.516253289029
        },
        "Bugs": {
            "__old": 0.6966795348870725,
            "__new": 0.4155667428621877
        },
        "Estimated program length": {
            "__old": 351.17531432414665,
            "__new": 394.5303609533573
        },
        "Purity ratio": {
            "__old": 0.9491224711463423,
            "__new": 1.6717388175989716
        }
    },
    "MI": {
        "Original": {
            "__old": 48.15890345569035,
            "__new": 59.254615591723194
        },
        "Sei": {
            "__old": 31.577285388498545,
            "__new": 32.498081939061336
        },
        "Visual Studio": {
            "__old": 28.16310143607623,
            "__new": 34.651821983463854
        }
    },
    "files": [
        [
            "~",
            {
                "filename": {
                    "__old": "Assets/C/binarytrees.c",
                    "__new": "Assets/Python/binarytrees.py"
                },
                "SLOC": {
                    "__old": 139,
                    "__new": 76
                },
                "PLOC": {
                    "__old": 74,
                    "__new": 48
                },
                "LLOC": {
                    "__old": 28,
                    "__new": 39
                },
                "CLOC": {
                    "__old": 39,
                    "__new": 6
                },
                "BLANK": {
                    "__old": 26,
                    "__new": 22
                },
                "CC": {
                    "__old": 12,
                    "__new": 16
                },
                "COGNITIVE": {
                    "__old": 9,
                    "__new": 13
                },
                "NARGS_SUM": {
                    "__old": 3,
                    "__new": 10
                },
                "NARGS_AVG": {
                    "__old": 1,
                    "__new": 2
                },
                "NEXITS": {
                    "__old": 4,
                    "__new": 5
                },
                "NOM": {
                    "functions": {
                        "__old": 3,
                        "__new": 5
                    },
                    "total": {
                        "__old": 3,
                        "__new": 5
                    }
                },
                "Halstead": {
                    "n1": {
                        "__old": 23,
                        "__new": 22
                    },
                    "n2": {
                        "__old": 45,
                        "__new": 52
                    },
                    "N1": {
                        "__old": 204,
                        "__new": 94
                    },
                    "N2": {
                        "__old": 166,
                        "__new": 142
                    },
                    "Vocabulary": {
                        "__old": 68,
                        "__new": 74
                    },
                    "Length": {
                        "__old": 370,
                        "__new": 236
                    },
                    "Volume": {
                        "__old": 2252.3612512626255,
                        "__new": 1465.4309942884322
                    },
                    "Difficulty": {
                        "__old": 42.422222222222224,
                        "__new": 30.03846153846154
                    },
                    "Level": {
                        "__old": 0.023572551073860658,
                        "__new": 0.03329065300896287
                    },
                    "Effort": {
                        "__old": 95550.1695257856,
                        "__new": 44019.29255920252
                    },
                    "Programming time": {
                        "__old": 5308.342751432534,
                        "__new": 2445.516253289029
                    },
                    "Bugs": {
                        "__old": 0.6966795348870725,
                        "__new": 0.4155667428621877
                    },
                    "Estimated program length": {
                        "__old": 351.17531432414665,
                        "__new": 394.5303609533573
                    },
                    "Purity ratio": {
                        "__old": 0.9491224711463423,
                        "__new": 1.6717388175989716
                    }
                },
                "Mi": {
                    "Original": {
                        "__old": 48.15890345569035,
                        "__new": 59.254615591723194
                    },
                    "Sei": {
                        "__old": 31.577285388498545,
                        "__new": 32.498081939061336
                    },
                    "Visual Studio": {
                        "__old": 28.16310143607623,
                        "__new": 34.651821983463854
                    }
                }
            }
        ]
    ]
}