{
    "SLOC": {
        "__old": 174,
        "__new": 106
    },
    "PLOC": {
        "__old": 86,
        "__new": 85
    },
    "LLOC": {
        "__old": 41,
        "__new": 77
    },
    "CLOC": {
        "__old": 54,
        "__new": 5
    },
    "BLANK": {
        "__old": 34,
        "__new": 16
    },
    "CC": {
        "__old": 22,
        "__new": 33
    },
    "NOM": {
        "functions": {
            "__old": 1,
            "__new": 4
        },
        "closures": {
            "__old": 0,
            "__new": 1
        },
        "total": {
            "__old": 1,
            "__new": 5
        }
    },
    "HALSTEAD": {
        "n1": {
            "__old": 30,
            "__new": 31
        },
        "n2": {
            "__old": 33,
            "__new": 72
        },
        "N1": {
            "__old": 285,
            "__new": 266
        },
        "N2": {
            "__old": 240,
            "__new": 281
        },
        "Vocabulary": {
            "__old": 63,
            "__new": 103
        },
        "Length": {
            "__old": 525,
            "__new": 547
        },
        "Volume": {
            "__old": 3138.0719598374562,
            "__new": 3657.5157883692204
        },
        "Difficulty": {
            "__old": 109.0909090909091,
            "__new": 60.49305555555556
        },
        "Level": {
            "__old": 0.009166666666666667,
            "__new": 0.01653082309723338
        },
        "Effort": {
            "__old": 342335.12289135886,
            "__new": 221254.30578114084
        },
        "Programming time": {
            "__old": 19018.617938408825,
            "__new": 12291.905876730047
        },
        "Bugs": {
            "__old": 1.6312219298557251,
            "__new": 1.2193823355953217
        },
        "Estimated program length": {
            "__old": 313.6717238070845,
            "__new": 597.8146857258396
        },
        "Purity ratio": {
            "__old": 0.5974699501087324,
            "__new": 1.092897048858939
        }
    },
    "MI": {
        "Original": {
            "__old": 40.49621205585848,
            "__new": 45.1986815374873
        },
        "Sei": {
            "__old": 22.95379571466426,
            "__new": 9.374655371045023
        },
        "Visual Studio": {
            "__old": 23.681995354303204,
            "__new": 26.431977507302516
        }
    },
    "files": [
        [
            "~",
            {
                "filename": {
                    "__old": "Assets/C/fannkuchredux.c",
                    "__new": "Assets/Python/fannkuchredux.py"
                },
                "SLOC": {
                    "__old": 174,
                    "__new": 106
                },
                "PLOC": {
                    "__old": 86,
                    "__new": 85
                },
                "LLOC": {
                    "__old": 41,
                    "__new": 77
                },
                "CLOC": {
                    "__old": 54,
                    "__new": 5
                },
                "BLANK": {
                    "__old": 34,
                    "__new": 16
                },
                "CC": {
                    "__old": 22,
                    "__new": 33
                },
                "NOM": {
                    "functions": {
                        "__old": 1,
                        "__new": 4
                    },
                    "closures": {
                        "__old": 0,
                        "__new": 1
                    },
                    "total": {
                        "__old": 1,
                        "__new": 5
                    }
                },
                "Halstead": {
                    "n1": {
                        "__old": 30,
                        "__new": 31
                    },
                    "n2": {
                        "__old": 33,
                        "__new": 72
                    },
                    "N1": {
                        "__old": 285,
                        "__new": 266
                    },
                    "N2": {
                        "__old": 240,
                        "__new": 281
                    },
                    "Vocabulary": {
                        "__old": 63,
                        "__new": 103
                    },
                    "Length": {
                        "__old": 525,
                        "__new": 547
                    },
                    "Volume": {
                        "__old": 3138.0719598374562,
                        "__new": 3657.5157883692204
                    },
                    "Difficulty": {
                        "__old": 109.0909090909091,
                        "__new": 60.49305555555556
                    },
                    "Level": {
                        "__old": 0.009166666666666667,
                        "__new": 0.01653082309723338
                    },
                    "Effort": {
                        "__old": 342335.12289135886,
                        "__new": 221254.30578114084
                    },
                    "Programming time": {
                        "__old": 19018.617938408825,
                        "__new": 12291.905876730047
                    },
                    "Bugs": {
                        "__old": 1.6312219298557251,
                        "__new": 1.2193823355953217
                    },
                    "Estimated program length": {
                        "__old": 313.6717238070845,
                        "__new": 597.8146857258396
                    },
                    "Purity ratio": {
                        "__old": 0.5974699501087324,
                        "__new": 1.092897048858939
                    }
                },
                "Mi": {
                    "Original": {
                        "__old": 40.49621205585848,
                        "__new": 45.1986815374873
                    },
                    "Sei": {
                        "__old": 22.95379571466426,
                        "__new": 9.374655371045023
                    },
                    "Visual Studio": {
                        "__old": 23.681995354303204,
                        "__new": 26.431977507302516
                    }
                }
            }
        ]
    ]
}