{
    "SLOC": {
        "__old": 174,
        "__new": 106
    },
    "PLOC": {
        "__old": 86,
        "__new": 85
    },
    "LLOC": {
        "__old": 41,
        "__new": 77
    },
    "CLOC": {
        "__old": 54,
        "__new": 5
    },
    "BLANK": {
        "__old": 34,
        "__new": 16
    },
    "CC": {
        "__old": 22,
        "__new": 33
    },
    "COGNITIVE_SUM": {
        "__old": 56,
        "__new": 52
    },
    "COGNITIVE_AVG": {
        "__old": 56,
        "__new": 10.4
    },
    "NARGS_SUM": {
        "__old": 2,
        "__new": 10
    },
    "NOM": {
        "functions": {
            "__old": 1,
            "__new": 4
        },
        "closures": {
            "__old": 0,
            "__new": 1
        },
        "total": {
            "__old": 1,
            "__new": 5
        }
    },
    "HALSTEAD": {
        "n2": {
            "__old": 33,
            "__new": 72
        },
        "N1": {
            "__old": 285,
            "__new": 182
        },
        "N2": {
            "__old": 240,
            "__new": 281
        },
        "Vocabulary": {
            "__old": 63,
            "__new": 102
        },
        "Length": {
            "__old": 525,
            "__new": 463
        },
        "Volume": {
            "__old": 3138.0719598374562,
            "__new": 3089.3329333328024
        },
        "Difficulty": {
            "__old": 109.0909090909091,
            "__new": 58.541666666666664
        },
        "Level": {
            "__old": 0.009166666666666667,
            "__new": 0.01708185053380783
        },
        "Effort": {
            "__old": 342335.12289135886,
            "__new": 180854.69880552447
        },
        "Programming time": {
            "__old": 19018.617938408825,
            "__new": 10047.483266973582
        },
        "Bugs": {
            "__old": 1.6312219298557251,
            "__new": 1.066019812671971
        },
        "Estimated program length": {
            "__old": 313.6717238070845,
            "__new": 591.4413179721021
        },
        "Purity ratio": {
            "__old": 0.5974699501087324,
            "__new": 1.2774110539354255
        }
    },
    "MI": {
        "Original": {
            "__old": 40.49621205585848,
            "__new": 46.07659224487226
        },
        "Sei": {
            "__old": 22.95379571466426,
            "__new": 10.6412127949326
        },
        "Visual Studio": {
            "__old": 23.681995354303204,
            "__new": 26.945375581796647
        }
    },
    "files": [
        [
            "~",
            {
                "filename": {
                    "__old": "Assets/C/fannkuchredux.c",
                    "__new": "Assets/Python/fannkuchredux.py"
                },
                "SLOC": {
                    "__old": 174,
                    "__new": 106
                },
                "PLOC": {
                    "__old": 86,
                    "__new": 85
                },
                "LLOC": {
                    "__old": 41,
                    "__new": 77
                },
                "CLOC": {
                    "__old": 54,
                    "__new": 5
                },
                "BLANK": {
                    "__old": 34,
                    "__new": 16
                },
                "CC": {
                    "__old": 22,
                    "__new": 33
                },
                "COGNITIVE_SUM": {
                    "__old": 56,
                    "__new": 52
                },
                "COGNITIVE_AVG": {
                    "__old": 56,
                    "__new": 10.4
                },
                "NARGS_SUM": {
                    "__old": 2,
                    "__new": 10
                },
                "NOM": {
                    "functions": {
                        "__old": 1,
                        "__new": 4
                    },
                    "closures": {
                        "__old": 0,
                        "__new": 1
                    },
                    "total": {
                        "__old": 1,
                        "__new": 5
                    }
                },
                "Halstead": {
                    "n2": {
                        "__old": 33,
                        "__new": 72
                    },
                    "N1": {
                        "__old": 285,
                        "__new": 182
                    },
                    "N2": {
                        "__old": 240,
                        "__new": 281
                    },
                    "Vocabulary": {
                        "__old": 63,
                        "__new": 102
                    },
                    "Length": {
                        "__old": 525,
                        "__new": 463
                    },
                    "Volume": {
                        "__old": 3138.0719598374562,
                        "__new": 3089.3329333328024
                    },
                    "Difficulty": {
                        "__old": 109.0909090909091,
                        "__new": 58.541666666666664
                    },
                    "Level": {
                        "__old": 0.009166666666666667,
                        "__new": 0.01708185053380783
                    },
                    "Effort": {
                        "__old": 342335.12289135886,
                        "__new": 180854.69880552447
                    },
                    "Programming time": {
                        "__old": 19018.617938408825,
                        "__new": 10047.483266973582
                    },
                    "Bugs": {
                        "__old": 1.6312219298557251,
                        "__new": 1.066019812671971
                    },
                    "Estimated program length": {
                        "__old": 313.6717238070845,
                        "__new": 591.4413179721021
                    },
                    "Purity ratio": {
                        "__old": 0.5974699501087324,
                        "__new": 1.2774110539354255
                    }
                },
                "Mi": {
                    "Original": {
                        "__old": 40.49621205585848,
                        "__new": 46.07659224487226
                    },
                    "Sei": {
                        "__old": 22.95379571466426,
                        "__new": 10.6412127949326
                    },
                    "Visual Studio": {
                        "__old": 23.681995354303204,
                        "__new": 26.945375581796647
                    }
                }
            }
        ]
    ]
}