{
    "SLOC": {
        "__old": 344,
        "__new": 138
    },
    "PLOC": {
        "__old": 255,
        "__new": 79
    },
    "LLOC": {
        "__old": 90,
        "__new": 68
    },
    "CLOC": {
        "__old": 49,
        "__new": 28
    },
    "BLANK": {
        "__old": 40,
        "__new": 31
    },
    "CC": {
        "__old": 35,
        "__new": 15
    },
    "NEXITS": {
        "__old": 4,
        "__new": 2
    },
    "NOM": {
        "functions": {
            "__old": 8,
            "__new": 4
        },
        "total": {
            "__old": 8,
            "__new": 4
        }
    },
    "HALSTEAD": {
        "n1": {
            "__old": 31,
            "__new": 19
        },
        "n2": {
            "__old": 115,
            "__new": 91
        },
        "N1": {
            "__old": 570,
            "__new": 193
        },
        "N2": {
            "__old": 415,
            "__new": 234
        },
        "Vocabulary": {
            "__old": 146,
            "__new": 110
        },
        "Length": {
            "__old": 985,
            "__new": 427
        },
        "Volume": {
            "__old": 7081.9771904968175,
            "__new": 2895.6405976750298
        },
        "Difficulty": {
            "__old": 55.93478260869565,
            "__new": 24.428571428571427
        },
        "Level": {
            "__old": 0.017877963466770307,
            "__new": 0.04093567251461989
        },
        "Effort": {
            "__old": 396128.8545901807,
            "__new": 70736.36317177572
        },
        "Programming time": {
            "__old": 22007.158588343373,
            "__new": 3929.79795398754
        },
        "Bugs": {
            "__old": 1.7979173803681505,
            "__new": 0.5701300037007624
        },
        "Estimated program length": {
            "__old": 940.8114414805963,
            "__new": 672.9199350135095
        },
        "Purity ratio": {
            "__old": 0.9551385192696409,
            "__new": 1.5759249063548233
        }
    },
    "MI": {
        "Original": {
            "__old": 22.23200140869568,
            "__new": 46.27948975793785
        },
        "Sei": {
            "__old": -12.466182327989948,
            "__new": 24.721179830960693
        },
        "Visual Studio": {
            "__old": 13.001170414441917,
            "__new": 27.06402909820927
        }
    },
    "files": [
        [
            "~",
            {
                "filename": {
                    "__old": "Assets/C/fasta.c",
                    "__new": "Assets/Python/fasta.py"
                },
                "SLOC": {
                    "__old": 344,
                    "__new": 138
                },
                "PLOC": {
                    "__old": 255,
                    "__new": 79
                },
                "LLOC": {
                    "__old": 90,
                    "__new": 68
                },
                "CLOC": {
                    "__old": 49,
                    "__new": 28
                },
                "BLANK": {
                    "__old": 40,
                    "__new": 31
                },
                "CC": {
                    "__old": 35,
                    "__new": 15
                },
                "NEXITS": {
                    "__old": 4,
                    "__new": 2
                },
                "NOM": {
                    "functions": {
                        "__old": 8,
                        "__new": 4
                    },
                    "total": {
                        "__old": 8,
                        "__new": 4
                    }
                },
                "Halstead": {
                    "n1": {
                        "__old": 31,
                        "__new": 19
                    },
                    "n2": {
                        "__old": 115,
                        "__new": 91
                    },
                    "N1": {
                        "__old": 570,
                        "__new": 193
                    },
                    "N2": {
                        "__old": 415,
                        "__new": 234
                    },
                    "Vocabulary": {
                        "__old": 146,
                        "__new": 110
                    },
                    "Length": {
                        "__old": 985,
                        "__new": 427
                    },
                    "Volume": {
                        "__old": 7081.9771904968175,
                        "__new": 2895.6405976750298
                    },
                    "Difficulty": {
                        "__old": 55.93478260869565,
                        "__new": 24.428571428571427
                    },
                    "Level": {
                        "__old": 0.017877963466770307,
                        "__new": 0.04093567251461989
                    },
                    "Effort": {
                        "__old": 396128.8545901807,
                        "__new": 70736.36317177572
                    },
                    "Programming time": {
                        "__old": 22007.158588343373,
                        "__new": 3929.79795398754
                    },
                    "Bugs": {
                        "__old": 1.7979173803681505,
                        "__new": 0.5701300037007624
                    },
                    "Estimated program length": {
                        "__old": 940.8114414805963,
                        "__new": 672.9199350135095
                    },
                    "Purity ratio": {
                        "__old": 0.9551385192696409,
                        "__new": 1.5759249063548233
                    }
                },
                "Mi": {
                    "Original": {
                        "__old": 22.23200140869568,
                        "__new": 46.27948975793785
                    },
                    "Sei": {
                        "__old": -12.466182327989948,
                        "__new": 24.721179830960693
                    },
                    "Visual Studio": {
                        "__old": 13.001170414441917,
                        "__new": 27.06402909820927
                    }
                }
            }
        ]
    ]
}