{
    "SLOC": {
        "__old": 344,
        "__new": 138
    },
    "PLOC": {
        "__old": 255,
        "__new": 79
    },
    "LLOC": {
        "__old": 90,
        "__new": 68
    },
    "CLOC": {
        "__old": 49,
        "__new": 28
    },
    "BLANK": {
        "__old": 40,
        "__new": 31
    },
    "CC": {
        "__old": 35,
        "__new": 15
    },
    "COGNITIVE_SUM": {
        "__old": 42,
        "__new": 12
    },
    "COGNITIVE_AVG": {
        "__old": 5.25,
        "__new": 3
    },
    "NARGS_SUM": {
        "__old": 15,
        "__new": 6
    },
    "NARGS_AVG": {
        "__old": 1.875,
        "__new": 1.5
    },
    "NEXITS": {
        "__old": 4,
        "__new": 2
    },
    "NOM": {
        "functions": {
            "__old": 8,
            "__new": 4
        },
        "total": {
            "__old": 8,
            "__new": 4
        }
    },
    "HALSTEAD": {
        "n1": {
            "__old": 31,
            "__new": 18
        },
        "n2": {
            "__old": 115,
            "__new": 91
        },
        "N1": {
            "__old": 570,
            "__new": 140
        },
        "N2": {
            "__old": 415,
            "__new": 234
        },
        "Vocabulary": {
            "__old": 146,
            "__new": 109
        },
        "Length": {
            "__old": 985,
            "__new": 374
        },
        "Volume": {
            "__old": 7081.9771904968175,
            "__new": 2531.3009374665703
        },
        "Difficulty": {
            "__old": 55.93478260869565,
            "__new": 23.142857142857142
        },
        "Level": {
            "__old": 0.017877963466770307,
            "__new": 0.043209876543209874
        },
        "Effort": {
            "__old": 396128.8545901807,
            "__new": 58581.5359813692
        },
        "Programming time": {
            "__old": 22007.158588343373,
            "__new": 3254.5297767427332
        },
        "Bugs": {
            "__old": 1.7979173803681505,
            "__new": 0.5027891705409683
        },
        "Estimated program length": {
            "__old": 940.8114414805963,
            "__new": 667.2679622840429
        },
        "Purity ratio": {
            "__old": 0.9551385192696409,
            "__new": 1.7841389365883502
        }
    },
    "MI": {
        "Original": {
            "__old": 22.23200140869568,
            "__new": 46.97874929915429
        },
        "Sei": {
            "__old": -12.466182327989948,
            "__new": 25.729998103367933
        },
        "Visual Studio": {
            "__old": 13.001170414441917,
            "__new": 27.472952806522976
        }
    },
    "files": [
        [
            "~",
            {
                "filename": {
                    "__old": "Assets/C/fasta.c",
                    "__new": "Assets/Python/fasta.py"
                },
                "SLOC": {
                    "__old": 344,
                    "__new": 138
                },
                "PLOC": {
                    "__old": 255,
                    "__new": 79
                },
                "LLOC": {
                    "__old": 90,
                    "__new": 68
                },
                "CLOC": {
                    "__old": 49,
                    "__new": 28
                },
                "BLANK": {
                    "__old": 40,
                    "__new": 31
                },
                "CC": {
                    "__old": 35,
                    "__new": 15
                },
                "COGNITIVE_SUM": {
                    "__old": 42,
                    "__new": 12
                },
                "COGNITIVE_AVG": {
                    "__old": 5.25,
                    "__new": 3
                },
                "NARGS_SUM": {
                    "__old": 15,
                    "__new": 6
                },
                "NARGS_AVG": {
                    "__old": 1.875,
                    "__new": 1.5
                },
                "NEXITS": {
                    "__old": 4,
                    "__new": 2
                },
                "NOM": {
                    "functions": {
                        "__old": 8,
                        "__new": 4
                    },
                    "total": {
                        "__old": 8,
                        "__new": 4
                    }
                },
                "Halstead": {
                    "n1": {
                        "__old": 31,
                        "__new": 18
                    },
                    "n2": {
                        "__old": 115,
                        "__new": 91
                    },
                    "N1": {
                        "__old": 570,
                        "__new": 140
                    },
                    "N2": {
                        "__old": 415,
                        "__new": 234
                    },
                    "Vocabulary": {
                        "__old": 146,
                        "__new": 109
                    },
                    "Length": {
                        "__old": 985,
                        "__new": 374
                    },
                    "Volume": {
                        "__old": 7081.9771904968175,
                        "__new": 2531.3009374665703
                    },
                    "Difficulty": {
                        "__old": 55.93478260869565,
                        "__new": 23.142857142857142
                    },
                    "Level": {
                        "__old": 0.017877963466770307,
                        "__new": 0.043209876543209874
                    },
                    "Effort": {
                        "__old": 396128.8545901807,
                        "__new": 58581.5359813692
                    },
                    "Programming time": {
                        "__old": 22007.158588343373,
                        "__new": 3254.5297767427332
                    },
                    "Bugs": {
                        "__old": 1.7979173803681505,
                        "__new": 0.5027891705409683
                    },
                    "Estimated program length": {
                        "__old": 940.8114414805963,
                        "__new": 667.2679622840429
                    },
                    "Purity ratio": {
                        "__old": 0.9551385192696409,
                        "__new": 1.7841389365883502
                    }
                },
                "Mi": {
                    "Original": {
                        "__old": 22.23200140869568,
                        "__new": 46.97874929915429
                    },
                    "Sei": {
                        "__old": -12.466182327989948,
                        "__new": 25.729998103367933
                    },
                    "Visual Studio": {
                        "__old": 13.001170414441917,
                        "__new": 27.472952806522976
                    }
                }
            }
        ]
    ]
}