{
    "SLOC": {
        "__old": 247,
        "__new": 186
    },
    "PLOC": {
        "__old": 135,
        "__new": 156
    },
    "LLOC": {
        "__old": 56,
        "__new": 128
    },
    "CLOC": {
        "__old": 56,
        "__new": 4
    },
    "BLANK": {
        "__old": 56,
        "__new": 26
    },
    "CC_SUM": {
        "__old": 27,
        "__new": 59
    },
    "CC_AVG": {
        "__old": 4.5,
        "__new": 4.916666666666667
    },
    "COGNITIVE_SUM": {
        "__old": 28,
        "__new": 70
    },
    "COGNITIVE_AVG": {
        "__old": 7,
        "__new": 5.384615384615385
    },
    "NARGS_SUM": {
        "__old": 10,
        "__new": 28
    },
    "NARGS_AVG": {
        "__old": 2.5,
        "__new": 2.1538461538461537
    },
    "NEXITS": {
        "__old": 4,
        "__new": 7
    },
    "NEXITS_AVG": {
        "__old": 1,
        "__new": 0.5384615384615384
    },
    "NOM": {
        "functions": {
            "__old": 4,
            "__new": 10
        },
        "closures": {
            "__old": 0,
            "__new": 3
        },
        "total": {
            "__old": 4,
            "__new": 13
        }
    },
    "HALSTEAD": {
        "n1": {
            "__old": 34,
            "__new": 29
        },
        "n2": {
            "__old": 79,
            "__new": 139
        },
        "N1": {
            "__old": 482,
            "__new": 380
        },
        "N2": {
            "__old": 385,
            "__new": 588
        },
        "Vocabulary": {
            "__old": 113,
            "__new": 168
        },
        "Length": {
            "__old": 867,
            "__new": 968
        },
        "Volume": {
            "__old": 5913.095160413968,
            "__new": 7155.7632652498405
        },
        "Difficulty": {
            "__old": 82.84810126582279,
            "__new": 61.33812949640288
        },
        "Level": {
            "__old": 0.012070282658517952,
            "__new": 0.01630307295331926
        },
        "Effort": {
            "__old": 489888.7066444231,
            "__new": 438921.1338094974
        },
        "Programming time": {
            "__old": 27216.039258023506,
            "__new": 24384.507433860967
        },
        "Bugs": {
            "__old": 2.0714622848378177,
            "__new": 1.925172902533652
        },
        "Estimated program length": {
            "__old": 670.9724157085027,
            "__new": 1130.414257967267
        },
        "Purity ratio": {
            "__old": 0.7739012868610181,
            "__new": 1.1677833243463502
        }
    },
    "MI": {
        "Original": {
            "__old": 30.376300563228924,
            "__new": 26.619402402992506
        },
        "Sei": {
            "__old": 4.499605876006868,
            "__new": -20.028025772787338
        },
        "Visual Studio": {
            "__old": 17.76391845802861,
            "__new": 15.566901990054097
        }
    },
    "files": [
        [
            "~",
            {
                "filename": {
                    "__old": "Assets/C/knucleotide.c",
                    "__new": "Assets/Python/knucleotide.py"
                },
                "SLOC": {
                    "__old": 247,
                    "__new": 186
                },
                "PLOC": {
                    "__old": 135,
                    "__new": 156
                },
                "LLOC": {
                    "__old": 56,
                    "__new": 128
                },
                "CLOC": {
                    "__old": 56,
                    "__new": 4
                },
                "BLANK": {
                    "__old": 56,
                    "__new": 26
                },
                "CC_SUM": {
                    "__old": 27,
                    "__new": 59
                },
                "CC_AVG": {
                    "__old": 4.5,
                    "__new": 4.916666666666667
                },
                "COGNITIVE_SUM": {
                    "__old": 28,
                    "__new": 70
                },
                "COGNITIVE_AVG": {
                    "__old": 7,
                    "__new": 5.384615384615385
                },
                "NARGS_SUM": {
                    "__old": 10,
                    "__new": 28
                },
                "NARGS_AVG": {
                    "__old": 2.5,
                    "__new": 2.1538461538461537
                },
                "NEXITS": {
                    "__old": 4,
                    "__new": 7
                },
                "NEXITS_AVG": {
                    "__old": 1,
                    "__new": 0.5384615384615384
                },
                "NOM": {
                    "functions": {
                        "__old": 4,
                        "__new": 10
                    },
                    "closures": {
                        "__old": 0,
                        "__new": 3
                    },
                    "total": {
                        "__old": 4,
                        "__new": 13
                    }
                },
                "Halstead": {
                    "n1": {
                        "__old": 34,
                        "__new": 29
                    },
                    "n2": {
                        "__old": 79,
                        "__new": 139
                    },
                    "N1": {
                        "__old": 482,
                        "__new": 380
                    },
                    "N2": {
                        "__old": 385,
                        "__new": 588
                    },
                    "Vocabulary": {
                        "__old": 113,
                        "__new": 168
                    },
                    "Length": {
                        "__old": 867,
                        "__new": 968
                    },
                    "Volume": {
                        "__old": 5913.095160413968,
                        "__new": 7155.7632652498405
                    },
                    "Difficulty": {
                        "__old": 82.84810126582279,
                        "__new": 61.33812949640288
                    },
                    "Level": {
                        "__old": 0.012070282658517952,
                        "__new": 0.01630307295331926
                    },
                    "Effort": {
                        "__old": 489888.7066444231,
                        "__new": 438921.1338094974
                    },
                    "Programming time": {
                        "__old": 27216.039258023506,
                        "__new": 24384.507433860967
                    },
                    "Bugs": {
                        "__old": 2.0714622848378177,
                        "__new": 1.925172902533652
                    },
                    "Estimated program length": {
                        "__old": 670.9724157085027,
                        "__new": 1130.414257967267
                    },
                    "Purity ratio": {
                        "__old": 0.7739012868610181,
                        "__new": 1.1677833243463502
                    }
                },
                "Mi": {
                    "Original": {
                        "__old": 30.376300563228924,
                        "__new": 26.619402402992506
                    },
                    "Sei": {
                        "__old": 4.499605876006868,
                        "__new": -20.028025772787338
                    },
                    "Visual Studio": {
                        "__old": 17.76391845802861,
                        "__new": 15.566901990054097
                    }
                }
            }
        ]
    ]
}