{
    "SLOC": {
        "__old": 247,
        "__new": 186
    },
    "PLOC": {
        "__old": 135,
        "__new": 156
    },
    "LLOC": {
        "__old": 56,
        "__new": 128
    },
    "CLOC": {
        "__old": 56,
        "__new": 4
    },
    "BLANK": {
        "__old": 56,
        "__new": 26
    },
    "CC": {
        "__old": 27,
        "__new": 59
    },
    "NEXITS": {
        "__old": 4,
        "__new": 7
    },
    "NOM": {
        "functions": {
            "__old": 4,
            "__new": 10
        },
        "closures": {
            "__old": 0,
            "__new": 3
        },
        "total": {
            "__old": 4,
            "__new": 13
        }
    },
    "HALSTEAD": {
        "n1": {
            "__old": 34,
            "__new": 31
        },
        "n2": {
            "__old": 79,
            "__new": 139
        },
        "N1": {
            "__old": 482,
            "__new": 544
        },
        "N2": {
            "__old": 385,
            "__new": 588
        },
        "Vocabulary": {
            "__old": 113,
            "__new": 170
        },
        "Length": {
            "__old": 867,
            "__new": 1132
        },
        "Volume": {
            "__old": 5913.095160413968,
            "__new": 8387.430539707879
        },
        "Difficulty": {
            "__old": 82.84810126582279,
            "__new": 65.56834532374101
        },
        "Level": {
            "__old": 0.012070282658517952,
            "__new": 0.015251261795040596
        },
        "Effort": {
            "__old": 489888.7066444231,
            "__new": 549949.9420064577
        },
        "Programming time": {
            "__old": 27216.039258023506,
            "__new": 30552.77455591432
        },
        "Bugs": {
            "__old": 2.0714622848378177,
            "__new": 2.2374887085700426
        },
        "Estimated program length": {
            "__old": 670.9724157085027,
            "__new": 1143.1128947305606
        },
        "Purity ratio": {
            "__old": 0.7739012868610181,
            "__new": 1.0098170448149828
        }
    },
    "MI": {
        "Original": {
            "__old": 30.376300563228924,
            "__new": 25.793558486679558
        },
        "Sei": {
            "__old": 4.499605876006868,
            "__new": -21.219466695400392
        },
        "Visual Studio": {
            "__old": 17.76391845802861,
            "__new": 15.083952331391554
        }
    },
    "files": [
        [
            "~",
            {
                "filename": {
                    "__old": "Assets/C/knucleotide.c",
                    "__new": "Assets/Python/knucleotide.py"
                },
                "SLOC": {
                    "__old": 247,
                    "__new": 186
                },
                "PLOC": {
                    "__old": 135,
                    "__new": 156
                },
                "LLOC": {
                    "__old": 56,
                    "__new": 128
                },
                "CLOC": {
                    "__old": 56,
                    "__new": 4
                },
                "BLANK": {
                    "__old": 56,
                    "__new": 26
                },
                "CC": {
                    "__old": 27,
                    "__new": 59
                },
                "NEXITS": {
                    "__old": 4,
                    "__new": 7
                },
                "NOM": {
                    "functions": {
                        "__old": 4,
                        "__new": 10
                    },
                    "closures": {
                        "__old": 0,
                        "__new": 3
                    },
                    "total": {
                        "__old": 4,
                        "__new": 13
                    }
                },
                "Halstead": {
                    "n1": {
                        "__old": 34,
                        "__new": 31
                    },
                    "n2": {
                        "__old": 79,
                        "__new": 139
                    },
                    "N1": {
                        "__old": 482,
                        "__new": 544
                    },
                    "N2": {
                        "__old": 385,
                        "__new": 588
                    },
                    "Vocabulary": {
                        "__old": 113,
                        "__new": 170
                    },
                    "Length": {
                        "__old": 867,
                        "__new": 1132
                    },
                    "Volume": {
                        "__old": 5913.095160413968,
                        "__new": 8387.430539707879
                    },
                    "Difficulty": {
                        "__old": 82.84810126582279,
                        "__new": 65.56834532374101
                    },
                    "Level": {
                        "__old": 0.012070282658517952,
                        "__new": 0.015251261795040596
                    },
                    "Effort": {
                        "__old": 489888.7066444231,
                        "__new": 549949.9420064577
                    },
                    "Programming time": {
                        "__old": 27216.039258023506,
                        "__new": 30552.77455591432
                    },
                    "Bugs": {
                        "__old": 2.0714622848378177,
                        "__new": 2.2374887085700426
                    },
                    "Estimated program length": {
                        "__old": 670.9724157085027,
                        "__new": 1143.1128947305606
                    },
                    "Purity ratio": {
                        "__old": 0.7739012868610181,
                        "__new": 1.0098170448149828
                    }
                },
                "Mi": {
                    "Original": {
                        "__old": 30.376300563228924,
                        "__new": 25.793558486679558
                    },
                    "Sei": {
                        "__old": 4.499605876006868,
                        "__new": -21.219466695400392
                    },
                    "Visual Studio": {
                        "__old": 17.76391845802861,
                        "__new": 15.083952331391554
                    }
                }
            }
        ]
    ]
}