{
    "SLOC": {
        "__old": 201,
        "__new": 74
    },
    "PLOC": {
        "__old": 140,
        "__new": 59
    },
    "LLOC": {
        "__old": 60,
        "__new": 53
    },
    "CLOC": {
        "__old": 22,
        "__new": 4
    },
    "BLANK": {
        "__old": 39,
        "__new": 11
    },
    "CC": {
        "__old": 39,
        "__new": 22
    },
    "NEXITS": {
        "__old": 5,
        "__new": 1
    },
    "NOM": {
        "functions": {
            "__old": 7,
            "__new": 5
        },
        "total": {
            "__old": 7,
            "__new": 5
        }
    },
    "HALSTEAD": {
        "n1": {
            "__old": 33,
            "__new": 31
        },
        "n2": {
            "__old": 78,
            "__new": 68
        },
        "N1": {
            "__old": 500,
            "__new": 117
        },
        "N2": {
            "__old": 395,
            "__new": 174
        },
        "Vocabulary": {
            "__old": 111,
            "__new": 99
        },
        "Length": {
            "__old": 895,
            "__new": 291
        },
        "Volume": {
            "__old": 6081.002200383345,
            "__new": 1929.1427764431664
        },
        "Difficulty": {
            "__old": 83.5576923076923,
            "__new": 39.661764705882355
        },
        "Level": {
            "__old": 0.011967779056386652,
            "__new": 0.02521319985168706
        },
        "Effort": {
            "__old": 508114.5107820314,
            "__new": 76513.20688334147
        },
        "Programming time": {
            "__old": 28228.583932335077,
            "__new": 4250.733715741193
        },
        "Bugs": {
            "__old": 2.122526610378524,
            "__new": 0.600762775679386
        },
        "Estimated program length": {
            "__old": 656.7263790100843,
            "__new": 567.5275588270163
        },
        "Purity ratio": {
            "__old": 0.7337724905140607,
            "__new": 1.95026652517875
        }
    },
    "MI": {
        "Original": {
            "__old": 30.8092515452214,
            "__new": 56.87702415516006
        },
        "Sei": {
            "__old": -2.7623552082978513,
            "__new": 26.21752637598056
        },
        "Visual Studio": {
            "__old": 18.01710616679614,
            "__new": 33.261417634596526
        }
    },
    "files": [
        [
            "~",
            {
                "filename": {
                    "__old": "Assets/C/mandelbrot.c",
                    "__new": "Assets/Python/mandelbrot.py"
                },
                "SLOC": {
                    "__old": 201,
                    "__new": 74
                },
                "PLOC": {
                    "__old": 140,
                    "__new": 59
                },
                "LLOC": {
                    "__old": 60,
                    "__new": 53
                },
                "CLOC": {
                    "__old": 22,
                    "__new": 4
                },
                "BLANK": {
                    "__old": 39,
                    "__new": 11
                },
                "CC": {
                    "__old": 39,
                    "__new": 22
                },
                "COGNITIVE": {
                    "__old": 33,
                    "__new": 24
                },
                "NEXITS": {
                    "__old": 5,
                    "__new": 1
                },
                "NOM": {
                    "functions": {
                        "__old": 7,
                        "__new": 5
                    },
                    "total": {
                        "__old": 7,
                        "__new": 5
                    }
                },
                "Halstead": {
                    "n1": {
                        "__old": 33,
                        "__new": 31
                    },
                    "n2": {
                        "__old": 78,
                        "__new": 68
                    },
                    "N1": {
                        "__old": 500,
                        "__new": 117
                    },
                    "N2": {
                        "__old": 395,
                        "__new": 174
                    },
                    "Vocabulary": {
                        "__old": 111,
                        "__new": 99
                    },
                    "Length": {
                        "__old": 895,
                        "__new": 291
                    },
                    "Volume": {
                        "__old": 6081.002200383345,
                        "__new": 1929.1427764431664
                    },
                    "Difficulty": {
                        "__old": 83.5576923076923,
                        "__new": 39.661764705882355
                    },
                    "Level": {
                        "__old": 0.011967779056386652,
                        "__new": 0.02521319985168706
                    },
                    "Effort": {
                        "__old": 508114.5107820314,
                        "__new": 76513.20688334147
                    },
                    "Programming time": {
                        "__old": 28228.583932335077,
                        "__new": 4250.733715741193
                    },
                    "Bugs": {
                        "__old": 2.122526610378524,
                        "__new": 0.600762775679386
                    },
                    "Estimated program length": {
                        "__old": 656.7263790100843,
                        "__new": 567.5275588270163
                    },
                    "Purity ratio": {
                        "__old": 0.7337724905140607,
                        "__new": 1.95026652517875
                    }
                },
                "Mi": {
                    "Original": {
                        "__old": 30.8092515452214,
                        "__new": 56.87702415516006
                    },
                    "Sei": {
                        "__old": -2.7623552082978513,
                        "__new": 26.21752637598056
                    },
                    "Visual Studio": {
                        "__old": 18.01710616679614,
                        "__new": 33.261417634596526
                    }
                }
            }
        ]
    ]
}