{
    "SLOC": {
        "__old": 201,
        "__new": 74
    },
    "PLOC": {
        "__old": 140,
        "__new": 59
    },
    "LLOC": {
        "__old": 60,
        "__new": 53
    },
    "CLOC": {
        "__old": 22,
        "__new": 4
    },
    "BLANK": {
        "__old": 39,
        "__new": 11
    },
    "CC": {
        "__old": 39,
        "__new": 22
    },
    "NEXITS": {
        "__old": 5,
        "__new": 1
    },
    "NOM": {
        "functions": {
            "__old": 7,
            "__new": 5
        },
        "total": {
            "__old": 7,
            "__new": 5
        }
    },
    "HALSTEAD": {
        "n1": {
            "__old": 33,
            "__new": 32
        },
        "n2": {
            "__old": 78,
            "__new": 68
        },
        "N1": {
            "__old": 500,
            "__new": 155
        },
        "N2": {
            "__old": 395,
            "__new": 174
        },
        "Vocabulary": {
            "__old": 111,
            "__new": 100
        },
        "Length": {
            "__old": 895,
            "__new": 329
        },
        "Volume": {
            "__old": 6081.002200383345,
            "__new": 2185.8286864358843
        },
        "Difficulty": {
            "__old": 83.5576923076923,
            "__new": 40.94117647058823
        },
        "Level": {
            "__old": 0.011967779056386652,
            "__new": 0.02442528735632184
        },
        "Effort": {
            "__old": 508114.5107820314,
            "__new": 89490.3979858456
        },
        "Programming time": {
            "__old": 28228.583932335077,
            "__new": 4971.688776991422
        },
        "Bugs": {
            "__old": 2.122526610378524,
            "__new": 0.6669035639113784
        },
        "Estimated program length": {
            "__old": 656.7263790100843,
            "__new": 573.947473205023
        },
        "Purity ratio": {
            "__old": 0.7337724905140607,
            "__new": 1.7445211951520456
        }
    },
    "MI": {
        "Original": {
            "__old": 30.8092515452214,
            "__new": 56.22744394488677
        },
        "Sei": {
            "__old": -2.7623552082978513,
            "__new": 25.28038022795969
        },
        "Visual Studio": {
            "__old": 18.01710616679614,
            "__new": 32.88154616660045
        }
    },
    "files": [
        [
            "~",
            {
                "filename": {
                    "__old": "Assets/C/mandelbrot.c",
                    "__new": "Assets/Python/mandelbrot.py"
                },
                "SLOC": {
                    "__old": 201,
                    "__new": 74
                },
                "PLOC": {
                    "__old": 140,
                    "__new": 59
                },
                "LLOC": {
                    "__old": 60,
                    "__new": 53
                },
                "CLOC": {
                    "__old": 22,
                    "__new": 4
                },
                "BLANK": {
                    "__old": 39,
                    "__new": 11
                },
                "CC": {
                    "__old": 39,
                    "__new": 22
                },
                "NEXITS": {
                    "__old": 5,
                    "__new": 1
                },
                "NOM": {
                    "functions": {
                        "__old": 7,
                        "__new": 5
                    },
                    "total": {
                        "__old": 7,
                        "__new": 5
                    }
                },
                "Halstead": {
                    "n1": {
                        "__old": 33,
                        "__new": 32
                    },
                    "n2": {
                        "__old": 78,
                        "__new": 68
                    },
                    "N1": {
                        "__old": 500,
                        "__new": 155
                    },
                    "N2": {
                        "__old": 395,
                        "__new": 174
                    },
                    "Vocabulary": {
                        "__old": 111,
                        "__new": 100
                    },
                    "Length": {
                        "__old": 895,
                        "__new": 329
                    },
                    "Volume": {
                        "__old": 6081.002200383345,
                        "__new": 2185.8286864358843
                    },
                    "Difficulty": {
                        "__old": 83.5576923076923,
                        "__new": 40.94117647058823
                    },
                    "Level": {
                        "__old": 0.011967779056386652,
                        "__new": 0.02442528735632184
                    },
                    "Effort": {
                        "__old": 508114.5107820314,
                        "__new": 89490.3979858456
                    },
                    "Programming time": {
                        "__old": 28228.583932335077,
                        "__new": 4971.688776991422
                    },
                    "Bugs": {
                        "__old": 2.122526610378524,
                        "__new": 0.6669035639113784
                    },
                    "Estimated program length": {
                        "__old": 656.7263790100843,
                        "__new": 573.947473205023
                    },
                    "Purity ratio": {
                        "__old": 0.7337724905140607,
                        "__new": 1.7445211951520456
                    }
                },
                "Mi": {
                    "Original": {
                        "__old": 30.8092515452214,
                        "__new": 56.22744394488677
                    },
                    "Sei": {
                        "__old": -2.7623552082978513,
                        "__new": 25.28038022795969
                    },
                    "Visual Studio": {
                        "__old": 18.01710616679614,
                        "__new": 32.88154616660045
                    }
                }
            }
        ]
    ]
}