{
    "SLOC": {
        "__old": 160,
        "__new": 116
    },
    "PLOC": {
        "__old": 128,
        "__new": 89
    },
    "LLOC": {
        "__old": 39,
        "__new": 53
    },
    "CLOC": {
        "__old": 13,
        "__new": 7
    },
    "BLANK": {
        "__old": 19,
        "__new": 20
    },
    "CC": {
        "__old": 28,
        "__new": 15
    },
    "NEXITS": {
        "__old": 2,
        "__new": 1
    },
    "NOM": {
        "functions": {
            "__old": 4,
            "__new": 5
        },
        "total": {
            "__old": 4,
            "__new": 5
        }
    },
    "HALSTEAD": {
        "n1": {
            "__old": 19,
            "__new": 20
        },
        "n2": {
            "__old": 85,
            "__new": 104
        },
        "N1": {
            "__old": 534,
            "__new": 300
        },
        "N2": {
            "__old": 429,
            "__new": 295
        },
        "Vocabulary": {
            "__old": 104,
            "__new": 124
        },
        "Length": {
            "__old": 963,
            "__new": 595
        },
        "Volume": {
            "__old": 6452.523448569871,
            "__new": 4137.7468046801905
        },
        "Difficulty": {
            "__old": 47.94705882352941,
            "__new": 28.365384615384617
        },
        "Level": {
            "__old": 0.020856336645810332,
            "__new": 0.03525423728813559
        },
        "Effort": {
            "__old": 309379.52134878247,
            "__new": 117368.77955583233
        },
        "Programming time": {
            "__old": 17187.75118604347,
            "__new": 6520.4877531017955
        },
        "Bugs": {
            "__old": 1.5247774273398966,
            "__new": 0.7990619872930836
        },
        "Estimated program length": {
            "__old": 625.5088523271327,
            "__new": 783.2842925844208
        },
        "Purity ratio": {
            "__old": 0.6495419027280713,
            "__new": 1.3164441892175138
        }
    },
    "MI": {
        "Original": {
            "__old": 36.72660605201497,
            "__new": 47.23672422743864
        },
        "Sei": {
            "__old": 1.5041821017136954,
            "__new": 12.54675887752514
        },
        "Visual Studio": {
            "__old": 21.477547398839164,
            "__new": 27.623815337683418
        }
    },
    "files": [
        [
            "~",
            {
                "filename": {
                    "__old": "Assets/C/nbody.c",
                    "__new": "Assets/Python/nbody.py"
                },
                "SLOC": {
                    "__old": 160,
                    "__new": 116
                },
                "PLOC": {
                    "__old": 128,
                    "__new": 89
                },
                "LLOC": {
                    "__old": 39,
                    "__new": 53
                },
                "CLOC": {
                    "__old": 13,
                    "__new": 7
                },
                "BLANK": {
                    "__old": 19,
                    "__new": 20
                },
                "CC": {
                    "__old": 28,
                    "__new": 15
                },
                "NEXITS": {
                    "__old": 2,
                    "__new": 1
                },
                "NOM": {
                    "functions": {
                        "__old": 4,
                        "__new": 5
                    },
                    "total": {
                        "__old": 4,
                        "__new": 5
                    }
                },
                "Halstead": {
                    "n1": {
                        "__old": 19,
                        "__new": 20
                    },
                    "n2": {
                        "__old": 85,
                        "__new": 104
                    },
                    "N1": {
                        "__old": 534,
                        "__new": 300
                    },
                    "N2": {
                        "__old": 429,
                        "__new": 295
                    },
                    "Vocabulary": {
                        "__old": 104,
                        "__new": 124
                    },
                    "Length": {
                        "__old": 963,
                        "__new": 595
                    },
                    "Volume": {
                        "__old": 6452.523448569871,
                        "__new": 4137.7468046801905
                    },
                    "Difficulty": {
                        "__old": 47.94705882352941,
                        "__new": 28.365384615384617
                    },
                    "Level": {
                        "__old": 0.020856336645810332,
                        "__new": 0.03525423728813559
                    },
                    "Effort": {
                        "__old": 309379.52134878247,
                        "__new": 117368.77955583233
                    },
                    "Programming time": {
                        "__old": 17187.75118604347,
                        "__new": 6520.4877531017955
                    },
                    "Bugs": {
                        "__old": 1.5247774273398966,
                        "__new": 0.7990619872930836
                    },
                    "Estimated program length": {
                        "__old": 625.5088523271327,
                        "__new": 783.2842925844208
                    },
                    "Purity ratio": {
                        "__old": 0.6495419027280713,
                        "__new": 1.3164441892175138
                    }
                },
                "Mi": {
                    "Original": {
                        "__old": 36.72660605201497,
                        "__new": 47.23672422743864
                    },
                    "Sei": {
                        "__old": 1.5041821017136954,
                        "__new": 12.54675887752514
                    },
                    "Visual Studio": {
                        "__old": 21.477547398839164,
                        "__new": 27.623815337683418
                    }
                }
            }
        ]
    ]
}