{
    "SLOC": {
        "__old": 160,
        "__new": 116
    },
    "PLOC": {
        "__old": 128,
        "__new": 89
    },
    "LLOC": {
        "__old": 39,
        "__new": 53
    },
    "CLOC": {
        "__old": 13,
        "__new": 7
    },
    "BLANK": {
        "__old": 19,
        "__new": 20
    },
    "CC": {
        "__old": 28,
        "__new": 15
    },
    "NEXITS": {
        "__old": 2,
        "__new": 1
    },
    "NOM": {
        "functions": {
            "__old": 4,
            "__new": 5
        },
        "total": {
            "__old": 4,
            "__new": 5
        }
    },
    "HALSTEAD": {
        "n1": {
            "__old": 19,
            "__new": 18
        },
        "n2": {
            "__old": 85,
            "__new": 104
        },
        "N1": {
            "__old": 534,
            "__new": 228
        },
        "N2": {
            "__old": 429,
            "__new": 295
        },
        "Vocabulary": {
            "__old": 104,
            "__new": 122
        },
        "Length": {
            "__old": 963,
            "__new": 523
        },
        "Volume": {
            "__old": 6452.523448569871,
            "__new": 3624.77562754539
        },
        "Difficulty": {
            "__old": 47.94705882352941,
            "__new": 25.528846153846153
        },
        "Level": {
            "__old": 0.020856336645810332,
            "__new": 0.039171374764595104
        },
        "Effort": {
            "__old": 309379.52134878247,
            "__new": 92536.33933781741
        },
        "Programming time": {
            "__old": 17187.75118604347,
            "__new": 5140.907740989856
        },
        "Bugs": {
            "__old": 1.5247774273398966,
            "__new": 0.6819517089673753
        },
        "Estimated program length": {
            "__old": 625.5088523271327,
            "__new": 771.9043807126351
        },
        "Purity ratio": {
            "__old": 0.6495419027280713,
            "__new": 1.4759165979209083
        }
    },
    "MI": {
        "Original": {
            "__old": 36.72660605201497,
            "__new": 47.92499102255418
        },
        "Sei": {
            "__old": 1.5041821017136954,
            "__new": 13.539717969646862
        },
        "Visual Studio": {
            "__old": 21.477547398839164,
            "__new": 28.026310539505367
        }
    },
    "files": [
        [
            "~",
            {
                "filename": {
                    "__old": "Assets/C/nbody.c",
                    "__new": "Assets/Python/nbody.py"
                },
                "SLOC": {
                    "__old": 160,
                    "__new": 116
                },
                "PLOC": {
                    "__old": 128,
                    "__new": 89
                },
                "LLOC": {
                    "__old": 39,
                    "__new": 53
                },
                "CLOC": {
                    "__old": 13,
                    "__new": 7
                },
                "BLANK": {
                    "__old": 19,
                    "__new": 20
                },
                "CC": {
                    "__old": 28,
                    "__new": 15
                },
                "COGNITIVE": {
                    "__old": 30,
                    "__new": 12
                },
                "NEXITS": {
                    "__old": 2,
                    "__new": 1
                },
                "NOM": {
                    "functions": {
                        "__old": 4,
                        "__new": 5
                    },
                    "total": {
                        "__old": 4,
                        "__new": 5
                    }
                },
                "Halstead": {
                    "n1": {
                        "__old": 19,
                        "__new": 18
                    },
                    "n2": {
                        "__old": 85,
                        "__new": 104
                    },
                    "N1": {
                        "__old": 534,
                        "__new": 228
                    },
                    "N2": {
                        "__old": 429,
                        "__new": 295
                    },
                    "Vocabulary": {
                        "__old": 104,
                        "__new": 122
                    },
                    "Length": {
                        "__old": 963,
                        "__new": 523
                    },
                    "Volume": {
                        "__old": 6452.523448569871,
                        "__new": 3624.77562754539
                    },
                    "Difficulty": {
                        "__old": 47.94705882352941,
                        "__new": 25.528846153846153
                    },
                    "Level": {
                        "__old": 0.020856336645810332,
                        "__new": 0.039171374764595104
                    },
                    "Effort": {
                        "__old": 309379.52134878247,
                        "__new": 92536.33933781741
                    },
                    "Programming time": {
                        "__old": 17187.75118604347,
                        "__new": 5140.907740989856
                    },
                    "Bugs": {
                        "__old": 1.5247774273398966,
                        "__new": 0.6819517089673753
                    },
                    "Estimated program length": {
                        "__old": 625.5088523271327,
                        "__new": 771.9043807126351
                    },
                    "Purity ratio": {
                        "__old": 0.6495419027280713,
                        "__new": 1.4759165979209083
                    }
                },
                "Mi": {
                    "Original": {
                        "__old": 36.72660605201497,
                        "__new": 47.92499102255418
                    },
                    "Sei": {
                        "__old": 1.5041821017136954,
                        "__new": 13.539717969646862
                    },
                    "Visual Studio": {
                        "__old": 21.477547398839164,
                        "__new": 28.026310539505367
                    }
                }
            }
        ]
    ]
}