{
    "SLOC": {
        "__old": 65,
        "__new": 57
    },
    "PLOC": {
        "__old": 45,
        "__new": 41
    },
    "LLOC": {
        "__old": 28,
        "__new": 40
    },
    "CLOC": {
        "__old": 6,
        "__new": 8
    },
    "BLANK": {
        "__old": 14,
        "__new": 8
    },
    "CC": {
        "__old": 9,
        "__new": 6
    },
    "COGNITIVE_SUM": {
        "__old": 7,
        "__new": 11
    },
    "COGNITIVE_AVG": {
        "__old": 1.75,
        "__new": 11
    },
    "NARGS_SUM": {
        "__old": 5,
        "__new": 0
    },
    "NARGS_AVG": {
        "__old": 1.25,
        "__new": 0
    },
    "NEXITS": {
        "__old": 2,
        "__new": 0
    },
    "NOM": {
        "functions": {
            "__old": 4,
            "__new": 0
        },
        "total": {
            "__old": 4,
            "__new": 0
        }
    },
    "HALSTEAD": {
        "n1": {
            "__old": 19,
            "__new": 17
        },
        "n2": {
            "__old": 39,
            "__new": 40
        },
        "N1": {
            "__old": 133,
            "__new": 83
        },
        "N2": {
            "__old": 116,
            "__new": 141
        },
        "Vocabulary": {
            "__old": 58,
            "__new": 57
        },
        "Length": {
            "__old": 249,
            "__new": 224
        },
        "Volume": {
            "__old": 1458.6372677867655,
            "__new": 1306.567363172902
        },
        "Difficulty": {
            "__old": 28.256410256410255,
            "__new": 29.9625
        },
        "Level": {
            "__old": 0.0353901996370236,
            "__new": 0.033375052148518984
        },
        "Effort": {
            "__old": 41215.85305387219,
            "__new": 39148.02461906808
        },
        "Programming time": {
            "__old": 2289.7696141040105,
            "__new": 2174.890256614893
        },
        "Bugs": {
            "__old": 0.3977299301367299,
            "__new": 0.3843132109389379
        },
        "Estimated program length": {
            "__old": 286.84130929105584,
            "__new": 282.3639920967503
        },
        "Purity ratio": {
            "__old": 1.1519731296829552,
            "__new": 1.2605535361462066
        }
    },
    "MI": {
        "Original": {
            "__old": 63.42158514454242,
            "__new": 66.81174451406555
        },
        "Sei": {
            "__old": 39.38809862139142,
            "__new": 48.71616911557324
        },
        "Visual Studio": {
            "__old": 37.088646283358145,
            "__new": 39.071195622260554
        }
    },
    "files": [
        [
            "~",
            {
                "filename": {
                    "__old": "Assets/C/pidigits.c",
                    "__new": "Assets/Python/pidigits.py"
                },
                "SLOC": {
                    "__old": 65,
                    "__new": 57
                },
                "PLOC": {
                    "__old": 45,
                    "__new": 41
                },
                "LLOC": {
                    "__old": 28,
                    "__new": 40
                },
                "CLOC": {
                    "__old": 6,
                    "__new": 8
                },
                "BLANK": {
                    "__old": 14,
                    "__new": 8
                },
                "CC": {
                    "__old": 9,
                    "__new": 6
                },
                "COGNITIVE_SUM": {
                    "__old": 7,
                    "__new": 11
                },
                "COGNITIVE_AVG": {
                    "__old": 1.75,
                    "__new": 11
                },
                "NARGS_SUM": {
                    "__old": 5,
                    "__new": 0
                },
                "NARGS_AVG": {
                    "__old": 1.25,
                    "__new": 0
                },
                "NEXITS": {
                    "__old": 2,
                    "__new": 0
                },
                "NOM": {
                    "functions": {
                        "__old": 4,
                        "__new": 0
                    },
                    "total": {
                        "__old": 4,
                        "__new": 0
                    }
                },
                "Halstead": {
                    "n1": {
                        "__old": 19,
                        "__new": 17
                    },
                    "n2": {
                        "__old": 39,
                        "__new": 40
                    },
                    "N1": {
                        "__old": 133,
                        "__new": 83
                    },
                    "N2": {
                        "__old": 116,
                        "__new": 141
                    },
                    "Vocabulary": {
                        "__old": 58,
                        "__new": 57
                    },
                    "Length": {
                        "__old": 249,
                        "__new": 224
                    },
                    "Volume": {
                        "__old": 1458.6372677867655,
                        "__new": 1306.567363172902
                    },
                    "Difficulty": {
                        "__old": 28.256410256410255,
                        "__new": 29.9625
                    },
                    "Level": {
                        "__old": 0.0353901996370236,
                        "__new": 0.033375052148518984
                    },
                    "Effort": {
                        "__old": 41215.85305387219,
                        "__new": 39148.02461906808
                    },
                    "Programming time": {
                        "__old": 2289.7696141040105,
                        "__new": 2174.890256614893
                    },
                    "Bugs": {
                        "__old": 0.3977299301367299,
                        "__new": 0.3843132109389379
                    },
                    "Estimated program length": {
                        "__old": 286.84130929105584,
                        "__new": 282.3639920967503
                    },
                    "Purity ratio": {
                        "__old": 1.1519731296829552,
                        "__new": 1.2605535361462066
                    }
                },
                "Mi": {
                    "Original": {
                        "__old": 63.42158514454242,
                        "__new": 66.81174451406555
                    },
                    "Sei": {
                        "__old": 39.38809862139142,
                        "__new": 48.71616911557324
                    },
                    "Visual Studio": {
                        "__old": 37.088646283358145,
                        "__new": 39.071195622260554
                    }
                }
            }
        ]
    ]
}