{
    "SLOC": {
        "__old": 65,
        "__new": 57
    },
    "PLOC": {
        "__old": 45,
        "__new": 41
    },
    "LLOC": {
        "__old": 28,
        "__new": 40
    },
    "CLOC": {
        "__old": 6,
        "__new": 8
    },
    "BLANK": {
        "__old": 14,
        "__new": 8
    },
    "CC": {
        "__old": 9,
        "__new": 6
    },
    "NEXITS": {
        "__old": 2,
        "__new": 0
    },
    "NOM": {
        "functions": {
            "__old": 4,
            "__new": 0
        },
        "total": {
            "__old": 4,
            "__new": 0
        }
    },
    "HALSTEAD": {
        "n2": {
            "__old": 39,
            "__new": 40
        },
        "N1": {
            "__old": 133,
            "__new": 118
        },
        "N2": {
            "__old": 116,
            "__new": 141
        },
        "Vocabulary": {
            "__old": 58,
            "__new": 59
        },
        "Length": {
            "__old": 249,
            "__new": 259
        },
        "Volume": {
            "__old": 1458.6372677867655,
            "__new": 1523.604549784717
        },
        "Difficulty": {
            "__old": 28.256410256410255,
            "__new": 33.4875
        },
        "Level": {
            "__old": 0.0353901996370236,
            "__new": 0.029861888764464356
        },
        "Effort": {
            "__old": 41215.85305387219,
            "__new": 51021.7073609157
        },
        "Programming time": {
            "__old": 2289.7696141040105,
            "__new": 2834.53929782865
        },
        "Bugs": {
            "__old": 0.3977299301367299,
            "__new": 0.45854511407427156
        },
        "Estimated program length": {
            "__old": 286.84130929105584,
            "__new": 293.5877465509226
        },
        "Purity ratio": {
            "__old": 1.1519731296829552,
            "__new": 1.133543422976535
        }
    },
    "MI": {
        "Original": {
            "__old": 63.42158514454242,
            "__new": 66.01263151288485
        },
        "Sei": {
            "__old": 39.38809862139142,
            "__new": 47.56329275165993
        },
        "Visual Studio": {
            "__old": 37.088646283358145,
            "__new": 38.60387807771044
        }
    },
    "files": [
        [
            "~",
            {
                "filename": {
                    "__old": "Assets/C/pidigits.c",
                    "__new": "Assets/Python/pidigits.py"
                },
                "SLOC": {
                    "__old": 65,
                    "__new": 57
                },
                "PLOC": {
                    "__old": 45,
                    "__new": 41
                },
                "LLOC": {
                    "__old": 28,
                    "__new": 40
                },
                "CLOC": {
                    "__old": 6,
                    "__new": 8
                },
                "BLANK": {
                    "__old": 14,
                    "__new": 8
                },
                "CC": {
                    "__old": 9,
                    "__new": 6
                },
                "NEXITS": {
                    "__old": 2,
                    "__new": 0
                },
                "NOM": {
                    "functions": {
                        "__old": 4,
                        "__new": 0
                    },
                    "total": {
                        "__old": 4,
                        "__new": 0
                    }
                },
                "Halstead": {
                    "n2": {
                        "__old": 39,
                        "__new": 40
                    },
                    "N1": {
                        "__old": 133,
                        "__new": 118
                    },
                    "N2": {
                        "__old": 116,
                        "__new": 141
                    },
                    "Vocabulary": {
                        "__old": 58,
                        "__new": 59
                    },
                    "Length": {
                        "__old": 249,
                        "__new": 259
                    },
                    "Volume": {
                        "__old": 1458.6372677867655,
                        "__new": 1523.604549784717
                    },
                    "Difficulty": {
                        "__old": 28.256410256410255,
                        "__new": 33.4875
                    },
                    "Level": {
                        "__old": 0.0353901996370236,
                        "__new": 0.029861888764464356
                    },
                    "Effort": {
                        "__old": 41215.85305387219,
                        "__new": 51021.7073609157
                    },
                    "Programming time": {
                        "__old": 2289.7696141040105,
                        "__new": 2834.53929782865
                    },
                    "Bugs": {
                        "__old": 0.3977299301367299,
                        "__new": 0.45854511407427156
                    },
                    "Estimated program length": {
                        "__old": 286.84130929105584,
                        "__new": 293.5877465509226
                    },
                    "Purity ratio": {
                        "__old": 1.1519731296829552,
                        "__new": 1.133543422976535
                    }
                },
                "Mi": {
                    "Original": {
                        "__old": 63.42158514454242,
                        "__new": 66.01263151288485
                    },
                    "Sei": {
                        "__old": 39.38809862139142,
                        "__new": 47.56329275165993
                    },
                    "Visual Studio": {
                        "__old": 37.088646283358145,
                        "__new": 38.60387807771044
                    }
                }
            }
        ]
    ]
}