{
    "SLOC": {
        "__old": 208,
        "__new": 55
    },
    "PLOC": {
        "__old": 111,
        "__new": 37
    },
    "LLOC": {
        "__old": 38,
        "__new": 23
    },
    "CLOC": {
        "__old": 51,
        "__new": 8
    },
    "BLANK": {
        "__old": 46,
        "__new": 10
    },
    "CC": {
        "__old": 12,
        "__new": 7
    },
    "NOM": {
        "functions": {
            "__old": 2,
            "__new": 3
        },
        "total": {
            "__old": 2,
            "__new": 3
        }
    },
    "HALSTEAD": {
        "n1": {
            "__old": 26,
            "__new": 14
        },
        "n2": {
            "__old": 77,
            "__new": 53
        },
        "N1": {
            "__old": 410,
            "__new": 79
        },
        "N2": {
            "__old": 328,
            "__new": 93
        },
        "Vocabulary": {
            "__old": 103,
            "__new": 67
        },
        "Length": {
            "__old": 738,
            "__new": 172
        },
        "Volume": {
            "__old": 4934.637389061215,
            "__new": 1043.3673407587369
        },
        "Difficulty": {
            "__old": 55.37662337662338,
            "__new": 12.283018867924529
        },
        "Level": {
            "__old": 0.018058161350844277,
            "__new": 0.08141321044546851
        },
        "Effort": {
            "__old": 273263.55619424704,
            "__new": 12815.700732715806
        },
        "Programming time": {
            "__old": 15181.308677458168,
            "__new": 711.983374039767
        },
        "Bugs": {
            "__old": 1.4036749703370608,
            "__new": 0.18254655869879396
        },
        "Estimated program length": {
            "__old": 604.7539963051757,
            "__new": 356.882753000656
        },
        "Purity ratio": {
            "__old": 0.819449859492108,
            "__new": 2.0748997267480003
        }
    },
    "MI": {
        "Original": {
            "__old": 37.550903855613285,
            "__new": 68.33011773481513
        },
        "Sei": {
            "__old": 14.398456559195303,
            "__new": 51.44431484217202
        },
        "Visual Studio": {
            "__old": 21.959592898019466,
            "__new": 39.95913317825446
        }
    },
    "files": [
        [
            "~",
            {
                "filename": {
                    "__old": "Assets/C/regexredux.c",
                    "__new": "Assets/Python/regexredux.py"
                },
                "SLOC": {
                    "__old": 208,
                    "__new": 55
                },
                "PLOC": {
                    "__old": 111,
                    "__new": 37
                },
                "LLOC": {
                    "__old": 38,
                    "__new": 23
                },
                "CLOC": {
                    "__old": 51,
                    "__new": 8
                },
                "BLANK": {
                    "__old": 46,
                    "__new": 10
                },
                "CC": {
                    "__old": 12,
                    "__new": 7
                },
                "NOM": {
                    "functions": {
                        "__old": 2,
                        "__new": 3
                    },
                    "total": {
                        "__old": 2,
                        "__new": 3
                    }
                },
                "Halstead": {
                    "n1": {
                        "__old": 26,
                        "__new": 14
                    },
                    "n2": {
                        "__old": 77,
                        "__new": 53
                    },
                    "N1": {
                        "__old": 410,
                        "__new": 79
                    },
                    "N2": {
                        "__old": 328,
                        "__new": 93
                    },
                    "Vocabulary": {
                        "__old": 103,
                        "__new": 67
                    },
                    "Length": {
                        "__old": 738,
                        "__new": 172
                    },
                    "Volume": {
                        "__old": 4934.637389061215,
                        "__new": 1043.3673407587369
                    },
                    "Difficulty": {
                        "__old": 55.37662337662338,
                        "__new": 12.283018867924529
                    },
                    "Level": {
                        "__old": 0.018058161350844277,
                        "__new": 0.08141321044546851
                    },
                    "Effort": {
                        "__old": 273263.55619424704,
                        "__new": 12815.700732715806
                    },
                    "Programming time": {
                        "__old": 15181.308677458168,
                        "__new": 711.983374039767
                    },
                    "Bugs": {
                        "__old": 1.4036749703370608,
                        "__new": 0.18254655869879396
                    },
                    "Estimated program length": {
                        "__old": 604.7539963051757,
                        "__new": 356.882753000656
                    },
                    "Purity ratio": {
                        "__old": 0.819449859492108,
                        "__new": 2.0748997267480003
                    }
                },
                "Mi": {
                    "Original": {
                        "__old": 37.550903855613285,
                        "__new": 68.33011773481513
                    },
                    "Sei": {
                        "__old": 14.398456559195303,
                        "__new": 51.44431484217202
                    },
                    "Visual Studio": {
                        "__old": 21.959592898019466,
                        "__new": 39.95913317825446
                    }
                }
            }
        ]
    ]
}