{
    "SLOC": {
        "__old": 208,
        "__new": 55
    },
    "PLOC": {
        "__old": 111,
        "__new": 37
    },
    "LLOC": {
        "__old": 38,
        "__new": 23
    },
    "CLOC": {
        "__old": 51,
        "__new": 8
    },
    "BLANK": {
        "__old": 46,
        "__new": 10
    },
    "CC": {
        "__old": 12,
        "__new": 7
    },
    "COGNITIVE_SUM": {
        "__old": 11,
        "__new": 3
    },
    "COGNITIVE_AVG": {
        "__old": 5.5,
        "__new": 1
    },
    "NARGS_SUM": {
        "__old": 6,
        "__new": 2
    },
    "NARGS_AVG": {
        "__old": 3,
        "__new": 0.6666666666666666
    },
    "NOM": {
        "functions": {
            "__old": 2,
            "__new": 3
        },
        "total": {
            "__old": 2,
            "__new": 3
        }
    },
    "HALSTEAD": {
        "n1": {
            "__old": 26,
            "__new": 12
        },
        "n2": {
            "__old": 77,
            "__new": 53
        },
        "N1": {
            "__old": 410,
            "__new": 55
        },
        "N2": {
            "__old": 328,
            "__new": 93
        },
        "Vocabulary": {
            "__old": 103,
            "__new": 65
        },
        "Length": {
            "__old": 738,
            "__new": 148
        },
        "Volume": {
            "__old": 4934.637389061215,
            "__new": 891.3104363282113
        },
        "Difficulty": {
            "__old": 55.37662337662338,
            "__new": 10.528301886792454
        },
        "Level": {
            "__old": 0.018058161350844277,
            "__new": 0.09498207885304659
        },
        "Effort": {
            "__old": 273263.55619424704,
            "__new": 9383.985348512111
        },
        "Programming time": {
            "__old": 15181.308677458168,
            "__new": 521.332519361784
        },
        "Bugs": {
            "__old": 1.4036749703370608,
            "__new": 0.1482985686437413
        },
        "Estimated program length": {
            "__old": 604.7539963051757,
            "__new": 346.5993341005034
        },
        "Purity ratio": {
            "__old": 0.819449859492108,
            "__new": 2.341887392570969
        }
    },
    "MI": {
        "Original": {
            "__old": 37.550903855613285,
            "__new": 69.14919994231667
        },
        "Sei": {
            "__old": 14.398456559195303,
            "__new": 52.626000681014844
        },
        "Visual Studio": {
            "__old": 21.959592898019466,
            "__new": 40.43812862123782
        }
    },
    "files": [
        [
            "~",
            {
                "filename": {
                    "__old": "Assets/C/regexredux.c",
                    "__new": "Assets/Python/regexredux.py"
                },
                "SLOC": {
                    "__old": 208,
                    "__new": 55
                },
                "PLOC": {
                    "__old": 111,
                    "__new": 37
                },
                "LLOC": {
                    "__old": 38,
                    "__new": 23
                },
                "CLOC": {
                    "__old": 51,
                    "__new": 8
                },
                "BLANK": {
                    "__old": 46,
                    "__new": 10
                },
                "CC": {
                    "__old": 12,
                    "__new": 7
                },
                "COGNITIVE_SUM": {
                    "__old": 11,
                    "__new": 3
                },
                "COGNITIVE_AVG": {
                    "__old": 5.5,
                    "__new": 1
                },
                "NARGS_SUM": {
                    "__old": 6,
                    "__new": 2
                },
                "NARGS_AVG": {
                    "__old": 3,
                    "__new": 0.6666666666666666
                },
                "NOM": {
                    "functions": {
                        "__old": 2,
                        "__new": 3
                    },
                    "total": {
                        "__old": 2,
                        "__new": 3
                    }
                },
                "Halstead": {
                    "n1": {
                        "__old": 26,
                        "__new": 12
                    },
                    "n2": {
                        "__old": 77,
                        "__new": 53
                    },
                    "N1": {
                        "__old": 410,
                        "__new": 55
                    },
                    "N2": {
                        "__old": 328,
                        "__new": 93
                    },
                    "Vocabulary": {
                        "__old": 103,
                        "__new": 65
                    },
                    "Length": {
                        "__old": 738,
                        "__new": 148
                    },
                    "Volume": {
                        "__old": 4934.637389061215,
                        "__new": 891.3104363282113
                    },
                    "Difficulty": {
                        "__old": 55.37662337662338,
                        "__new": 10.528301886792454
                    },
                    "Level": {
                        "__old": 0.018058161350844277,
                        "__new": 0.09498207885304659
                    },
                    "Effort": {
                        "__old": 273263.55619424704,
                        "__new": 9383.985348512111
                    },
                    "Programming time": {
                        "__old": 15181.308677458168,
                        "__new": 521.332519361784
                    },
                    "Bugs": {
                        "__old": 1.4036749703370608,
                        "__new": 0.1482985686437413
                    },
                    "Estimated program length": {
                        "__old": 604.7539963051757,
                        "__new": 346.5993341005034
                    },
                    "Purity ratio": {
                        "__old": 0.819449859492108,
                        "__new": 2.341887392570969
                    }
                },
                "Mi": {
                    "Original": {
                        "__old": 37.550903855613285,
                        "__new": 69.14919994231667
                    },
                    "Sei": {
                        "__old": 14.398456559195303,
                        "__new": 52.626000681014844
                    },
                    "Visual Studio": {
                        "__old": 21.959592898019466,
                        "__new": 40.43812862123782
                    }
                }
            }
        ]
    ]
}