{
    "SLOC": {
        "__old": 151,
        "__new": 74
    },
    "PLOC": {
        "__old": 77,
        "__new": 61
    },
    "LLOC": {
        "__old": 37,
        "__new": 62
    },
    "CLOC": {
        "__old": 41,
        "__new": 4
    },
    "BLANK": {
        "__old": 33,
        "__new": 9
    },
    "CC_SUM": {
        "__old": 17,
        "__new": 25
    },
    "CC_AVG": {
        "__old": 5.666666666666667,
        "__new": 5
    },
    "COGNITIVE_SUM": {
        "__old": 21,
        "__new": 38
    },
    "COGNITIVE_AVG": {
        "__old": 10.5,
        "__new": 9.5
    },
    "NARGS_SUM": {
        "__old": 3,
        "__new": 8
    },
    "NARGS_AVG": {
        "__old": 1.5,
        "__new": 2
    },
    "NEXITS_AVG": {
        "__old": 0.5,
        "__new": 0.25
    },
    "NOM": {
        "functions": {
            "__old": 2,
            "__new": 4
        },
        "total": {
            "__old": 2,
            "__new": 4
        }
    },
    "HALSTEAD": {
        "n1": {
            "__old": 25,
            "__new": 24
        },
        "n2": {
            "__old": 29,
            "__new": 73
        },
        "N1": {
            "__old": 194,
            "__new": 135
        },
        "N2": {
            "__old": 128,
            "__new": 199
        },
        "Vocabulary": {
            "__old": 54,
            "__new": 97
        },
        "Length": {
            "__old": 322,
            "__new": 334
        },
        "Volume": {
            "__old": 1853.0737756966369,
            "__new": 2204.3708892905006
        },
        "Difficulty": {
            "__old": 55.172413793103445,
            "__new": 32.71232876712329
        },
        "Level": {
            "__old": 0.018125000000000002,
            "__new": 0.030569514237855946
        },
        "Effort": {
            "__old": 102238.5531418834,
            "__new": 72110.10525514679
        },
        "Programming time": {
            "__old": 5679.919618993522,
            "__new": 4006.116958619266
        },
        "Bugs": {
            "__old": 0.7288226738088915,
            "__new": 0.5774878237182266
        },
        "Estimated program length": {
            "__old": 256.9778536030677,
            "__new": 561.896292815549
        },
        "Purity ratio": {
            "__old": 0.7980678683325083,
            "__new": 1.6823242299866739
        }
    },
    "MI": {
        "Original": {
            "__old": 46.68214123724049,
            "__new": 55.4935188218906
        },
        "Sei": {
            "__old": 29.49766081859525,
            "__new": 24.527009670842695
        },
        "Visual Studio": {
            "__old": 27.29949779955584,
            "__new": 32.45235018824012
        }
    },
    "files": [
        [
            "~",
            {
                "filename": {
                    "__old": "Assets/C/revcomp.c",
                    "__new": "Assets/Python/revcomp.py"
                },
                "SLOC": {
                    "__old": 151,
                    "__new": 74
                },
                "PLOC": {
                    "__old": 77,
                    "__new": 61
                },
                "LLOC": {
                    "__old": 37,
                    "__new": 62
                },
                "CLOC": {
                    "__old": 41,
                    "__new": 4
                },
                "BLANK": {
                    "__old": 33,
                    "__new": 9
                },
                "CC_SUM": {
                    "__old": 17,
                    "__new": 25
                },
                "CC_AVG": {
                    "__old": 5.666666666666667,
                    "__new": 5
                },
                "COGNITIVE_SUM": {
                    "__old": 21,
                    "__new": 38
                },
                "COGNITIVE_AVG": {
                    "__old": 10.5,
                    "__new": 9.5
                },
                "NARGS_SUM": {
                    "__old": 3,
                    "__new": 8
                },
                "NARGS_AVG": {
                    "__old": 1.5,
                    "__new": 2
                },
                "NEXITS_AVG": {
                    "__old": 0.5,
                    "__new": 0.25
                },
                "NOM": {
                    "functions": {
                        "__old": 2,
                        "__new": 4
                    },
                    "total": {
                        "__old": 2,
                        "__new": 4
                    }
                },
                "Halstead": {
                    "n1": {
                        "__old": 25,
                        "__new": 24
                    },
                    "n2": {
                        "__old": 29,
                        "__new": 73
                    },
                    "N1": {
                        "__old": 194,
                        "__new": 135
                    },
                    "N2": {
                        "__old": 128,
                        "__new": 199
                    },
                    "Vocabulary": {
                        "__old": 54,
                        "__new": 97
                    },
                    "Length": {
                        "__old": 322,
                        "__new": 334
                    },
                    "Volume": {
                        "__old": 1853.0737756966369,
                        "__new": 2204.3708892905006
                    },
                    "Difficulty": {
                        "__old": 55.172413793103445,
                        "__new": 32.71232876712329
                    },
                    "Level": {
                        "__old": 0.018125000000000002,
                        "__new": 0.030569514237855946
                    },
                    "Effort": {
                        "__old": 102238.5531418834,
                        "__new": 72110.10525514679
                    },
                    "Programming time": {
                        "__old": 5679.919618993522,
                        "__new": 4006.116958619266
                    },
                    "Bugs": {
                        "__old": 0.7288226738088915,
                        "__new": 0.5774878237182266
                    },
                    "Estimated program length": {
                        "__old": 256.9778536030677,
                        "__new": 561.896292815549
                    },
                    "Purity ratio": {
                        "__old": 0.7980678683325083,
                        "__new": 1.6823242299866739
                    }
                },
                "Mi": {
                    "Original": {
                        "__old": 46.68214123724049,
                        "__new": 55.4935188218906
                    },
                    "Sei": {
                        "__old": 29.49766081859525,
                        "__new": 24.527009670842695
                    },
                    "Visual Studio": {
                        "__old": 27.29949779955584,
                        "__new": 32.45235018824012
                    }
                }
            }
        ]
    ]
}