{
    "SLOC": {
        "__old": 151,
        "__new": 74
    },
    "PLOC": {
        "__old": 77,
        "__new": 61
    },
    "LLOC": {
        "__old": 37,
        "__new": 62
    },
    "CLOC": {
        "__old": 41,
        "__new": 4
    },
    "BLANK": {
        "__old": 33,
        "__new": 9
    },
    "CC": {
        "__old": 17,
        "__new": 25
    },
    "NOM": {
        "functions": {
            "__old": 2,
            "__new": 4
        },
        "total": {
            "__old": 2,
            "__new": 4
        }
    },
    "HALSTEAD": {
        "n2": {
            "__old": 29,
            "__new": 73
        },
        "N1": {
            "__old": 194,
            "__new": 186
        },
        "N2": {
            "__old": 128,
            "__new": 199
        },
        "Vocabulary": {
            "__old": 54,
            "__new": 98
        },
        "Length": {
            "__old": 322,
            "__new": 385
        },
        "Volume": {
            "__old": 1853.0737756966369,
            "__new": 2546.6632899843553
        },
        "Difficulty": {
            "__old": 55.172413793103445,
            "__new": 34.07534246575342
        },
        "Level": {
            "__old": 0.018125000000000002,
            "__new": 0.02934673366834171
        },
        "Effort": {
            "__old": 102238.5531418834,
            "__new": 86778.42375117923
        },
        "Programming time": {
            "__old": 5679.919618993522,
            "__new": 4821.023541732179
        },
        "Bugs": {
            "__old": 0.7288226738088915,
            "__new": 0.6533610644882417
        },
        "Estimated program length": {
            "__old": 256.9778536030677,
            "__new": 567.9535975426094
        },
        "Purity ratio": {
            "__old": 0.7980678683325083,
            "__new": 1.475204149461323
        }
    },
    "MI": {
        "Original": {
            "__old": 46.68214123724049,
            "__new": 54.7429412987326
        },
        "Sei": {
            "__old": 29.49766081859525,
            "__new": 23.444155200379875
        },
        "Visual Studio": {
            "__old": 27.29949779955584,
            "__new": 32.01341596417112
        }
    },
    "files": [
        [
            "~",
            {
                "filename": {
                    "__old": "Assets/C/revcomp.c",
                    "__new": "Assets/Python/revcomp.py"
                },
                "SLOC": {
                    "__old": 151,
                    "__new": 74
                },
                "PLOC": {
                    "__old": 77,
                    "__new": 61
                },
                "LLOC": {
                    "__old": 37,
                    "__new": 62
                },
                "CLOC": {
                    "__old": 41,
                    "__new": 4
                },
                "BLANK": {
                    "__old": 33,
                    "__new": 9
                },
                "CC": {
                    "__old": 17,
                    "__new": 25
                },
                "NOM": {
                    "functions": {
                        "__old": 2,
                        "__new": 4
                    },
                    "total": {
                        "__old": 2,
                        "__new": 4
                    }
                },
                "Halstead": {
                    "n2": {
                        "__old": 29,
                        "__new": 73
                    },
                    "N1": {
                        "__old": 194,
                        "__new": 186
                    },
                    "N2": {
                        "__old": 128,
                        "__new": 199
                    },
                    "Vocabulary": {
                        "__old": 54,
                        "__new": 98
                    },
                    "Length": {
                        "__old": 322,
                        "__new": 385
                    },
                    "Volume": {
                        "__old": 1853.0737756966369,
                        "__new": 2546.6632899843553
                    },
                    "Difficulty": {
                        "__old": 55.172413793103445,
                        "__new": 34.07534246575342
                    },
                    "Level": {
                        "__old": 0.018125000000000002,
                        "__new": 0.02934673366834171
                    },
                    "Effort": {
                        "__old": 102238.5531418834,
                        "__new": 86778.42375117923
                    },
                    "Programming time": {
                        "__old": 5679.919618993522,
                        "__new": 4821.023541732179
                    },
                    "Bugs": {
                        "__old": 0.7288226738088915,
                        "__new": 0.6533610644882417
                    },
                    "Estimated program length": {
                        "__old": 256.9778536030677,
                        "__new": 567.9535975426094
                    },
                    "Purity ratio": {
                        "__old": 0.7980678683325083,
                        "__new": 1.475204149461323
                    }
                },
                "Mi": {
                    "Original": {
                        "__old": 46.68214123724049,
                        "__new": 54.7429412987326
                    },
                    "Sei": {
                        "__old": 29.49766081859525,
                        "__new": 23.444155200379875
                    },
                    "Visual Studio": {
                        "__old": 27.29949779955584,
                        "__new": 32.01341596417112
                    }
                }
            }
        ]
    ]
}