{
    "SLOC": {
        "__old": 255,
        "__new": 62
    },
    "PLOC": {
        "__old": 156,
        "__new": 39
    },
    "LLOC": {
        "__old": 44,
        "__new": 32
    },
    "CLOC": {
        "__old": 63,
        "__new": 8
    },
    "BLANK": {
        "__old": 36,
        "__new": 15
    },
    "CC": {
        "__old": 28,
        "__new": 15
    },
    "NOM": {
        "functions": {
            "__old": 9,
            "__new": 7
        },
        "total": {
            "__old": 9,
            "__new": 7
        }
    },
    "HALSTEAD": {
        "n1": {
            "__old": 25,
            "__new": 17
        },
        "n2": {
            "__old": 67,
            "__new": 46
        },
        "N1": {
            "__old": 506,
            "__new": 114
        },
        "N2": {
            "__old": 363,
            "__new": 126
        },
        "Vocabulary": {
            "__old": 92,
            "__new": 63
        },
        "Length": {
            "__old": 869,
            "__new": 240
        },
        "Volume": {
            "__old": 5668.975339813544,
            "__new": 1434.54718163998
        },
        "Difficulty": {
            "__old": 67.72388059701493,
            "__new": 23.282608695652176
        },
        "Level": {
            "__old": 0.014765840220385676,
            "__new": 0.04295051353874883
        },
        "Effort": {
            "__old": 383925.0090209546,
            "__new": 33400.00068557432
        },
        "Programming time": {
            "__old": 21329.167167830812,
            "__new": 1855.5555936430178
        },
        "Bugs": {
            "__old": 1.7607985856908024,
            "__new": 0.34570823838208525
        },
        "Estimated program length": {
            "__old": 522.5243805050388,
            "__new": 323.57071827987835
        },
        "Purity ratio": {
            "__old": 0.6012938786018859,
            "__new": 1.3482113261661597
        }
    },
    "MI": {
        "Original": {
            "__old": 29.84915951402978,
            "__new": 62.89367942950149
        },
        "Sei": {
            "__old": 5.021060152791847,
            "__new": 42.97315746899319
        },
        "Visual Studio": {
            "__old": 17.455648838613907,
            "__new": 36.779929490936546
        }
    },
    "files": [
        [
            "~",
            {
                "filename": {
                    "__old": "Assets/C/spectralnorm.c",
                    "__new": "Assets/Python/spectralnorm.py"
                },
                "SLOC": {
                    "__old": 255,
                    "__new": 62
                },
                "PLOC": {
                    "__old": 156,
                    "__new": 39
                },
                "LLOC": {
                    "__old": 44,
                    "__new": 32
                },
                "CLOC": {
                    "__old": 63,
                    "__new": 8
                },
                "BLANK": {
                    "__old": 36,
                    "__new": 15
                },
                "CC": {
                    "__old": 28,
                    "__new": 15
                },
                "NOM": {
                    "functions": {
                        "__old": 9,
                        "__new": 7
                    },
                    "total": {
                        "__old": 9,
                        "__new": 7
                    }
                },
                "Halstead": {
                    "n1": {
                        "__old": 25,
                        "__new": 17
                    },
                    "n2": {
                        "__old": 67,
                        "__new": 46
                    },
                    "N1": {
                        "__old": 506,
                        "__new": 114
                    },
                    "N2": {
                        "__old": 363,
                        "__new": 126
                    },
                    "Vocabulary": {
                        "__old": 92,
                        "__new": 63
                    },
                    "Length": {
                        "__old": 869,
                        "__new": 240
                    },
                    "Volume": {
                        "__old": 5668.975339813544,
                        "__new": 1434.54718163998
                    },
                    "Difficulty": {
                        "__old": 67.72388059701493,
                        "__new": 23.282608695652176
                    },
                    "Level": {
                        "__old": 0.014765840220385676,
                        "__new": 0.04295051353874883
                    },
                    "Effort": {
                        "__old": 383925.0090209546,
                        "__new": 33400.00068557432
                    },
                    "Programming time": {
                        "__old": 21329.167167830812,
                        "__new": 1855.5555936430178
                    },
                    "Bugs": {
                        "__old": 1.7607985856908024,
                        "__new": 0.34570823838208525
                    },
                    "Estimated program length": {
                        "__old": 522.5243805050388,
                        "__new": 323.57071827987835
                    },
                    "Purity ratio": {
                        "__old": 0.6012938786018859,
                        "__new": 1.3482113261661597
                    }
                },
                "Mi": {
                    "Original": {
                        "__old": 29.84915951402978,
                        "__new": 62.89367942950149
                    },
                    "Sei": {
                        "__old": 5.021060152791847,
                        "__new": 42.97315746899319
                    },
                    "Visual Studio": {
                        "__old": 17.455648838613907,
                        "__new": 36.779929490936546
                    }
                }
            }
        ]
    ]
}