{
    "SLOC": {
        "__old": 255,
        "__new": 62
    },
    "PLOC": {
        "__old": 156,
        "__new": 39
    },
    "LLOC": {
        "__old": 44,
        "__new": 32
    },
    "CLOC": {
        "__old": 63,
        "__new": 8
    },
    "BLANK": {
        "__old": 36,
        "__new": 15
    },
    "CC": {
        "__old": 28,
        "__new": 15
    },
    "COGNITIVE_SUM": {
        "__old": 16,
        "__new": 5
    },
    "COGNITIVE_AVG": {
        "__old": 1.7777777777777777,
        "__new": 0.7142857142857143
    },
    "NARGS_SUM": {
        "__old": 12,
        "__new": 7
    },
    "NARGS_AVG": {
        "__old": 1.3333333333333333,
        "__new": 1
    },
    "NOM": {
        "functions": {
            "__old": 9,
            "__new": 7
        },
        "total": {
            "__old": 9,
            "__new": 7
        }
    },
    "HALSTEAD": {
        "n1": {
            "__old": 25,
            "__new": 16
        },
        "n2": {
            "__old": 67,
            "__new": 46
        },
        "N1": {
            "__old": 506,
            "__new": 81
        },
        "N2": {
            "__old": 363,
            "__new": 126
        },
        "Vocabulary": {
            "__old": 92,
            "__new": 62
        },
        "Length": {
            "__old": 869,
            "__new": 207
        },
        "Volume": {
            "__old": 5668.975339813544,
            "__new": 1232.518636250083
        },
        "Difficulty": {
            "__old": 67.72388059701493,
            "__new": 21.91304347826087
        },
        "Level": {
            "__old": 0.014765840220385676,
            "__new": 0.04563492063492063
        },
        "Effort": {
            "__old": 383925.0090209546,
            "__new": 27008.234463914865
        },
        "Programming time": {
            "__old": 21329.167167830812,
            "__new": 1500.4574702174925
        },
        "Bugs": {
            "__old": 1.7607985856908024,
            "__new": 0.3000609929289894
        },
        "Estimated program length": {
            "__old": 522.5243805050388,
            "__new": 318.0838499786226
        },
        "Purity ratio": {
            "__old": 0.6012938786018859,
            "__new": 1.5366369564184665
        }
    },
    "MI": {
        "Original": {
            "__old": 29.84915951402978,
            "__new": 63.6829848245098
        },
        "Sei": {
            "__old": 5.021060152791847,
            "__new": 44.111884448118616
        },
        "Visual Studio": {
            "__old": 17.455648838613907,
            "__new": 37.241511593280585
        }
    },
    "files": [
        [
            "~",
            {
                "filename": {
                    "__old": "Assets/C/spectralnorm.c",
                    "__new": "Assets/Python/spectralnorm.py"
                },
                "SLOC": {
                    "__old": 255,
                    "__new": 62
                },
                "PLOC": {
                    "__old": 156,
                    "__new": 39
                },
                "LLOC": {
                    "__old": 44,
                    "__new": 32
                },
                "CLOC": {
                    "__old": 63,
                    "__new": 8
                },
                "BLANK": {
                    "__old": 36,
                    "__new": 15
                },
                "CC": {
                    "__old": 28,
                    "__new": 15
                },
                "COGNITIVE_SUM": {
                    "__old": 16,
                    "__new": 5
                },
                "COGNITIVE_AVG": {
                    "__old": 1.7777777777777777,
                    "__new": 0.7142857142857143
                },
                "NARGS_SUM": {
                    "__old": 12,
                    "__new": 7
                },
                "NARGS_AVG": {
                    "__old": 1.3333333333333333,
                    "__new": 1
                },
                "NOM": {
                    "functions": {
                        "__old": 9,
                        "__new": 7
                    },
                    "total": {
                        "__old": 9,
                        "__new": 7
                    }
                },
                "Halstead": {
                    "n1": {
                        "__old": 25,
                        "__new": 16
                    },
                    "n2": {
                        "__old": 67,
                        "__new": 46
                    },
                    "N1": {
                        "__old": 506,
                        "__new": 81
                    },
                    "N2": {
                        "__old": 363,
                        "__new": 126
                    },
                    "Vocabulary": {
                        "__old": 92,
                        "__new": 62
                    },
                    "Length": {
                        "__old": 869,
                        "__new": 207
                    },
                    "Volume": {
                        "__old": 5668.975339813544,
                        "__new": 1232.518636250083
                    },
                    "Difficulty": {
                        "__old": 67.72388059701493,
                        "__new": 21.91304347826087
                    },
                    "Level": {
                        "__old": 0.014765840220385676,
                        "__new": 0.04563492063492063
                    },
                    "Effort": {
                        "__old": 383925.0090209546,
                        "__new": 27008.234463914865
                    },
                    "Programming time": {
                        "__old": 21329.167167830812,
                        "__new": 1500.4574702174925
                    },
                    "Bugs": {
                        "__old": 1.7607985856908024,
                        "__new": 0.3000609929289894
                    },
                    "Estimated program length": {
                        "__old": 522.5243805050388,
                        "__new": 318.0838499786226
                    },
                    "Purity ratio": {
                        "__old": 0.6012938786018859,
                        "__new": 1.5366369564184665
                    }
                },
                "Mi": {
                    "Original": {
                        "__old": 29.84915951402978,
                        "__new": 63.6829848245098
                    },
                    "Sei": {
                        "__old": 5.021060152791847,
                        "__new": 44.111884448118616
                    },
                    "Visual Studio": {
                        "__old": 17.455648838613907,
                        "__new": 37.241511593280585
                    }
                }
            }
        ]
    ]
}